block,sae_seed,region_source,threshold,step_index,method,score,label,n,auc,ci025,ci975
11,42,attn,0.3,1,pre,rho_a,a_present,1682,0.6129533256931006,nan,nan
11,42,attn,0.3,1,pre,rho_b,b_present,1687,0.459315025745046,nan,nan
11,42,attn,0.3,1,pre,metric_leak_a_to_b,leak_a_to_b_label,1687,0.4698558689922046,nan,nan
11,42,attn,0.3,1,pre,metric_leak_b_to_a,leak_b_to_a_label,1682,0.6106472576790815,nan,nan
11,42,attn,0.3,1,raw,rho_a,a_present,1682,0.5369016977599088,nan,nan
11,42,attn,0.3,1,raw,rho_b,b_present,1687,0.4796997711551464,nan,nan
11,42,attn,0.3,1,raw,metric_leak_a_to_b,leak_a_to_b_label,1687,0.4705662423120782,nan,nan
11,42,attn,0.3,1,raw,metric_leak_b_to_a,leak_b_to_a_label,1682,0.6144285131433235,nan,nan
11,42,attn,0.3,1,topk,rho_a,a_present,1682,0.6125650515715708,nan,nan
11,42,attn,0.3,1,topk,rho_b,b_present,1687,0.46177250741145265,nan,nan
11,42,attn,0.3,1,topk,metric_leak_a_to_b,leak_a_to_b_label,1687,0.45862075411736114,nan,nan
11,42,attn,0.3,1,topk,metric_leak_b_to_a,leak_b_to_a_label,1682,0.6015911872705019,nan,nan
11,42,attn,0.3,4,pre,rho_a,a_present,1721,0.5332524618238904,nan,nan
11,42,attn,0.3,4,pre,rho_b,b_present,1767,0.46831095660513067,nan,nan
11,42,attn,0.3,4,pre,metric_leak_a_to_b,leak_a_to_b_label,1767,0.6245881770539936,nan,nan
11,42,attn,0.3,4,pre,metric_leak_b_to_a,leak_b_to_a_label,1721,0.6154998494429389,nan,nan
11,42,attn,0.3,4,raw,rho_a,a_present,1721,0.5064043099757386,nan,nan
11,42,attn,0.3,4,raw,rho_b,b_present,1767,0.44446175976983937,nan,nan
11,42,attn,0.3,4,raw,metric_leak_a_to_b,leak_a_to_b_label,1767,0.5476348986872877,nan,nan
11,42,attn,0.3,4,raw,metric_leak_b_to_a,leak_b_to_a_label,1721,0.6320686540198736,nan,nan
11,42,attn,0.3,4,topk,rho_a,a_present,1721,0.5300889586603872,nan,nan
11,42,attn,0.3,4,topk,rho_b,b_present,1767,0.4584901702229681,nan,nan
11,42,attn,0.3,4,topk,metric_leak_a_to_b,leak_a_to_b_label,1767,0.6059558559942644,nan,nan
11,42,attn,0.3,4,topk,metric_leak_b_to_a,leak_b_to_a_label,1721,0.617163504968383,nan,nan
11,42,attn,0.3,8,pre,rho_a,a_present,1776,0.5472794443623467,nan,nan
11,42,attn,0.3,8,pre,rho_b,b_present,1814,0.5197616772094242,nan,nan
11,42,attn,0.3,8,pre,metric_leak_a_to_b,leak_a_to_b_label,1814,0.603143358972806,nan,nan
11,42,attn,0.3,8,pre,metric_leak_b_to_a,leak_b_to_a_label,1776,0.6440910218253968,nan,nan
11,42,attn,0.3,8,raw,rho_a,a_present,1776,0.5397901581202896,nan,nan
11,42,attn,0.3,8,raw,rho_b,b_present,1814,0.45792113228896636,nan,nan
11,42,attn,0.3,8,raw,metric_leak_a_to_b,leak_a_to_b_label,1814,0.5501635273454061,nan,nan
11,42,attn,0.3,8,raw,metric_leak_b_to_a,leak_b_to_a_label,1776,0.6138826884920635,nan,nan
11,42,attn,0.3,8,topk,rho_a,a_present,1776,0.5241731934387469,nan,nan
11,42,attn,0.3,8,topk,rho_b,b_present,1814,0.5082994249695544,nan,nan
11,42,attn,0.3,8,topk,metric_leak_a_to_b,leak_a_to_b_label,1814,0.5943007691841803,nan,nan
11,42,attn,0.3,8,topk,metric_leak_b_to_a,leak_b_to_a_label,1776,0.639093501984127,nan,nan
11,42,attn,0.1,1,pre,rho_a,a_present,1682,0.6129533256931006,nan,nan
11,42,attn,0.1,1,pre,rho_b,b_present,1687,0.459315025745046,nan,nan
11,42,attn,0.1,1,pre,metric_leak_a_to_b,leak_a_to_b_label,1669,0.46392181326679144,nan,nan
11,42,attn,0.1,1,pre,metric_leak_b_to_a,leak_b_to_a_label,1682,0.6106472576790815,nan,nan
11,42,attn,0.1,1,raw,rho_a,a_present,1682,0.5369016977599088,nan,nan
11,42,attn,0.1,1,raw,rho_b,b_present,1687,0.4796997711551464,nan,nan
11,42,attn,0.1,1,raw,metric_leak_a_to_b,leak_a_to_b_label,1669,0.4659917956861188,nan,nan
11,42,attn,0.1,1,raw,metric_leak_b_to_a,leak_b_to_a_label,1682,0.6144285131433235,nan,nan
11,42,attn,0.1,1,topk,rho_a,a_present,1682,0.6125650515715708,nan,nan
11,42,attn,0.1,1,topk,rho_b,b_present,1687,0.46177250741145265,nan,nan
11,42,attn,0.1,1,topk,metric_leak_a_to_b,leak_a_to_b_label,1669,0.45255108792226695,nan,nan
11,42,attn,0.1,1,topk,metric_leak_b_to_a,leak_b_to_a_label,1682,0.6015911872705019,nan,nan
11,42,attn,0.1,4,pre,rho_a,a_present,1721,0.5332524618238904,nan,nan
11,42,attn,0.1,4,pre,rho_b,b_present,1767,0.46831095660513067,nan,nan
11,42,attn,0.1,4,pre,metric_leak_a_to_b,leak_a_to_b_label,1752,0.6217933813841742,nan,nan
11,42,attn,0.1,4,pre,metric_leak_b_to_a,leak_b_to_a_label,1721,0.6154998494429389,nan,nan
11,42,attn,0.1,4,raw,rho_a,a_present,1721,0.5064043099757386,nan,nan
11,42,attn,0.1,4,raw,rho_b,b_present,1767,0.44446175976983937,nan,nan
11,42,attn,0.1,4,raw,metric_leak_a_to_b,leak_a_to_b_label,1752,0.5450584274113686,nan,nan
11,42,attn,0.1,4,raw,metric_leak_b_to_a,leak_b_to_a_label,1721,0.6320686540198736,nan,nan
11,42,attn,0.1,4,topk,rho_a,a_present,1721,0.5300889586603872,nan,nan
11,42,attn,0.1,4,topk,rho_b,b_present,1767,0.4584901702229681,nan,nan
11,42,attn,0.1,4,topk,metric_leak_a_to_b,leak_a_to_b_label,1752,0.603244723449327,nan,nan
11,42,attn,0.1,4,topk,metric_leak_b_to_a,leak_b_to_a_label,1721,0.617163504968383,nan,nan
11,42,attn,0.1,8,pre,rho_a,a_present,1776,0.5472794443623467,nan,nan
11,42,attn,0.1,8,pre,rho_b,b_present,1814,0.5197616772094242,nan,nan
11,42,attn,0.1,8,pre,metric_leak_a_to_b,leak_a_to_b_label,1794,0.6011273819006189,nan,nan
11,42,attn,0.1,8,pre,metric_leak_b_to_a,leak_b_to_a_label,1776,0.6440910218253968,nan,nan
11,42,attn,0.1,8,raw,rho_a,a_present,1776,0.5397901581202896,nan,nan
11,42,attn,0.1,8,raw,rho_b,b_present,1814,0.45792113228896636,nan,nan
11,42,attn,0.1,8,raw,metric_leak_a_to_b,leak_a_to_b_label,1794,0.5482736964646774,nan,nan
11,42,attn,0.1,8,raw,metric_leak_b_to_a,leak_b_to_a_label,1776,0.6138826884920635,nan,nan
11,42,attn,0.1,8,topk,rho_a,a_present,1776,0.5241731934387469,nan,nan
11,42,attn,0.1,8,topk,rho_b,b_present,1814,0.5082994249695544,nan,nan
11,42,attn,0.1,8,topk,metric_leak_a_to_b,leak_a_to_b_label,1794,0.5925724526683414,nan,nan
11,42,attn,0.1,8,topk,metric_leak_b_to_a,leak_b_to_a_label,1776,0.639093501984127,nan,nan
11,42,attn,0.5,1,pre,rho_a,a_present,1682,0.6129533256931006,nan,nan
11,42,attn,0.5,1,pre,rho_b,b_present,1687,0.459315025745046,nan,nan
11,42,attn,0.5,1,pre,metric_leak_a_to_b,leak_a_to_b_label,1687,0.4698558689922046,nan,nan
11,42,attn,0.5,1,pre,metric_leak_b_to_a,leak_b_to_a_label,1682,0.6106472576790815,nan,nan
11,42,attn,0.5,1,raw,rho_a,a_present,1682,0.5369016977599088,nan,nan
11,42,attn,0.5,1,raw,rho_b,b_present,1687,0.4796997711551464,nan,nan
11,42,attn,0.5,1,raw,metric_leak_a_to_b,leak_a_to_b_label,1687,0.4705662423120782,nan,nan
11,42,attn,0.5,1,raw,metric_leak_b_to_a,leak_b_to_a_label,1682,0.6144285131433235,nan,nan
11,42,attn,0.5,1,topk,rho_a,a_present,1682,0.6125650515715708,nan,nan
11,42,attn,0.5,1,topk,rho_b,b_present,1687,0.46177250741145265,nan,nan
11,42,attn,0.5,1,topk,metric_leak_a_to_b,leak_a_to_b_label,1687,0.45862075411736114,nan,nan
11,42,attn,0.5,1,topk,metric_leak_b_to_a,leak_b_to_a_label,1682,0.6015911872705019,nan,nan
11,42,attn,0.5,4,pre,rho_a,a_present,1721,0.5332524618238904,nan,nan
11,42,attn,0.5,4,pre,rho_b,b_present,1767,0.46831095660513067,nan,nan
11,42,attn,0.5,4,pre,metric_leak_a_to_b,leak_a_to_b_label,1767,0.6245881770539936,nan,nan
11,42,attn,0.5,4,pre,metric_leak_b_to_a,leak_b_to_a_label,1721,0.6154998494429389,nan,nan
11,42,attn,0.5,4,raw,rho_a,a_present,1721,0.5064043099757386,nan,nan
11,42,attn,0.5,4,raw,rho_b,b_present,1767,0.44446175976983937,nan,nan
11,42,attn,0.5,4,raw,metric_leak_a_to_b,leak_a_to_b_label,1767,0.5476348986872877,nan,nan
11,42,attn,0.5,4,raw,metric_leak_b_to_a,leak_b_to_a_label,1721,0.6320686540198736,nan,nan
11,42,attn,0.5,4,topk,rho_a,a_present,1721,0.5300889586603872,nan,nan
11,42,attn,0.5,4,topk,rho_b,b_present,1767,0.4584901702229681,nan,nan
11,42,attn,0.5,4,topk,metric_leak_a_to_b,leak_a_to_b_label,1767,0.6059558559942644,nan,nan
11,42,attn,0.5,4,topk,metric_leak_b_to_a,leak_b_to_a_label,1721,0.617163504968383,nan,nan
11,42,attn,0.5,8,pre,rho_a,a_present,1776,0.5472794443623467,nan,nan
11,42,attn,0.5,8,pre,rho_b,b_present,1814,0.5197616772094242,nan,nan
11,42,attn,0.5,8,pre,metric_leak_a_to_b,leak_a_to_b_label,1814,0.603143358972806,nan,nan
11,42,attn,0.5,8,pre,metric_leak_b_to_a,leak_b_to_a_label,1776,0.6440910218253968,nan,nan
11,42,attn,0.5,8,raw,rho_a,a_present,1776,0.5397901581202896,nan,nan
11,42,attn,0.5,8,raw,rho_b,b_present,1814,0.45792113228896636,nan,nan
11,42,attn,0.5,8,raw,metric_leak_a_to_b,leak_a_to_b_label,1814,0.5501635273454061,nan,nan
11,42,attn,0.5,8,raw,metric_leak_b_to_a,leak_b_to_a_label,1776,0.6138826884920635,nan,nan
11,42,attn,0.5,8,topk,rho_a,a_present,1776,0.5241731934387469,nan,nan
11,42,attn,0.5,8,topk,rho_b,b_present,1814,0.5082994249695544,nan,nan
11,42,attn,0.5,8,topk,metric_leak_a_to_b,leak_a_to_b_label,1814,0.5943007691841803,nan,nan
11,42,attn,0.5,8,topk,metric_leak_b_to_a,leak_b_to_a_label,1776,0.639093501984127,nan,nan
11,42,none,0.3,1,pre,rho_a,a_present,1963,0.5936296109782199,nan,nan
11,42,none,0.3,1,pre,rho_b,b_present,1963,0.5179189782924377,nan,nan
11,42,none,0.3,1,pre,metric_leak_a_to_b,leak_a_to_b_label,1963,0.48741989233529864,nan,nan
11,42,none,0.3,1,pre,metric_leak_b_to_a,leak_b_to_a_label,1963,0.589331526461704,nan,nan
11,42,none,0.3,1,raw,rho_a,a_present,1963,0.5789668051533845,nan,nan
11,42,none,0.3,1,raw,rho_b,b_present,1963,0.5650901068622706,nan,nan
11,42,none,0.3,1,raw,metric_leak_a_to_b,leak_a_to_b_label,1963,0.45178159446295824,nan,nan
11,42,none,0.3,1,raw,metric_leak_b_to_a,leak_b_to_a_label,1963,0.5704679935449166,nan,nan
11,42,none,0.3,1,topk,rho_a,a_present,1963,0.6005581434386672,nan,nan
11,42,none,0.3,1,topk,rho_b,b_present,1963,0.5221194660609897,nan,nan
11,42,none,0.3,1,topk,metric_leak_a_to_b,leak_a_to_b_label,1963,0.49072032812099464,nan,nan
11,42,none,0.3,1,topk,metric_leak_b_to_a,leak_b_to_a_label,1963,0.5898022096246949,nan,nan
11,42,none,0.3,4,pre,rho_a,a_present,1963,0.5986109362541441,nan,nan
11,42,none,0.3,4,pre,rho_b,b_present,1963,0.5767025356517854,nan,nan
11,42,none,0.3,4,pre,metric_leak_a_to_b,leak_a_to_b_label,1963,0.4788643937451935,nan,nan
11,42,none,0.3,4,pre,metric_leak_b_to_a,leak_b_to_a_label,1963,0.5406753010303306,nan,nan
11,42,none,0.3,4,raw,rho_a,a_present,1963,0.5724159637416594,nan,nan
11,42,none,0.3,4,raw,rho_b,b_present,1963,0.5783082622779908,nan,nan
11,42,none,0.3,4,raw,metric_leak_a_to_b,leak_a_to_b_label,1963,0.44170084593693926,nan,nan
11,42,none,0.3,4,raw,metric_leak_b_to_a,leak_b_to_a_label,1963,0.6212603964083254,nan,nan
11,42,none,0.3,4,topk,rho_a,a_present,1963,0.6004951949305468,nan,nan
11,42,none,0.3,4,topk,rho_b,b_present,1963,0.5677104665450348,nan,nan
11,42,none,0.3,4,topk,metric_leak_a_to_b,leak_a_to_b_label,1963,0.4843053063317098,nan,nan
11,42,none,0.3,4,topk,metric_leak_b_to_a,leak_b_to_a_label,1963,0.5375718955600612,nan,nan
11,42,none,0.3,8,pre,rho_a,a_present,1943,0.5608275001495688,nan,nan
11,42,none,0.3,8,pre,rho_b,b_present,1937,0.5851668290074294,nan,nan
11,42,none,0.3,8,pre,metric_leak_a_to_b,leak_a_to_b_label,1943,0.4524744137841689,nan,nan
11,42,none,0.3,8,pre,metric_leak_b_to_a,leak_b_to_a_label,1937,0.6141756042815851,nan,nan
11,42,none,0.3,8,raw,rho_a,a_present,1963,0.5738511897268035,nan,nan
11,42,none,0.3,8,raw,rho_b,b_present,1963,0.5641918308076107,nan,nan
11,42,none,0.3,8,raw,metric_leak_a_to_b,leak_a_to_b_label,1963,0.4910407587798,nan,nan
11,42,none,0.3,8,raw,metric_leak_b_to_a,leak_b_to_a_label,1963,0.5708662639136012,nan,nan
11,42,none,0.3,8,topk,rho_a,a_present,1959,0.5579635782478866,nan,nan
11,42,none,0.3,8,topk,rho_b,b_present,1961,0.580170545886629,nan,nan
11,42,none,0.3,8,topk,metric_leak_a_to_b,leak_a_to_b_label,1959,0.44268117245099803,nan,nan
11,42,none,0.3,8,topk,metric_leak_b_to_a,leak_b_to_a_label,1961,0.6017511702083592,nan,nan
11,42,none,0.1,1,pre,rho_a,a_present,1963,0.5936296109782199,nan,nan
11,42,none,0.1,1,pre,rho_b,b_present,1963,0.5179189782924377,nan,nan
11,42,none,0.1,1,pre,metric_leak_a_to_b,leak_a_to_b_label,1943,0.4834628837932375,nan,nan
11,42,none,0.1,1,pre,metric_leak_b_to_a,leak_b_to_a_label,1963,0.589331526461704,nan,nan
11,42,none,0.1,1,raw,rho_a,a_present,1963,0.5789668051533845,nan,nan
11,42,none,0.1,1,raw,rho_b,b_present,1963,0.5650901068622706,nan,nan
11,42,none,0.1,1,raw,metric_leak_a_to_b,leak_a_to_b_label,1943,0.4463078118927322,nan,nan
11,42,none,0.1,1,raw,metric_leak_b_to_a,leak_b_to_a_label,1963,0.5704679935449166,nan,nan
11,42,none,0.1,1,topk,rho_a,a_present,1963,0.6005581434386672,nan,nan
11,42,none,0.1,1,topk,rho_b,b_present,1963,0.5221194660609897,nan,nan
11,42,none,0.1,1,topk,metric_leak_a_to_b,leak_a_to_b_label,1943,0.4868052856587641,nan,nan
11,42,none,0.1,1,topk,metric_leak_b_to_a,leak_b_to_a_label,1963,0.5898022096246949,nan,nan
11,42,none,0.1,4,pre,rho_a,a_present,1963,0.5986109362541441,nan,nan
11,42,none,0.1,4,pre,rho_b,b_present,1963,0.5767025356517854,nan,nan
11,42,none,0.1,4,pre,metric_leak_a_to_b,leak_a_to_b_label,1943,0.4740186552662262,nan,nan
11,42,none,0.1,4,pre,metric_leak_b_to_a,leak_b_to_a_label,1963,0.5406753010303306,nan,nan
11,42,none,0.1,4,raw,rho_a,a_present,1963,0.5724159637416594,nan,nan
11,42,none,0.1,4,raw,rho_b,b_present,1963,0.5783082622779908,nan,nan
11,42,none,0.1,4,raw,metric_leak_a_to_b,leak_a_to_b_label,1943,0.4374659930042752,nan,nan
11,42,none,0.1,4,raw,metric_leak_b_to_a,leak_b_to_a_label,1963,0.6212603964083254,nan,nan
11,42,none,0.1,4,topk,rho_a,a_present,1963,0.6004951949305468,nan,nan
11,42,none,0.1,4,topk,rho_b,b_present,1963,0.5677104665450348,nan,nan
11,42,none,0.1,4,topk,metric_leak_a_to_b,leak_a_to_b_label,1943,0.47934965669128127,nan,nan
11,42,none,0.1,4,topk,metric_leak_b_to_a,leak_b_to_a_label,1963,0.5375718955600612,nan,nan
11,42,none,0.1,8,pre,rho_a,a_present,1943,0.5608275001495688,nan,nan
11,42,none,0.1,8,pre,rho_b,b_present,1937,0.5851668290074294,nan,nan
11,42,none,0.1,8,pre,metric_leak_a_to_b,leak_a_to_b_label,1923,0.4486314824515453,nan,nan
11,42,none,0.1,8,pre,metric_leak_b_to_a,leak_b_to_a_label,1937,0.6141756042815851,nan,nan
11,42,none,0.1,8,raw,rho_a,a_present,1963,0.5738511897268035,nan,nan
11,42,none,0.1,8,raw,rho_b,b_present,1963,0.5641918308076107,nan,nan
11,42,none,0.1,8,raw,metric_leak_a_to_b,leak_a_to_b_label,1943,0.4881267003497862,nan,nan
11,42,none,0.1,8,raw,metric_leak_b_to_a,leak_b_to_a_label,1963,0.5708662639136012,nan,nan
11,42,none,0.1,8,topk,rho_a,a_present,1959,0.5579635782478866,nan,nan
11,42,none,0.1,8,topk,rho_b,b_present,1961,0.580170545886629,nan,nan
11,42,none,0.1,8,topk,metric_leak_a_to_b,leak_a_to_b_label,1939,0.43826599501454094,nan,nan
11,42,none,0.1,8,topk,metric_leak_b_to_a,leak_b_to_a_label,1961,0.6017511702083592,nan,nan
11,42,none,0.5,1,pre,rho_a,a_present,1963,0.5936296109782199,nan,nan
11,42,none,0.5,1,pre,rho_b,b_present,1963,0.5179189782924377,nan,nan
11,42,none,0.5,1,pre,metric_leak_a_to_b,leak_a_to_b_label,1963,0.48741989233529864,nan,nan
11,42,none,0.5,1,pre,metric_leak_b_to_a,leak_b_to_a_label,1963,0.589331526461704,nan,nan
11,42,none,0.5,1,raw,rho_a,a_present,1963,0.5789668051533845,nan,nan
11,42,none,0.5,1,raw,rho_b,b_present,1963,0.5650901068622706,nan,nan
11,42,none,0.5,1,raw,metric_leak_a_to_b,leak_a_to_b_label,1963,0.45178159446295824,nan,nan
11,42,none,0.5,1,raw,metric_leak_b_to_a,leak_b_to_a_label,1963,0.5704679935449166,nan,nan
11,42,none,0.5,1,topk,rho_a,a_present,1963,0.6005581434386672,nan,nan
11,42,none,0.5,1,topk,rho_b,b_present,1963,0.5221194660609897,nan,nan
11,42,none,0.5,1,topk,metric_leak_a_to_b,leak_a_to_b_label,1963,0.49072032812099464,nan,nan
11,42,none,0.5,1,topk,metric_leak_b_to_a,leak_b_to_a_label,1963,0.5898022096246949,nan,nan
11,42,none,0.5,4,pre,rho_a,a_present,1963,0.5986109362541441,nan,nan
11,42,none,0.5,4,pre,rho_b,b_present,1963,0.5767025356517854,nan,nan
11,42,none,0.5,4,pre,metric_leak_a_to_b,leak_a_to_b_label,1963,0.4788643937451935,nan,nan
11,42,none,0.5,4,pre,metric_leak_b_to_a,leak_b_to_a_label,1963,0.5406753010303306,nan,nan
11,42,none,0.5,4,raw,rho_a,a_present,1963,0.5724159637416594,nan,nan
11,42,none,0.5,4,raw,rho_b,b_present,1963,0.5783082622779908,nan,nan
11,42,none,0.5,4,raw,metric_leak_a_to_b,leak_a_to_b_label,1963,0.44170084593693926,nan,nan
11,42,none,0.5,4,raw,metric_leak_b_to_a,leak_b_to_a_label,1963,0.6212603964083254,nan,nan
11,42,none,0.5,4,topk,rho_a,a_present,1963,0.6004951949305468,nan,nan
11,42,none,0.5,4,topk,rho_b,b_present,1963,0.5677104665450348,nan,nan
11,42,none,0.5,4,topk,metric_leak_a_to_b,leak_a_to_b_label,1963,0.4843053063317098,nan,nan
11,42,none,0.5,4,topk,metric_leak_b_to_a,leak_b_to_a_label,1963,0.5375718955600612,nan,nan
11,42,none,0.5,8,pre,rho_a,a_present,1943,0.5608275001495688,nan,nan
11,42,none,0.5,8,pre,rho_b,b_present,1937,0.5851668290074294,nan,nan
11,42,none,0.5,8,pre,metric_leak_a_to_b,leak_a_to_b_label,1943,0.4524744137841689,nan,nan
11,42,none,0.5,8,pre,metric_leak_b_to_a,leak_b_to_a_label,1937,0.6141756042815851,nan,nan
11,42,none,0.5,8,raw,rho_a,a_present,1963,0.5738511897268035,nan,nan
11,42,none,0.5,8,raw,rho_b,b_present,1963,0.5641918308076107,nan,nan
11,42,none,0.5,8,raw,metric_leak_a_to_b,leak_a_to_b_label,1963,0.4910407587798,nan,nan
11,42,none,0.5,8,raw,metric_leak_b_to_a,leak_b_to_a_label,1963,0.5708662639136012,nan,nan
11,42,none,0.5,8,topk,rho_a,a_present,1959,0.5579635782478866,nan,nan
11,42,none,0.5,8,topk,rho_b,b_present,1961,0.580170545886629,nan,nan
11,42,none,0.5,8,topk,metric_leak_a_to_b,leak_a_to_b_label,1959,0.44268117245099803,nan,nan
11,42,none,0.5,8,topk,metric_leak_b_to_a,leak_b_to_a_label,1961,0.6017511702083592,nan,nan
11,43,attn,0.3,1,pre,rho_a,a_present,1682,0.6149573211590609,nan,nan
11,43,attn,0.3,1,pre,rho_b,b_present,1687,0.46249414885317525,nan,nan
11,43,attn,0.3,1,pre,metric_leak_a_to_b,leak_a_to_b_label,1687,0.4345989194847924,nan,nan
11,43,attn,0.3,1,pre,metric_leak_b_to_a,leak_b_to_a_label,1682,0.6052558722387363,nan,nan
11,43,attn,0.3,1,raw,rho_a,a_present,1682,0.5369016977599088,nan,nan
11,43,attn,0.3,1,raw,rho_b,b_present,1687,0.4796997711551464,nan,nan
11,43,attn,0.3,1,raw,metric_leak_a_to_b,leak_a_to_b_label,1687,0.4705662423120782,nan,nan
11,43,attn,0.3,1,raw,metric_leak_b_to_a,leak_b_to_a_label,1682,0.6144285131433235,nan,nan
11,43,attn,0.3,1,topk,rho_a,a_present,1682,0.617405953119031,nan,nan
11,43,attn,0.3,1,topk,rho_b,b_present,1687,0.45966609455453267,nan,nan
11,43,attn,0.3,1,topk,metric_leak_a_to_b,leak_a_to_b_label,1687,0.44371226141738174,nan,nan
11,43,attn,0.3,1,topk,metric_leak_b_to_a,leak_b_to_a_label,1682,0.6107419712070875,nan,nan
11,43,attn,0.3,4,pre,rho_a,a_present,1721,0.5434030255458827,nan,nan
11,43,attn,0.3,4,pre,rho_b,b_present,1767,0.4676186765763606,nan,nan
11,43,attn,0.3,4,pre,metric_leak_a_to_b,leak_a_to_b_label,1767,0.6235468838019153,nan,nan
11,43,attn,0.3,4,pre,metric_leak_b_to_a,leak_b_to_a_label,1721,0.6217404396266185,nan,nan
11,43,attn,0.3,4,raw,rho_a,a_present,1721,0.5064043099757386,nan,nan
11,43,attn,0.3,4,raw,rho_b,b_present,1767,0.44446175976983937,nan,nan
11,43,attn,0.3,4,raw,metric_leak_a_to_b,leak_a_to_b_label,1767,0.5476348986872877,nan,nan
11,43,attn,0.3,4,raw,metric_leak_b_to_a,leak_b_to_a_label,1721,0.6320686540198736,nan,nan
11,43,attn,0.3,4,topk,rho_a,a_present,1721,0.5374565910280196,nan,nan
11,43,attn,0.3,4,topk,rho_b,b_present,1767,0.45734236394150085,nan,nan
11,43,attn,0.3,4,topk,metric_leak_a_to_b,leak_a_to_b_label,1767,0.6210119321964459,nan,nan
11,43,attn,0.3,4,topk,metric_leak_b_to_a,leak_b_to_a_label,1721,0.6039671785606745,nan,nan
11,43,attn,0.3,8,pre,rho_a,a_present,1776,0.5396305600709325,nan,nan
11,43,attn,0.3,8,pre,rho_b,b_present,1814,0.5302618162523614,nan,nan
11,43,attn,0.3,8,pre,metric_leak_a_to_b,leak_a_to_b_label,1814,0.5916207376900249,nan,nan
11,43,attn,0.3,8,pre,metric_leak_b_to_a,leak_b_to_a_label,1776,0.6648871527777778,nan,nan
11,43,attn,0.3,8,raw,rho_a,a_present,1776,0.5397901581202896,nan,nan
11,43,attn,0.3,8,raw,rho_b,b_present,1814,0.45792113228896636,nan,nan
11,43,attn,0.3,8,raw,metric_leak_a_to_b,leak_a_to_b_label,1814,0.5501635273454061,nan,nan
11,43,attn,0.3,8,raw,metric_leak_b_to_a,leak_b_to_a_label,1776,0.6138826884920635,nan,nan
11,43,attn,0.3,8,topk,rho_a,a_present,1776,0.5255327323777154,nan,nan
11,43,attn,0.3,8,topk,rho_b,b_present,1814,0.524099177569018,nan,nan
11,43,attn,0.3,8,topk,metric_leak_a_to_b,leak_a_to_b_label,1814,0.5608836533220277,nan,nan
11,43,attn,0.3,8,topk,metric_leak_b_to_a,leak_b_to_a_label,1776,0.6461433531746031,nan,nan
11,43,attn,0.1,1,pre,rho_a,a_present,1682,0.6149573211590609,nan,nan
11,43,attn,0.1,1,pre,rho_b,b_present,1687,0.46249414885317525,nan,nan
11,43,attn,0.1,1,pre,metric_leak_a_to_b,leak_a_to_b_label,1669,0.4283162252594567,nan,nan
11,43,attn,0.1,1,pre,metric_leak_b_to_a,leak_b_to_a_label,1682,0.6052558722387363,nan,nan
11,43,attn,0.1,1,raw,rho_a,a_present,1682,0.5369016977599088,nan,nan
11,43,attn,0.1,1,raw,rho_b,b_present,1687,0.4796997711551464,nan,nan
11,43,attn,0.1,1,raw,metric_leak_a_to_b,leak_a_to_b_label,1669,0.4659917956861188,nan,nan
11,43,attn,0.1,1,raw,metric_leak_b_to_a,leak_b_to_a_label,1682,0.6144285131433235,nan,nan
11,43,attn,0.1,1,topk,rho_a,a_present,1682,0.617405953119031,nan,nan
11,43,attn,0.1,1,topk,rho_b,b_present,1687,0.45966609455453267,nan,nan
11,43,attn,0.1,1,topk,metric_leak_a_to_b,leak_a_to_b_label,1669,0.43746573659237414,nan,nan
11,43,attn,0.1,1,topk,metric_leak_b_to_a,leak_b_to_a_label,1682,0.6107419712070875,nan,nan
11,43,attn,0.1,4,pre,rho_a,a_present,1721,0.5434030255458827,nan,nan
11,43,attn,0.1,4,pre,rho_b,b_present,1767,0.4676186765763606,nan,nan
11,43,attn,0.1,4,pre,metric_leak_a_to_b,leak_a_to_b_label,1752,0.6209753115123959,nan,nan
11,43,attn,0.1,4,pre,metric_leak_b_to_a,leak_b_to_a_label,1721,0.6217404396266185,nan,nan
11,43,attn,0.1,4,raw,rho_a,a_present,1721,0.5064043099757386,nan,nan
11,43,attn,0.1,4,raw,rho_b,b_present,1767,0.44446175976983937,nan,nan
11,43,attn,0.1,4,raw,metric_leak_a_to_b,leak_a_to_b_label,1752,0.5450584274113686,nan,nan
11,43,attn,0.1,4,raw,metric_leak_b_to_a,leak_b_to_a_label,1721,0.6320686540198736,nan,nan
11,43,attn,0.1,4,topk,rho_a,a_present,1721,0.5374565910280196,nan,nan
11,43,attn,0.1,4,topk,rho_b,b_present,1767,0.45734236394150085,nan,nan
11,43,attn,0.1,4,topk,metric_leak_a_to_b,leak_a_to_b_label,1752,0.6184091554935545,nan,nan
11,43,attn,0.1,4,topk,metric_leak_b_to_a,leak_b_to_a_label,1721,0.6039671785606745,nan,nan
11,43,attn,0.1,8,pre,rho_a,a_present,1776,0.5396305600709325,nan,nan
11,43,attn,0.1,8,pre,rho_b,b_present,1814,0.5302618162523614,nan,nan
11,43,attn,0.1,8,pre,metric_leak_a_to_b,leak_a_to_b_label,1794,0.5895625268059556,nan,nan
11,43,attn,0.1,8,pre,metric_leak_b_to_a,leak_b_to_a_label,1776,0.6648871527777778,nan,nan
11,43,attn,0.1,8,raw,rho_a,a_present,1776,0.5397901581202896,nan,nan
11,43,attn,0.1,8,raw,rho_b,b_present,1814,0.45792113228896636,nan,nan
11,43,attn,0.1,8,raw,metric_leak_a_to_b,leak_a_to_b_label,1794,0.5482736964646774,nan,nan
11,43,attn,0.1,8,raw,metric_leak_b_to_a,leak_b_to_a_label,1776,0.6138826884920635,nan,nan
11,43,attn,0.1,8,topk,rho_a,a_present,1776,0.5255327323777154,nan,nan
11,43,attn,0.1,8,topk,rho_b,b_present,1814,0.524099177569018,nan,nan
11,43,attn,0.1,8,topk,metric_leak_a_to_b,leak_a_to_b_label,1794,0.558842901782979,nan,nan
11,43,attn,0.1,8,topk,metric_leak_b_to_a,leak_b_to_a_label,1776,0.6461433531746031,nan,nan
11,43,attn,0.5,1,pre,rho_a,a_present,1682,0.6149573211590609,nan,nan
11,43,attn,0.5,1,pre,rho_b,b_present,1687,0.46249414885317525,nan,nan
11,43,attn,0.5,1,pre,metric_leak_a_to_b,leak_a_to_b_label,1687,0.4345989194847924,nan,nan
11,43,attn,0.5,1,pre,metric_leak_b_to_a,leak_b_to_a_label,1682,0.6052558722387363,nan,nan
11,43,attn,0.5,1,raw,rho_a,a_present,1682,0.5369016977599088,nan,nan
11,43,attn,0.5,1,raw,rho_b,b_present,1687,0.4796997711551464,nan,nan
11,43,attn,0.5,1,raw,metric_leak_a_to_b,leak_a_to_b_label,1687,0.4705662423120782,nan,nan
11,43,attn,0.5,1,raw,metric_leak_b_to_a,leak_b_to_a_label,1682,0.6144285131433235,nan,nan
11,43,attn,0.5,1,topk,rho_a,a_present,1682,0.617405953119031,nan,nan
11,43,attn,0.5,1,topk,rho_b,b_present,1687,0.45966609455453267,nan,nan
11,43,attn,0.5,1,topk,metric_leak_a_to_b,leak_a_to_b_label,1687,0.44371226141738174,nan,nan
11,43,attn,0.5,1,topk,metric_leak_b_to_a,leak_b_to_a_label,1682,0.6107419712070875,nan,nan
11,43,attn,0.5,4,pre,rho_a,a_present,1721,0.5434030255458827,nan,nan
11,43,attn,0.5,4,pre,rho_b,b_present,1767,0.4676186765763606,nan,nan
11,43,attn,0.5,4,pre,metric_leak_a_to_b,leak_a_to_b_label,1767,0.6235468838019153,nan,nan
11,43,attn,0.5,4,pre,metric_leak_b_to_a,leak_b_to_a_label,1721,0.6217404396266185,nan,nan
11,43,attn,0.5,4,raw,rho_a,a_present,1721,0.5064043099757386,nan,nan
11,43,attn,0.5,4,raw,rho_b,b_present,1767,0.44446175976983937,nan,nan
11,43,attn,0.5,4,raw,metric_leak_a_to_b,leak_a_to_b_label,1767,0.5476348986872877,nan,nan
11,43,attn,0.5,4,raw,metric_leak_b_to_a,leak_b_to_a_label,1721,0.6320686540198736,nan,nan
11,43,attn,0.5,4,topk,rho_a,a_present,1721,0.5374565910280196,nan,nan
11,43,attn,0.5,4,topk,rho_b,b_present,1767,0.45734236394150085,nan,nan
11,43,attn,0.5,4,topk,metric_leak_a_to_b,leak_a_to_b_label,1767,0.6210119321964459,nan,nan
11,43,attn,0.5,4,topk,metric_leak_b_to_a,leak_b_to_a_label,1721,0.6039671785606745,nan,nan
11,43,attn,0.5,8,pre,rho_a,a_present,1776,0.5396305600709325,nan,nan
11,43,attn,0.5,8,pre,rho_b,b_present,1814,0.5302618162523614,nan,nan
11,43,attn,0.5,8,pre,metric_leak_a_to_b,leak_a_to_b_label,1814,0.5916207376900249,nan,nan
11,43,attn,0.5,8,pre,metric_leak_b_to_a,leak_b_to_a_label,1776,0.6648871527777778,nan,nan
11,43,attn,0.5,8,raw,rho_a,a_present,1776,0.5397901581202896,nan,nan
11,43,attn,0.5,8,raw,rho_b,b_present,1814,0.45792113228896636,nan,nan
11,43,attn,0.5,8,raw,metric_leak_a_to_b,leak_a_to_b_label,1814,0.5501635273454061,nan,nan
11,43,attn,0.5,8,raw,metric_leak_b_to_a,leak_b_to_a_label,1776,0.6138826884920635,nan,nan
11,43,attn,0.5,8,topk,rho_a,a_present,1776,0.5255327323777154,nan,nan
11,43,attn,0.5,8,topk,rho_b,b_present,1814,0.524099177569018,nan,nan
11,43,attn,0.5,8,topk,metric_leak_a_to_b,leak_a_to_b_label,1814,0.5608836533220277,nan,nan
11,43,attn,0.5,8,topk,metric_leak_b_to_a,leak_b_to_a_label,1776,0.6461433531746031,nan,nan
11,43,none,0.3,1,pre,rho_a,a_present,1963,0.5932267405262496,nan,nan
11,43,none,0.3,1,pre,rho_b,b_present,1963,0.5242464720557024,nan,nan
11,43,none,0.3,1,pre,metric_leak_a_to_b,leak_a_to_b_label,1963,0.46213150474237374,nan,nan
11,43,none,0.3,1,pre,metric_leak_b_to_a,leak_b_to_a_label,1963,0.583248851739976,nan,nan
11,43,none,0.3,1,raw,rho_a,a_present,1963,0.5789668051533845,nan,nan
11,43,none,0.3,1,raw,rho_b,b_present,1963,0.5650901068622706,nan,nan
11,43,none,0.3,1,raw,metric_leak_a_to_b,leak_a_to_b_label,1963,0.45178159446295824,nan,nan
11,43,none,0.3,1,raw,metric_leak_b_to_a,leak_b_to_a_label,1963,0.5704679935449166,nan,nan
11,43,none,0.3,1,topk,rho_a,a_present,1963,0.5915313273742079,nan,nan
11,43,none,0.3,1,topk,rho_b,b_present,1963,0.5251284581300965,nan,nan
11,43,none,0.3,1,topk,metric_leak_a_to_b,leak_a_to_b_label,1963,0.48261343245321714,nan,nan
11,43,none,0.3,1,topk,metric_leak_b_to_a,leak_b_to_a_label,1963,0.5982279554764762,nan,nan
11,43,none,0.3,4,pre,rho_a,a_present,1963,0.6021654286793403,nan,nan
11,43,none,0.3,4,pre,rho_b,b_present,1963,0.5745359682764271,nan,nan
11,43,none,0.3,4,pre,metric_leak_a_to_b,leak_a_to_b_label,1963,0.476948218405537,nan,nan
11,43,none,0.3,4,pre,metric_leak_b_to_a,leak_b_to_a_label,1963,0.5354460628129267,nan,nan
11,43,none,0.3,4,raw,rho_a,a_present,1963,0.5724159637416594,nan,nan
11,43,none,0.3,4,raw,rho_b,b_present,1963,0.5783082622779908,nan,nan
11,43,none,0.3,4,raw,metric_leak_a_to_b,leak_a_to_b_label,1963,0.44170084593693926,nan,nan
11,43,none,0.3,4,raw,metric_leak_b_to_a,leak_b_to_a_label,1963,0.6212603964083254,nan,nan
11,43,none,0.3,4,topk,rho_a,a_present,1963,0.597200889672248,nan,nan
11,43,none,0.3,4,topk,rho_b,b_present,1963,0.5660744870983356,nan,nan
11,43,none,0.3,4,topk,metric_leak_a_to_b,leak_a_to_b_label,1963,0.4750961291976416,nan,nan
11,43,none,0.3,4,topk,metric_leak_b_to_a,leak_b_to_a_label,1963,0.511601564116357,nan,nan
11,43,none,0.3,8,pre,rho_a,a_present,1941,0.5652497561476462,nan,nan
11,43,none,0.3,8,pre,rho_b,b_present,1935,0.5966929269365355,nan,nan
11,43,none,0.3,8,pre,metric_leak_a_to_b,leak_a_to_b_label,1941,0.4412569546215,nan,nan
11,43,none,0.3,8,pre,metric_leak_b_to_a,leak_b_to_a_label,1935,0.6091597066180523,nan,nan
11,43,none,0.3,8,raw,rho_a,a_present,1963,0.5738511897268035,nan,nan
11,43,none,0.3,8,raw,rho_b,b_present,1963,0.5641918308076107,nan,nan
11,43,none,0.3,8,raw,metric_leak_a_to_b,leak_a_to_b_label,1963,0.4910407587798,nan,nan
11,43,none,0.3,8,raw,metric_leak_b_to_a,leak_b_to_a_label,1963,0.5708662639136012,nan,nan
11,43,none,0.3,8,topk,rho_a,a_present,1961,0.5643658362391295,nan,nan
11,43,none,0.3,8,topk,rho_b,b_present,1961,0.5841219915659002,nan,nan
11,43,none,0.3,8,topk,metric_leak_a_to_b,leak_a_to_b_label,1961,0.4401760396217458,nan,nan
11,43,none,0.3,8,topk,metric_leak_b_to_a,leak_b_to_a_label,1961,0.6048786297170788,nan,nan
11,43,none,0.1,1,pre,rho_a,a_present,1963,0.5932267405262496,nan,nan
11,43,none,0.1,1,pre,rho_b,b_present,1963,0.5242464720557024,nan,nan
11,43,none,0.1,1,pre,metric_leak_a_to_b,leak_a_to_b_label,1943,0.45725482575463144,nan,nan
11,43,none,0.1,1,pre,metric_leak_b_to_a,leak_b_to_a_label,1963,0.583248851739976,nan,nan
11,43,none,0.1,1,raw,rho_a,a_present,1963,0.5789668051533845,nan,nan
11,43,none,0.1,1,raw,rho_b,b_present,1963,0.5650901068622706,nan,nan
11,43,none,0.1,1,raw,metric_leak_a_to_b,leak_a_to_b_label,1943,0.4463078118927322,nan,nan
11,43,none,0.1,1,raw,metric_leak_b_to_a,leak_b_to_a_label,1963,0.5704679935449166,nan,nan
11,43,none,0.1,1,topk,rho_a,a_present,1963,0.5915313273742079,nan,nan
11,43,none,0.1,1,topk,rho_b,b_present,1963,0.5251284581300965,nan,nan
11,43,none,0.1,1,topk,metric_leak_a_to_b,leak_a_to_b_label,1943,0.47828086539707215,nan,nan
11,43,none,0.1,1,topk,metric_leak_b_to_a,leak_b_to_a_label,1963,0.5982279554764762,nan,nan
11,43,none,0.1,4,pre,rho_a,a_present,1963,0.6021654286793403,nan,nan
11,43,none,0.1,4,pre,rho_b,b_present,1963,0.5745359682764271,nan,nan
11,43,none,0.1,4,pre,metric_leak_a_to_b,leak_a_to_b_label,1943,0.47225029148853476,nan,nan
11,43,none,0.1,4,pre,metric_leak_b_to_a,leak_b_to_a_label,1963,0.5354460628129267,nan,nan
11,43,none,0.1,4,raw,rho_a,a_present,1963,0.5724159637416594,nan,nan
11,43,none,0.1,4,raw,rho_b,b_present,1963,0.5783082622779908,nan,nan
11,43,none,0.1,4,raw,metric_leak_a_to_b,leak_a_to_b_label,1943,0.4374659930042752,nan,nan
11,43,none,0.1,4,raw,metric_leak_b_to_a,leak_b_to_a_label,1963,0.6212603964083254,nan,nan
11,43,none,0.1,4,topk,rho_a,a_present,1963,0.597200889672248,nan,nan
11,43,none,0.1,4,topk,rho_b,b_present,1963,0.5660744870983356,nan,nan
11,43,none,0.1,4,topk,metric_leak_a_to_b,leak_a_to_b_label,1943,0.4702033942220495,nan,nan
11,43,none,0.1,4,topk,metric_leak_b_to_a,leak_b_to_a_label,1963,0.511601564116357,nan,nan
11,43,none,0.1,8,pre,rho_a,a_present,1941,0.5652497561476462,nan,nan
11,43,none,0.1,8,pre,rho_b,b_present,1935,0.5966929269365355,nan,nan
11,43,none,0.1,8,pre,metric_leak_a_to_b,leak_a_to_b_label,1921,0.4370321328840935,nan,nan
11,43,none,0.1,8,pre,metric_leak_b_to_a,leak_b_to_a_label,1935,0.6091597066180523,nan,nan
11,43,none,0.1,8,raw,rho_a,a_present,1963,0.5738511897268035,nan,nan
11,43,none,0.1,8,raw,rho_b,b_present,1963,0.5641918308076107,nan,nan
11,43,none,0.1,8,raw,metric_leak_a_to_b,leak_a_to_b_label,1943,0.4881267003497862,nan,nan
11,43,none,0.1,8,raw,metric_leak_b_to_a,leak_b_to_a_label,1963,0.5708662639136012,nan,nan
11,43,none,0.1,8,topk,rho_a,a_present,1961,0.5643658362391295,nan,nan
11,43,none,0.1,8,topk,rho_b,b_present,1961,0.5841219915659002,nan,nan
11,43,none,0.1,8,topk,metric_leak_a_to_b,leak_a_to_b_label,1941,0.4358034938462137,nan,nan
11,43,none,0.1,8,topk,metric_leak_b_to_a,leak_b_to_a_label,1961,0.6048786297170788,nan,nan
11,43,none,0.5,1,pre,rho_a,a_present,1963,0.5932267405262496,nan,nan
11,43,none,0.5,1,pre,rho_b,b_present,1963,0.5242464720557024,nan,nan
11,43,none,0.5,1,pre,metric_leak_a_to_b,leak_a_to_b_label,1963,0.46213150474237374,nan,nan
11,43,none,0.5,1,pre,metric_leak_b_to_a,leak_b_to_a_label,1963,0.583248851739976,nan,nan
11,43,none,0.5,1,raw,rho_a,a_present,1963,0.5789668051533845,nan,nan
11,43,none,0.5,1,raw,rho_b,b_present,1963,0.5650901068622706,nan,nan
11,43,none,0.5,1,raw,metric_leak_a_to_b,leak_a_to_b_label,1963,0.45178159446295824,nan,nan
11,43,none,0.5,1,raw,metric_leak_b_to_a,leak_b_to_a_label,1963,0.5704679935449166,nan,nan
11,43,none,0.5,1,topk,rho_a,a_present,1963,0.5915313273742079,nan,nan
11,43,none,0.5,1,topk,rho_b,b_present,1963,0.5251284581300965,nan,nan
11,43,none,0.5,1,topk,metric_leak_a_to_b,leak_a_to_b_label,1963,0.48261343245321714,nan,nan
11,43,none,0.5,1,topk,metric_leak_b_to_a,leak_b_to_a_label,1963,0.5982279554764762,nan,nan
11,43,none,0.5,4,pre,rho_a,a_present,1963,0.6021654286793403,nan,nan
11,43,none,0.5,4,pre,rho_b,b_present,1963,0.5745359682764271,nan,nan
11,43,none,0.5,4,pre,metric_leak_a_to_b,leak_a_to_b_label,1963,0.476948218405537,nan,nan
11,43,none,0.5,4,pre,metric_leak_b_to_a,leak_b_to_a_label,1963,0.5354460628129267,nan,nan
11,43,none,0.5,4,raw,rho_a,a_present,1963,0.5724159637416594,nan,nan
11,43,none,0.5,4,raw,rho_b,b_present,1963,0.5783082622779908,nan,nan
11,43,none,0.5,4,raw,metric_leak_a_to_b,leak_a_to_b_label,1963,0.44170084593693926,nan,nan
11,43,none,0.5,4,raw,metric_leak_b_to_a,leak_b_to_a_label,1963,0.6212603964083254,nan,nan
11,43,none,0.5,4,topk,rho_a,a_present,1963,0.597200889672248,nan,nan
11,43,none,0.5,4,topk,rho_b,b_present,1963,0.5660744870983356,nan,nan
11,43,none,0.5,4,topk,metric_leak_a_to_b,leak_a_to_b_label,1963,0.4750961291976416,nan,nan
11,43,none,0.5,4,topk,metric_leak_b_to_a,leak_b_to_a_label,1963,0.511601564116357,nan,nan
11,43,none,0.5,8,pre,rho_a,a_present,1941,0.5652497561476462,nan,nan
11,43,none,0.5,8,pre,rho_b,b_present,1935,0.5966929269365355,nan,nan
11,43,none,0.5,8,pre,metric_leak_a_to_b,leak_a_to_b_label,1941,0.4412569546215,nan,nan
11,43,none,0.5,8,pre,metric_leak_b_to_a,leak_b_to_a_label,1935,0.6091597066180523,nan,nan
11,43,none,0.5,8,raw,rho_a,a_present,1963,0.5738511897268035,nan,nan
11,43,none,0.5,8,raw,rho_b,b_present,1963,0.5641918308076107,nan,nan
11,43,none,0.5,8,raw,metric_leak_a_to_b,leak_a_to_b_label,1963,0.4910407587798,nan,nan
11,43,none,0.5,8,raw,metric_leak_b_to_a,leak_b_to_a_label,1963,0.5708662639136012,nan,nan
11,43,none,0.5,8,topk,rho_a,a_present,1961,0.5643658362391295,nan,nan
11,43,none,0.5,8,topk,rho_b,b_present,1961,0.5841219915659002,nan,nan
11,43,none,0.5,8,topk,metric_leak_a_to_b,leak_a_to_b_label,1961,0.4401760396217458,nan,nan
11,43,none,0.5,8,topk,metric_leak_b_to_a,leak_b_to_a_label,1961,0.6048786297170788,nan,nan
14,42,attn,0.3,1,pre,rho_a,a_present,1682,0.5281592675396571,nan,nan
14,42,attn,0.3,1,pre,rho_b,b_present,1687,0.42018060539865815,nan,nan
14,42,attn,0.3,1,pre,metric_leak_a_to_b,leak_a_to_b_label,1687,0.5056923335763558,nan,nan
14,42,attn,0.3,1,pre,metric_leak_b_to_a,leak_b_to_a_label,1682,0.587391443725593,nan,nan
14,42,attn,0.3,1,raw,rho_a,a_present,1682,0.62168323094169,nan,nan
14,42,attn,0.3,1,raw,rho_b,b_present,1687,0.502974332969262,nan,nan
14,42,attn,0.3,1,raw,metric_leak_a_to_b,leak_a_to_b_label,1687,0.5105247415549699,nan,nan
14,42,attn,0.3,1,raw,metric_leak_b_to_a,leak_b_to_a_label,1682,0.6059042956227779,nan,nan
14,42,attn,0.3,1,topk,rho_a,a_present,1682,0.5381228824969784,nan,nan
14,42,attn,0.3,1,topk,rho_b,b_present,1687,0.42092500130025484,nan,nan
14,42,attn,0.3,1,topk,metric_leak_a_to_b,leak_a_to_b_label,1687,0.5242368160320042,nan,nan
14,42,attn,0.3,1,topk,metric_leak_b_to_a,leak_b_to_a_label,1682,0.5924549746459171,nan,nan
14,42,attn,0.3,4,pre,rho_a,a_present,1721,0.5094607773179202,nan,nan
14,42,attn,0.3,4,pre,rho_b,b_present,1767,0.49001438503955885,nan,nan
14,42,attn,0.3,4,pre,metric_leak_a_to_b,leak_a_to_b_label,1767,0.6277547327631826,nan,nan
14,42,attn,0.3,4,pre,metric_leak_b_to_a,leak_b_to_a_label,1721,0.6264378199337549,nan,nan
14,42,attn,0.3,4,raw,rho_a,a_present,1721,0.5615634365634365,nan,nan
14,42,attn,0.3,4,raw,rho_b,b_present,1767,0.47665427954926876,nan,nan
14,42,attn,0.3,4,raw,metric_leak_a_to_b,leak_a_to_b_label,1767,0.5688192417336679,nan,nan
14,42,attn,0.3,4,raw,metric_leak_b_to_a,leak_b_to_a_label,1721,0.6505269497139415,nan,nan
14,42,attn,0.3,4,topk,rho_a,a_present,1721,0.5089077589077589,nan,nan
14,42,attn,0.3,4,topk,rho_b,b_present,1767,0.48630124670342845,nan,nan
14,42,attn,0.3,4,topk,metric_leak_a_to_b,leak_a_to_b_label,1767,0.6042488178761032,nan,nan
14,42,attn,0.3,4,topk,metric_leak_b_to_a,leak_b_to_a_label,1721,0.6204531767539898,nan,nan
14,42,attn,0.3,8,pre,rho_a,a_present,1773,0.5181083897863471,nan,nan
14,42,attn,0.3,8,pre,rho_b,b_present,1804,0.5335758371043635,nan,nan
14,42,attn,0.3,8,pre,metric_leak_a_to_b,leak_a_to_b_label,1811,0.6077127256180798,nan,nan
14,42,attn,0.3,8,pre,metric_leak_b_to_a,leak_b_to_a_label,1767,0.6450790444843407,nan,nan
14,42,attn,0.3,8,raw,rho_a,a_present,1776,0.5056066203635289,nan,nan
14,42,attn,0.3,8,raw,rho_b,b_present,1814,0.5307412746561484,nan,nan
14,42,attn,0.3,8,raw,metric_leak_a_to_b,leak_a_to_b_label,1814,0.5398673611531706,nan,nan
14,42,attn,0.3,8,raw,metric_leak_b_to_a,leak_b_to_a_label,1776,0.6082217261904762,nan,nan
14,42,attn,0.3,8,topk,rho_a,a_present,1776,0.515235702674745,nan,nan
14,42,attn,0.3,8,topk,rho_b,b_present,1810,0.526360143680647,nan,nan
14,42,attn,0.3,8,topk,metric_leak_a_to_b,leak_a_to_b_label,1814,0.5900952395372782,nan,nan
14,42,attn,0.3,8,topk,metric_leak_b_to_a,leak_b_to_a_label,1773,0.6393361160803022,nan,nan
14,42,attn,0.1,1,pre,rho_a,a_present,1682,0.5281592675396571,nan,nan
14,42,attn,0.1,1,pre,rho_b,b_present,1687,0.42018060539865815,nan,nan
14,42,attn,0.1,1,pre,metric_leak_a_to_b,leak_a_to_b_label,1669,0.500812869808503,nan,nan
14,42,attn,0.1,1,pre,metric_leak_b_to_a,leak_b_to_a_label,1682,0.587391443725593,nan,nan
14,42,attn,0.1,1,raw,rho_a,a_present,1682,0.62168323094169,nan,nan
14,42,attn,0.1,1,raw,rho_b,b_present,1687,0.502974332969262,nan,nan
14,42,attn,0.1,1,raw,metric_leak_a_to_b,leak_a_to_b_label,1669,0.5055388570672413,nan,nan
14,42,attn,0.1,1,raw,metric_leak_b_to_a,leak_b_to_a_label,1682,0.6059042956227779,nan,nan
14,42,attn,0.1,1,topk,rho_a,a_present,1682,0.5381228824969784,nan,nan
14,42,attn,0.1,1,topk,rho_b,b_present,1687,0.42092500130025484,nan,nan
14,42,attn,0.1,1,topk,metric_leak_a_to_b,leak_a_to_b_label,1669,0.5196317510727991,nan,nan
14,42,attn,0.1,1,topk,metric_leak_b_to_a,leak_b_to_a_label,1682,0.5924549746459171,nan,nan
14,42,attn,0.1,4,pre,rho_a,a_present,1721,0.5094607773179202,nan,nan
14,42,attn,0.1,4,pre,rho_b,b_present,1767,0.49001438503955885,nan,nan
14,42,attn,0.1,4,pre,metric_leak_a_to_b,leak_a_to_b_label,1752,0.6262712375244345,nan,nan
14,42,attn,0.1,4,pre,metric_leak_b_to_a,leak_b_to_a_label,1721,0.6264378199337549,nan,nan
14,42,attn,0.1,4,raw,rho_a,a_present,1721,0.5615634365634365,nan,nan
14,42,attn,0.1,4,raw,rho_b,b_present,1767,0.47665427954926876,nan,nan
14,42,attn,0.1,4,raw,metric_leak_a_to_b,leak_a_to_b_label,1752,0.5655790643002919,nan,nan
14,42,attn,0.1,4,raw,metric_leak_b_to_a,leak_b_to_a_label,1721,0.6505269497139415,nan,nan
14,42,attn,0.1,4,topk,rho_a,a_present,1721,0.5089077589077589,nan,nan
14,42,attn,0.1,4,topk,rho_b,b_present,1767,0.48630124670342845,nan,nan
14,42,attn,0.1,4,topk,metric_leak_a_to_b,leak_a_to_b_label,1752,0.6026074900755207,nan,nan
14,42,attn,0.1,4,topk,metric_leak_b_to_a,leak_b_to_a_label,1721,0.6204531767539898,nan,nan
14,42,attn,0.1,8,pre,rho_a,a_present,1773,0.5181083897863471,nan,nan
14,42,attn,0.1,8,pre,rho_b,b_present,1804,0.5335758371043635,nan,nan
14,42,attn,0.1,8,pre,metric_leak_a_to_b,leak_a_to_b_label,1791,0.607250268528464,nan,nan
14,42,attn,0.1,8,pre,metric_leak_b_to_a,leak_b_to_a_label,1767,0.6450790444843407,nan,nan
14,42,attn,0.1,8,raw,rho_a,a_present,1776,0.5056066203635289,nan,nan
14,42,attn,0.1,8,raw,rho_b,b_present,1814,0.5307412746561484,nan,nan
14,42,attn,0.1,8,raw,metric_leak_a_to_b,leak_a_to_b_label,1794,0.5388609766558422,nan,nan
14,42,attn,0.1,8,raw,metric_leak_b_to_a,leak_b_to_a_label,1776,0.6082217261904762,nan,nan
14,42,attn,0.1,8,topk,rho_a,a_present,1776,0.515235702674745,nan,nan
14,42,attn,0.1,8,topk,rho_b,b_present,1810,0.526360143680647,nan,nan
14,42,attn,0.1,8,topk,metric_leak_a_to_b,leak_a_to_b_label,1794,0.5902250168494577,nan,nan
14,42,attn,0.1,8,topk,metric_leak_b_to_a,leak_b_to_a_label,1773,0.6393361160803022,nan,nan
14,42,attn,0.5,1,pre,rho_a,a_present,1682,0.5281592675396571,nan,nan
14,42,attn,0.5,1,pre,rho_b,b_present,1687,0.42018060539865815,nan,nan
14,42,attn,0.5,1,pre,metric_leak_a_to_b,leak_a_to_b_label,1687,0.5056923335763558,nan,nan
14,42,attn,0.5,1,pre,metric_leak_b_to_a,leak_b_to_a_label,1682,0.587391443725593,nan,nan
14,42,attn,0.5,1,raw,rho_a,a_present,1682,0.62168323094169,nan,nan
14,42,attn,0.5,1,raw,rho_b,b_present,1687,0.502974332969262,nan,nan
14,42,attn,0.5,1,raw,metric_leak_a_to_b,leak_a_to_b_label,1687,0.5105247415549699,nan,nan
14,42,attn,0.5,1,raw,metric_leak_b_to_a,leak_b_to_a_label,1682,0.6059042956227779,nan,nan
14,42,attn,0.5,1,topk,rho_a,a_present,1682,0.5381228824969784,nan,nan
14,42,attn,0.5,1,topk,rho_b,b_present,1687,0.42092500130025484,nan,nan
14,42,attn,0.5,1,topk,metric_leak_a_to_b,leak_a_to_b_label,1687,0.5242368160320042,nan,nan
14,42,attn,0.5,1,topk,metric_leak_b_to_a,leak_b_to_a_label,1682,0.5924549746459171,nan,nan
14,42,attn,0.5,4,pre,rho_a,a_present,1721,0.5094607773179202,nan,nan
14,42,attn,0.5,4,pre,rho_b,b_present,1767,0.49001438503955885,nan,nan
14,42,attn,0.5,4,pre,metric_leak_a_to_b,leak_a_to_b_label,1767,0.6277547327631826,nan,nan
14,42,attn,0.5,4,pre,metric_leak_b_to_a,leak_b_to_a_label,1721,0.6264378199337549,nan,nan
14,42,attn,0.5,4,raw,rho_a,a_present,1721,0.5615634365634365,nan,nan
14,42,attn,0.5,4,raw,rho_b,b_present,1767,0.47665427954926876,nan,nan
14,42,attn,0.5,4,raw,metric_leak_a_to_b,leak_a_to_b_label,1767,0.5688192417336679,nan,nan
14,42,attn,0.5,4,raw,metric_leak_b_to_a,leak_b_to_a_label,1721,0.6505269497139415,nan,nan
14,42,attn,0.5,4,topk,rho_a,a_present,1721,0.5089077589077589,nan,nan
14,42,attn,0.5,4,topk,rho_b,b_present,1767,0.48630124670342845,nan,nan
14,42,attn,0.5,4,topk,metric_leak_a_to_b,leak_a_to_b_label,1767,0.6042488178761032,nan,nan
14,42,attn,0.5,4,topk,metric_leak_b_to_a,leak_b_to_a_label,1721,0.6204531767539898,nan,nan
14,42,attn,0.5,8,pre,rho_a,a_present,1773,0.5181083897863471,nan,nan
14,42,attn,0.5,8,pre,rho_b,b_present,1804,0.5335758371043635,nan,nan
14,42,attn,0.5,8,pre,metric_leak_a_to_b,leak_a_to_b_label,1811,0.6077127256180798,nan,nan
14,42,attn,0.5,8,pre,metric_leak_b_to_a,leak_b_to_a_label,1767,0.6450790444843407,nan,nan
14,42,attn,0.5,8,raw,rho_a,a_present,1776,0.5056066203635289,nan,nan
14,42,attn,0.5,8,raw,rho_b,b_present,1814,0.5307412746561484,nan,nan
14,42,attn,0.5,8,raw,metric_leak_a_to_b,leak_a_to_b_label,1814,0.5398673611531706,nan,nan
14,42,attn,0.5,8,raw,metric_leak_b_to_a,leak_b_to_a_label,1776,0.6082217261904762,nan,nan
14,42,attn,0.5,8,topk,rho_a,a_present,1776,0.515235702674745,nan,nan
14,42,attn,0.5,8,topk,rho_b,b_present,1810,0.526360143680647,nan,nan
14,42,attn,0.5,8,topk,metric_leak_a_to_b,leak_a_to_b_label,1814,0.5900952395372782,nan,nan
14,42,attn,0.5,8,topk,metric_leak_b_to_a,leak_b_to_a_label,1773,0.6393361160803022,nan,nan
14,42,none,0.3,1,pre,rho_a,a_present,1963,0.5202274539426749,nan,nan
14,42,none,0.3,1,pre,rho_b,b_present,1963,0.5122198123394274,nan,nan
14,42,none,0.3,1,pre,metric_leak_a_to_b,leak_a_to_b_label,1963,0.4497308382466034,nan,nan
14,42,none,0.3,1,pre,metric_leak_b_to_a,leak_b_to_a_label,1963,0.5815678404435801,nan,nan
14,42,none,0.3,1,raw,rho_a,a_present,1963,0.5379579503965756,nan,nan
14,42,none,0.3,1,raw,rho_b,b_present,1963,0.5723600923409167,nan,nan
14,42,none,0.3,1,raw,metric_leak_a_to_b,leak_a_to_b_label,1963,0.48940656241989233,nan,nan
14,42,none,0.3,1,raw,metric_leak_b_to_a,leak_b_to_a_label,1963,0.5536216741838044,nan,nan
14,42,none,0.3,1,topk,rho_a,a_present,1963,0.5311217424147048,nan,nan
14,42,none,0.3,1,topk,rho_b,b_present,1963,0.51103064378002,nan,nan
14,42,none,0.3,1,topk,metric_leak_a_to_b,leak_a_to_b_label,1963,0.4773904127146885,nan,nan
14,42,none,0.3,1,topk,metric_leak_b_to_a,leak_b_to_a_label,1963,0.5861919145942814,nan,nan
14,42,none,0.3,4,pre,rho_a,a_present,1963,0.5377187460657182,nan,nan
14,42,none,0.3,4,pre,rho_b,b_present,1963,0.5857807089399412,nan,nan
14,42,none,0.3,4,pre,metric_leak_a_to_b,leak_a_to_b_label,1963,0.5003524737246859,nan,nan
14,42,none,0.3,4,pre,metric_leak_b_to_a,leak_b_to_a_label,1963,0.555794058012993,nan,nan
14,42,none,0.3,4,raw,rho_a,a_present,1963,0.5952201099500608,nan,nan
14,42,none,0.3,4,raw,rho_b,b_present,1963,0.5997924191086123,nan,nan
14,42,none,0.3,4,raw,metric_leak_a_to_b,leak_a_to_b_label,1963,0.4924762881312484,nan,nan
14,42,none,0.3,4,raw,metric_leak_b_to_a,leak_b_to_a_label,1963,0.591002193073199,nan,nan
14,42,none,0.3,4,topk,rho_a,a_present,1963,0.5400058751940913,nan,nan
14,42,none,0.3,4,topk,rho_b,b_present,1963,0.5806493651561977,nan,nan
14,42,none,0.3,4,topk,metric_leak_a_to_b,leak_a_to_b_label,1963,0.5079146372724942,nan,nan
14,42,none,0.3,4,topk,metric_leak_b_to_a,leak_b_to_a_label,1963,0.5723558985393304,nan,nan
14,42,none,0.3,8,pre,rho_a,a_present,1906,0.5555109684323167,nan,nan
14,42,none,0.3,8,pre,rho_b,b_present,1906,0.5688001629052766,nan,nan
14,42,none,0.3,8,pre,metric_leak_a_to_b,leak_a_to_b_label,1906,0.4274696151583845,nan,nan
14,42,none,0.3,8,pre,metric_leak_b_to_a,leak_b_to_a_label,1906,0.6148436532424384,nan,nan
14,42,none,0.3,8,raw,rho_a,a_present,1963,0.4945192832263209,nan,nan
14,42,none,0.3,8,raw,rho_b,b_present,1963,0.5584461220538407,nan,nan
14,42,none,0.3,8,raw,metric_leak_a_to_b,leak_a_to_b_label,1963,0.4704434760317867,nan,nan
14,42,none,0.3,8,raw,metric_leak_b_to_a,leak_b_to_a_label,1963,0.5741300119998345,nan,nan
14,42,none,0.3,8,topk,rho_a,a_present,1952,0.5538419319429199,nan,nan
14,42,none,0.3,8,topk,rho_b,b_present,1951,0.5646262010780407,nan,nan
14,42,none,0.3,8,topk,metric_leak_a_to_b,leak_a_to_b_label,1952,0.4265666196084498,nan,nan
14,42,none,0.3,8,topk,metric_leak_b_to_a,leak_b_to_a_label,1951,0.6030555205312487,nan,nan
14,42,none,0.1,1,pre,rho_a,a_present,1963,0.5202274539426749,nan,nan
14,42,none,0.1,1,pre,rho_b,b_present,1963,0.5122198123394274,nan,nan
14,42,none,0.1,1,pre,metric_leak_a_to_b,leak_a_to_b_label,1943,0.44429977976421814,nan,nan
14,42,none,0.1,1,pre,metric_leak_b_to_a,leak_b_to_a_label,1963,0.5815678404435801,nan,nan
14,42,none,0.1,1,raw,rho_a,a_present,1963,0.5379579503965756,nan,nan
14,42,none,0.1,1,raw,rho_b,b_present,1963,0.5723600923409167,nan,nan
14,42,none,0.1,1,raw,metric_leak_a_to_b,leak_a_to_b_label,1943,0.48452519756445134,nan,nan
14,42,none,0.1,1,raw,metric_leak_b_to_a,leak_b_to_a_label,1963,0.5536216741838044,nan,nan
14,42,none,0.1,1,topk,rho_a,a_present,1963,0.5311217424147048,nan,nan
14,42,none,0.1,1,topk,rho_b,b_present,1963,0.51103064378002,nan,nan
14,42,none,0.1,1,topk,metric_leak_a_to_b,leak_a_to_b_label,1943,0.4719782355227361,nan,nan
14,42,none,0.1,1,topk,metric_leak_b_to_a,leak_b_to_a_label,1963,0.5861919145942814,nan,nan
14,42,none,0.1,4,pre,rho_a,a_present,1963,0.5377187460657182,nan,nan
14,42,none,0.1,4,pre,rho_b,b_present,1963,0.5857807089399412,nan,nan
14,42,none,0.1,4,pre,metric_leak_a_to_b,leak_a_to_b_label,1943,0.49665112061147815,nan,nan
14,42,none,0.1,4,pre,metric_leak_b_to_a,leak_b_to_a_label,1963,0.555794058012993,nan,nan
14,42,none,0.1,4,raw,rho_a,a_present,1963,0.5952201099500608,nan,nan
14,42,none,0.1,4,raw,rho_b,b_present,1963,0.5997924191086123,nan,nan
14,42,none,0.1,4,raw,metric_leak_a_to_b,leak_a_to_b_label,1943,0.48970721596061667,nan,nan
14,42,none,0.1,4,raw,metric_leak_b_to_a,leak_b_to_a_label,1963,0.591002193073199,nan,nan
14,42,none,0.1,4,topk,rho_a,a_present,1963,0.5400058751940913,nan,nan
14,42,none,0.1,4,topk,rho_b,b_present,1963,0.5806493651561977,nan,nan
14,42,none,0.1,4,topk,metric_leak_a_to_b,leak_a_to_b_label,1943,0.5040873170099753,nan,nan
14,42,none,0.1,4,topk,metric_leak_b_to_a,leak_b_to_a_label,1963,0.5723558985393304,nan,nan
14,42,none,0.1,8,pre,rho_a,a_present,1906,0.5555109684323167,nan,nan
14,42,none,0.1,8,pre,rho_b,b_present,1906,0.5688001629052766,nan,nan
14,42,none,0.1,8,pre,metric_leak_a_to_b,leak_a_to_b_label,1886,0.423744896390888,nan,nan
14,42,none,0.1,8,pre,metric_leak_b_to_a,leak_b_to_a_label,1906,0.6148436532424384,nan,nan
14,42,none,0.1,8,raw,rho_a,a_present,1963,0.4945192832263209,nan,nan
14,42,none,0.1,8,raw,rho_b,b_present,1963,0.5584461220538407,nan,nan
14,42,none,0.1,8,raw,metric_leak_a_to_b,leak_a_to_b_label,1943,0.4699831584402125,nan,nan
14,42,none,0.1,8,raw,metric_leak_b_to_a,leak_b_to_a_label,1963,0.5741300119998345,nan,nan
14,42,none,0.1,8,topk,rho_a,a_present,1952,0.5538419319429199,nan,nan
14,42,none,0.1,8,topk,rho_b,b_present,1951,0.5646262010780407,nan,nan
14,42,none,0.1,8,topk,metric_leak_a_to_b,leak_a_to_b_label,1932,0.4230486032827904,nan,nan
14,42,none,0.1,8,topk,metric_leak_b_to_a,leak_b_to_a_label,1951,0.6030555205312487,nan,nan
14,42,none,0.5,1,pre,rho_a,a_present,1963,0.5202274539426749,nan,nan
14,42,none,0.5,1,pre,rho_b,b_present,1963,0.5122198123394274,nan,nan
14,42,none,0.5,1,pre,metric_leak_a_to_b,leak_a_to_b_label,1963,0.4497308382466034,nan,nan
14,42,none,0.5,1,pre,metric_leak_b_to_a,leak_b_to_a_label,1963,0.5815678404435801,nan,nan
14,42,none,0.5,1,raw,rho_a,a_present,1963,0.5379579503965756,nan,nan
14,42,none,0.5,1,raw,rho_b,b_present,1963,0.5723600923409167,nan,nan
14,42,none,0.5,1,raw,metric_leak_a_to_b,leak_a_to_b_label,1963,0.48940656241989233,nan,nan
14,42,none,0.5,1,raw,metric_leak_b_to_a,leak_b_to_a_label,1963,0.5536216741838044,nan,nan
14,42,none,0.5,1,topk,rho_a,a_present,1963,0.5311217424147048,nan,nan
14,42,none,0.5,1,topk,rho_b,b_present,1963,0.51103064378002,nan,nan
14,42,none,0.5,1,topk,metric_leak_a_to_b,leak_a_to_b_label,1963,0.4773904127146885,nan,nan
14,42,none,0.5,1,topk,metric_leak_b_to_a,leak_b_to_a_label,1963,0.5861919145942814,nan,nan
14,42,none,0.5,4,pre,rho_a,a_present,1963,0.5377187460657182,nan,nan
14,42,none,0.5,4,pre,rho_b,b_present,1963,0.5857807089399412,nan,nan
14,42,none,0.5,4,pre,metric_leak_a_to_b,leak_a_to_b_label,1963,0.5003524737246859,nan,nan
14,42,none,0.5,4,pre,metric_leak_b_to_a,leak_b_to_a_label,1963,0.555794058012993,nan,nan
14,42,none,0.5,4,raw,rho_a,a_present,1963,0.5952201099500608,nan,nan
14,42,none,0.5,4,raw,rho_b,b_present,1963,0.5997924191086123,nan,nan
14,42,none,0.5,4,raw,metric_leak_a_to_b,leak_a_to_b_label,1963,0.4924762881312484,nan,nan
14,42,none,0.5,4,raw,metric_leak_b_to_a,leak_b_to_a_label,1963,0.591002193073199,nan,nan
14,42,none,0.5,4,topk,rho_a,a_present,1963,0.5400058751940913,nan,nan
14,42,none,0.5,4,topk,rho_b,b_present,1963,0.5806493651561977,nan,nan
14,42,none,0.5,4,topk,metric_leak_a_to_b,leak_a_to_b_label,1963,0.5079146372724942,nan,nan
14,42,none,0.5,4,topk,metric_leak_b_to_a,leak_b_to_a_label,1963,0.5723558985393304,nan,nan
14,42,none,0.5,8,pre,rho_a,a_present,1906,0.5555109684323167,nan,nan
14,42,none,0.5,8,pre,rho_b,b_present,1906,0.5688001629052766,nan,nan
14,42,none,0.5,8,pre,metric_leak_a_to_b,leak_a_to_b_label,1906,0.4274696151583845,nan,nan
14,42,none,0.5,8,pre,metric_leak_b_to_a,leak_b_to_a_label,1906,0.6148436532424384,nan,nan
14,42,none,0.5,8,raw,rho_a,a_present,1963,0.4945192832263209,nan,nan
14,42,none,0.5,8,raw,rho_b,b_present,1963,0.5584461220538407,nan,nan
14,42,none,0.5,8,raw,metric_leak_a_to_b,leak_a_to_b_label,1963,0.4704434760317867,nan,nan
14,42,none,0.5,8,raw,metric_leak_b_to_a,leak_b_to_a_label,1963,0.5741300119998345,nan,nan
14,42,none,0.5,8,topk,rho_a,a_present,1952,0.5538419319429199,nan,nan
14,42,none,0.5,8,topk,rho_b,b_present,1951,0.5646262010780407,nan,nan
14,42,none,0.5,8,topk,metric_leak_a_to_b,leak_a_to_b_label,1952,0.4265666196084498,nan,nan
14,42,none,0.5,8,topk,metric_leak_b_to_a,leak_b_to_a_label,1951,0.6030555205312487,nan,nan
14,43,attn,0.3,1,pre,rho_a,a_present,1682,0.5221848560567631,nan,nan
14,43,attn,0.3,1,pre,rho_b,b_present,1687,0.41903313049357677,nan,nan
14,43,attn,0.3,1,pre,metric_leak_a_to_b,leak_a_to_b_label,1687,0.47509019871758923,nan,nan
14,43,attn,0.3,1,pre,metric_leak_b_to_a,leak_b_to_a_label,1682,0.5751296846768083,nan,nan
14,43,attn,0.3,1,raw,rho_a,a_present,1682,0.62168323094169,nan,nan
14,43,attn,0.3,1,raw,rho_b,b_present,1687,0.502974332969262,nan,nan
14,43,attn,0.3,1,raw,metric_leak_a_to_b,leak_a_to_b_label,1687,0.5105247415549699,nan,nan
14,43,attn,0.3,1,raw,metric_leak_b_to_a,leak_b_to_a_label,1682,0.6059042956227779,nan,nan
14,43,attn,0.3,1,topk,rho_a,a_present,1682,0.5245082383001108,nan,nan
14,43,attn,0.3,1,topk,rho_b,b_present,1687,0.42257957559681697,nan,nan
14,43,attn,0.3,1,topk,metric_leak_a_to_b,leak_a_to_b_label,1687,0.4848765259005851,nan,nan
14,43,attn,0.3,1,topk,metric_leak_b_to_a,leak_b_to_a_label,1682,0.5707874337005304,nan,nan
14,43,attn,0.3,4,pre,rho_a,a_present,1721,0.5206638599495742,nan,nan
14,43,attn,0.3,4,pre,rho_b,b_present,1767,0.48311855670103093,nan,nan
14,43,attn,0.3,4,pre,metric_leak_a_to_b,leak_a_to_b_label,1767,0.6197913999419608,nan,nan
14,43,attn,0.3,4,pre,metric_leak_b_to_a,leak_b_to_a_label,1721,0.6229674796747967,nan,nan
14,43,attn,0.3,4,raw,rho_a,a_present,1721,0.5615634365634365,nan,nan
14,43,attn,0.3,4,raw,rho_b,b_present,1767,0.47665427954926876,nan,nan
14,43,attn,0.3,4,raw,metric_leak_a_to_b,leak_a_to_b_label,1767,0.5688192417336679,nan,nan
14,43,attn,0.3,4,raw,metric_leak_b_to_a,leak_b_to_a_label,1721,0.6505269497139415,nan,nan
14,43,attn,0.3,4,topk,rho_a,a_present,1721,0.5150979972408544,nan,nan
14,43,attn,0.3,4,topk,rho_b,b_present,1767,0.48113461999520496,nan,nan
14,43,attn,0.3,4,topk,metric_leak_a_to_b,leak_a_to_b_label,1767,0.6000238985336542,nan,nan
14,43,attn,0.3,4,topk,metric_leak_b_to_a,leak_b_to_a_label,1721,0.6049909665763324,nan,nan
14,43,attn,0.3,8,pre,rho_a,a_present,1773,0.5205007342839547,nan,nan
14,43,attn,0.3,8,pre,rho_b,b_present,1805,0.5347812391519562,nan,nan
14,43,attn,0.3,8,pre,metric_leak_a_to_b,leak_a_to_b_label,1811,0.6023509783103291,nan,nan
14,43,attn,0.3,8,pre,metric_leak_b_to_a,leak_b_to_a_label,1767,0.6470925593457012,nan,nan
14,43,attn,0.3,8,raw,rho_a,a_present,1776,0.5056066203635289,nan,nan
14,43,attn,0.3,8,raw,rho_b,b_present,1814,0.5307412746561484,nan,nan
14,43,attn,0.3,8,raw,metric_leak_a_to_b,leak_a_to_b_label,1814,0.5398673611531706,nan,nan
14,43,attn,0.3,8,raw,metric_leak_b_to_a,leak_b_to_a_label,1776,0.6082217261904762,nan,nan
14,43,attn,0.3,8,topk,rho_a,a_present,1776,0.5188414363824442,nan,nan
14,43,attn,0.3,8,topk,rho_b,b_present,1814,0.5309905930261177,nan,nan
14,43,attn,0.3,8,topk,metric_leak_a_to_b,leak_a_to_b_label,1814,0.587752104657501,nan,nan
14,43,attn,0.3,8,topk,metric_leak_b_to_a,leak_b_to_a_label,1776,0.6477368551587301,nan,nan
14,43,attn,0.1,1,pre,rho_a,a_present,1682,0.5221848560567631,nan,nan
14,43,attn,0.1,1,pre,rho_b,b_present,1687,0.41903313049357677,nan,nan
14,43,attn,0.1,1,pre,metric_leak_a_to_b,leak_a_to_b_label,1669,0.4698954611618367,nan,nan
14,43,attn,0.1,1,pre,metric_leak_b_to_a,leak_b_to_a_label,1682,0.5751296846768083,nan,nan
14,43,attn,0.1,1,raw,rho_a,a_present,1682,0.62168323094169,nan,nan
14,43,attn,0.1,1,raw,rho_b,b_present,1687,0.502974332969262,nan,nan
14,43,attn,0.1,1,raw,metric_leak_a_to_b,leak_a_to_b_label,1669,0.5055388570672413,nan,nan
14,43,attn,0.1,1,raw,metric_leak_b_to_a,leak_b_to_a_label,1682,0.6059042956227779,nan,nan
14,43,attn,0.1,1,topk,rho_a,a_present,1682,0.5245082383001108,nan,nan
14,43,attn,0.1,1,topk,rho_b,b_present,1687,0.42257957559681697,nan,nan
14,43,attn,0.1,1,topk,metric_leak_a_to_b,leak_a_to_b_label,1669,0.47981058243066976,nan,nan
14,43,attn,0.1,1,topk,metric_leak_b_to_a,leak_b_to_a_label,1682,0.5707874337005304,nan,nan
14,43,attn,0.1,4,pre,rho_a,a_present,1721,0.5206638599495742,nan,nan
14,43,attn,0.1,4,pre,rho_b,b_present,1767,0.48311855670103093,nan,nan
14,43,attn,0.1,4,pre,metric_leak_a_to_b,leak_a_to_b_label,1752,0.6178580347378302,nan,nan
14,43,attn,0.1,4,pre,metric_leak_b_to_a,leak_b_to_a_label,1721,0.6229674796747967,nan,nan
14,43,attn,0.1,4,raw,rho_a,a_present,1721,0.5615634365634365,nan,nan
14,43,attn,0.1,4,raw,rho_b,b_present,1767,0.47665427954926876,nan,nan
14,43,attn,0.1,4,raw,metric_leak_a_to_b,leak_a_to_b_label,1752,0.5655790643002919,nan,nan
14,43,attn,0.1,4,raw,metric_leak_b_to_a,leak_b_to_a_label,1721,0.6505269497139415,nan,nan
14,43,attn,0.1,4,topk,rho_a,a_present,1721,0.5150979972408544,nan,nan
14,43,attn,0.1,4,topk,rho_b,b_present,1767,0.48113461999520496,nan,nan
14,43,attn,0.1,4,topk,metric_leak_a_to_b,leak_a_to_b_label,1752,0.5982760253859998,nan,nan
14,43,attn,0.1,4,topk,metric_leak_b_to_a,leak_b_to_a_label,1721,0.6049909665763324,nan,nan
14,43,attn,0.1,8,pre,rho_a,a_present,1773,0.5205007342839547,nan,nan
14,43,attn,0.1,8,pre,rho_b,b_present,1805,0.5347812391519562,nan,nan
14,43,attn,0.1,8,pre,metric_leak_a_to_b,leak_a_to_b_label,1791,0.6024090839343256,nan,nan
14,43,attn,0.1,8,pre,metric_leak_b_to_a,leak_b_to_a_label,1767,0.6470925593457012,nan,nan
14,43,attn,0.1,8,raw,rho_a,a_present,1776,0.5056066203635289,nan,nan
14,43,attn,0.1,8,raw,rho_b,b_present,1814,0.5307412746561484,nan,nan
14,43,attn,0.1,8,raw,metric_leak_a_to_b,leak_a_to_b_label,1794,0.5388609766558422,nan,nan
14,43,attn,0.1,8,raw,metric_leak_b_to_a,leak_b_to_a_label,1776,0.6082217261904762,nan,nan
14,43,attn,0.1,8,topk,rho_a,a_present,1776,0.5188414363824442,nan,nan
14,43,attn,0.1,8,topk,rho_b,b_present,1814,0.5309905930261177,nan,nan
14,43,attn,0.1,8,topk,metric_leak_a_to_b,leak_a_to_b_label,1794,0.5878852398750076,nan,nan
14,43,attn,0.1,8,topk,metric_leak_b_to_a,leak_b_to_a_label,1776,0.6477368551587301,nan,nan
14,43,attn,0.5,1,pre,rho_a,a_present,1682,0.5221848560567631,nan,nan
14,43,attn,0.5,1,pre,rho_b,b_present,1687,0.41903313049357677,nan,nan
14,43,attn,0.5,1,pre,metric_leak_a_to_b,leak_a_to_b_label,1687,0.47509019871758923,nan,nan
14,43,attn,0.5,1,pre,metric_leak_b_to_a,leak_b_to_a_label,1682,0.5751296846768083,nan,nan
14,43,attn,0.5,1,raw,rho_a,a_present,1682,0.62168323094169,nan,nan
14,43,attn,0.5,1,raw,rho_b,b_present,1687,0.502974332969262,nan,nan
14,43,attn,0.5,1,raw,metric_leak_a_to_b,leak_a_to_b_label,1687,0.5105247415549699,nan,nan
14,43,attn,0.5,1,raw,metric_leak_b_to_a,leak_b_to_a_label,1682,0.6059042956227779,nan,nan
14,43,attn,0.5,1,topk,rho_a,a_present,1682,0.5245082383001108,nan,nan
14,43,attn,0.5,1,topk,rho_b,b_present,1687,0.42257957559681697,nan,nan
14,43,attn,0.5,1,topk,metric_leak_a_to_b,leak_a_to_b_label,1687,0.4848765259005851,nan,nan
14,43,attn,0.5,1,topk,metric_leak_b_to_a,leak_b_to_a_label,1682,0.5707874337005304,nan,nan
14,43,attn,0.5,4,pre,rho_a,a_present,1721,0.5206638599495742,nan,nan
14,43,attn,0.5,4,pre,rho_b,b_present,1767,0.48311855670103093,nan,nan
14,43,attn,0.5,4,pre,metric_leak_a_to_b,leak_a_to_b_label,1767,0.6197913999419608,nan,nan
14,43,attn,0.5,4,pre,metric_leak_b_to_a,leak_b_to_a_label,1721,0.6229674796747967,nan,nan
14,43,attn,0.5,4,raw,rho_a,a_present,1721,0.5615634365634365,nan,nan
14,43,attn,0.5,4,raw,rho_b,b_present,1767,0.47665427954926876,nan,nan
14,43,attn,0.5,4,raw,metric_leak_a_to_b,leak_a_to_b_label,1767,0.5688192417336679,nan,nan
14,43,attn,0.5,4,raw,metric_leak_b_to_a,leak_b_to_a_label,1721,0.6505269497139415,nan,nan
14,43,attn,0.5,4,topk,rho_a,a_present,1721,0.5150979972408544,nan,nan
14,43,attn,0.5,4,topk,rho_b,b_present,1767,0.48113461999520496,nan,nan
14,43,attn,0.5,4,topk,metric_leak_a_to_b,leak_a_to_b_label,1767,0.6000238985336542,nan,nan
14,43,attn,0.5,4,topk,metric_leak_b_to_a,leak_b_to_a_label,1721,0.6049909665763324,nan,nan
14,43,attn,0.5,8,pre,rho_a,a_present,1773,0.5205007342839547,nan,nan
14,43,attn,0.5,8,pre,rho_b,b_present,1805,0.5347812391519562,nan,nan
14,43,attn,0.5,8,pre,metric_leak_a_to_b,leak_a_to_b_label,1811,0.6023509783103291,nan,nan
14,43,attn,0.5,8,pre,metric_leak_b_to_a,leak_b_to_a_label,1767,0.6470925593457012,nan,nan
14,43,attn,0.5,8,raw,rho_a,a_present,1776,0.5056066203635289,nan,nan
14,43,attn,0.5,8,raw,rho_b,b_present,1814,0.5307412746561484,nan,nan
14,43,attn,0.5,8,raw,metric_leak_a_to_b,leak_a_to_b_label,1814,0.5398673611531706,nan,nan
14,43,attn,0.5,8,raw,metric_leak_b_to_a,leak_b_to_a_label,1776,0.6082217261904762,nan,nan
14,43,attn,0.5,8,topk,rho_a,a_present,1776,0.5188414363824442,nan,nan
14,43,attn,0.5,8,topk,rho_b,b_present,1814,0.5309905930261177,nan,nan
14,43,attn,0.5,8,topk,metric_leak_a_to_b,leak_a_to_b_label,1814,0.587752104657501,nan,nan
14,43,attn,0.5,8,topk,metric_leak_b_to_a,leak_b_to_a_label,1776,0.6477368551587301,nan,nan
14,43,none,0.3,1,pre,rho_a,a_present,1963,0.519002056317932,nan,nan
14,43,none,0.3,1,pre,rho_b,b_present,1963,0.5064298879249358,nan,nan
14,43,none,0.3,1,pre,metric_leak_a_to_b,leak_a_to_b_label,1963,0.46676493206870034,nan,nan
14,43,none,0.3,1,pre,metric_leak_b_to_a,leak_b_to_a_label,1963,0.5666870112136384,nan,nan
14,43,none,0.3,1,raw,rho_a,a_present,1963,0.5379579503965756,nan,nan
14,43,none,0.3,1,raw,rho_b,b_present,1963,0.5723600923409167,nan,nan
14,43,none,0.3,1,raw,metric_leak_a_to_b,leak_a_to_b_label,1963,0.48940656241989233,nan,nan
14,43,none,0.3,1,raw,metric_leak_b_to_a,leak_b_to_a_label,1963,0.5536216741838044,nan,nan
14,43,none,0.3,1,topk,rho_a,a_present,1963,0.525888623106299,nan,nan
14,43,none,0.3,1,topk,rho_b,b_present,1963,0.5085452582194586,nan,nan
14,43,none,0.3,1,topk,metric_leak_a_to_b,leak_a_to_b_label,1963,0.47549987182773645,nan,nan
14,43,none,0.3,1,topk,metric_leak_b_to_a,leak_b_to_a_label,1963,0.5732196797285555,nan,nan
14,43,none,0.3,4,pre,rho_a,a_present,1963,0.539070040706702,nan,nan
14,43,none,0.3,4,pre,rho_b,b_present,1961,0.5761352251811468,nan,nan
14,43,none,0.3,4,pre,metric_leak_a_to_b,leak_a_to_b_label,1963,0.5239041271468854,nan,nan
14,43,none,0.3,4,pre,metric_leak_b_to_a,leak_b_to_a_label,1961,0.5604157304545027,nan,nan
14,43,none,0.3,4,raw,rho_a,a_present,1963,0.5952201099500608,nan,nan
14,43,none,0.3,4,raw,rho_b,b_present,1963,0.5997924191086123,nan,nan
14,43,none,0.3,4,raw,metric_leak_a_to_b,leak_a_to_b_label,1963,0.4924762881312484,nan,nan
14,43,none,0.3,4,raw,metric_leak_b_to_a,leak_b_to_a_label,1963,0.591002193073199,nan,nan
14,43,none,0.3,4,topk,rho_a,a_present,1963,0.5306978891266944,nan,nan
14,43,none,0.3,4,topk,rho_b,b_present,1963,0.5760509364411512,nan,nan
14,43,none,0.3,4,topk,metric_leak_a_to_b,leak_a_to_b_label,1963,0.5155985644706486,nan,nan
14,43,none,0.3,4,topk,metric_leak_b_to_a,leak_b_to_a_label,1963,0.5736334671245914,nan,nan
14,43,none,0.3,8,pre,rho_a,a_present,1901,0.5590656597745385,nan,nan
14,43,none,0.3,8,pre,rho_b,b_present,1910,0.5836630059815805,nan,nan
14,43,none,0.3,8,pre,metric_leak_a_to_b,leak_a_to_b_label,1901,0.42980502869564063,nan,nan
14,43,none,0.3,8,pre,metric_leak_b_to_a,leak_b_to_a_label,1910,0.621085208009843,nan,nan
14,43,none,0.3,8,raw,rho_a,a_present,1963,0.4945192832263209,nan,nan
14,43,none,0.3,8,raw,rho_b,b_present,1963,0.5584461220538407,nan,nan
14,43,none,0.3,8,raw,metric_leak_a_to_b,leak_a_to_b_label,1963,0.4704434760317867,nan,nan
14,43,none,0.3,8,raw,metric_leak_b_to_a,leak_b_to_a_label,1963,0.5741300119998345,nan,nan
14,43,none,0.3,8,topk,rho_a,a_present,1956,0.5610120373552611,nan,nan
14,43,none,0.3,8,topk,rho_b,b_present,1955,0.5839599349082543,nan,nan
14,43,none,0.3,8,topk,metric_leak_a_to_b,leak_a_to_b_label,1956,0.4240282003615101,nan,nan
14,43,none,0.3,8,topk,metric_leak_b_to_a,leak_b_to_a_label,1955,0.5972656168089077,nan,nan
14,43,none,0.1,1,pre,rho_a,a_present,1963,0.519002056317932,nan,nan
14,43,none,0.1,1,pre,rho_b,b_present,1963,0.5064298879249358,nan,nan
14,43,none,0.1,1,pre,metric_leak_a_to_b,leak_a_to_b_label,1943,0.4610506542298225,nan,nan
14,43,none,0.1,1,pre,metric_leak_b_to_a,leak_b_to_a_label,1963,0.5666870112136384,nan,nan
14,43,none,0.1,1,raw,rho_a,a_present,1963,0.5379579503965756,nan,nan
14,43,none,0.1,1,raw,rho_b,b_present,1963,0.5723600923409167,nan,nan
14,43,none,0.1,1,raw,metric_leak_a_to_b,leak_a_to_b_label,1943,0.48452519756445134,nan,nan
14,43,none,0.1,1,raw,metric_leak_b_to_a,leak_b_to_a_label,1963,0.5536216741838044,nan,nan
14,43,none,0.1,1,topk,rho_a,a_present,1963,0.525888623106299,nan,nan
14,43,none,0.1,1,topk,rho_b,b_present,1963,0.5085452582194586,nan,nan
14,43,none,0.1,1,topk,metric_leak_a_to_b,leak_a_to_b_label,1943,0.46986656302629876,nan,nan
14,43,none,0.1,1,topk,metric_leak_b_to_a,leak_b_to_a_label,1963,0.5732196797285555,nan,nan
14,43,none,0.1,4,pre,rho_a,a_present,1963,0.539070040706702,nan,nan
14,43,none,0.1,4,pre,rho_b,b_present,1961,0.5761352251811468,nan,nan
14,43,none,0.1,4,pre,metric_leak_a_to_b,leak_a_to_b_label,1943,0.5204624951418577,nan,nan
14,43,none,0.1,4,pre,metric_leak_b_to_a,leak_b_to_a_label,1961,0.5604157304545027,nan,nan
14,43,none,0.1,4,raw,rho_a,a_present,1963,0.5952201099500608,nan,nan
14,43,none,0.1,4,raw,rho_b,b_present,1963,0.5997924191086123,nan,nan
14,43,none,0.1,4,raw,metric_leak_a_to_b,leak_a_to_b_label,1943,0.48970721596061667,nan,nan
14,43,none,0.1,4,raw,metric_leak_b_to_a,leak_b_to_a_label,1963,0.591002193073199,nan,nan
14,43,none,0.1,4,topk,rho_a,a_present,1963,0.5306978891266944,nan,nan
14,43,none,0.1,4,topk,rho_b,b_present,1963,0.5760509364411512,nan,nan
14,43,none,0.1,4,topk,metric_leak_a_to_b,leak_a_to_b_label,1943,0.511724316621324,nan,nan
14,43,none,0.1,4,topk,metric_leak_b_to_a,leak_b_to_a_label,1963,0.5736334671245914,nan,nan
14,43,none,0.1,8,pre,rho_a,a_present,1901,0.5590656597745385,nan,nan
14,43,none,0.1,8,pre,rho_b,b_present,1910,0.5836630059815805,nan,nan
14,43,none,0.1,8,pre,metric_leak_a_to_b,leak_a_to_b_label,1881,0.42612273342535884,nan,nan
14,43,none,0.1,8,pre,metric_leak_b_to_a,leak_b_to_a_label,1910,0.621085208009843,nan,nan
14,43,none,0.1,8,raw,rho_a,a_present,1963,0.4945192832263209,nan,nan
14,43,none,0.1,8,raw,rho_b,b_present,1963,0.5584461220538407,nan,nan
14,43,none,0.1,8,raw,metric_leak_a_to_b,leak_a_to_b_label,1943,0.4699831584402125,nan,nan
14,43,none,0.1,8,raw,metric_leak_b_to_a,leak_b_to_a_label,1963,0.5741300119998345,nan,nan
14,43,none,0.1,8,topk,rho_a,a_present,1956,0.5610120373552611,nan,nan
14,43,none,0.1,8,topk,rho_b,b_present,1955,0.5839599349082543,nan,nan
14,43,none,0.1,8,topk,metric_leak_a_to_b,leak_a_to_b_label,1936,0.42023030058712996,nan,nan
14,43,none,0.1,8,topk,metric_leak_b_to_a,leak_b_to_a_label,1955,0.5972656168089077,nan,nan
14,43,none,0.5,1,pre,rho_a,a_present,1963,0.519002056317932,nan,nan
14,43,none,0.5,1,pre,rho_b,b_present,1963,0.5064298879249358,nan,nan
14,43,none,0.5,1,pre,metric_leak_a_to_b,leak_a_to_b_label,1963,0.46676493206870034,nan,nan
14,43,none,0.5,1,pre,metric_leak_b_to_a,leak_b_to_a_label,1963,0.5666870112136384,nan,nan
14,43,none,0.5,1,raw,rho_a,a_present,1963,0.5379579503965756,nan,nan
14,43,none,0.5,1,raw,rho_b,b_present,1963,0.5723600923409167,nan,nan
14,43,none,0.5,1,raw,metric_leak_a_to_b,leak_a_to_b_label,1963,0.48940656241989233,nan,nan
14,43,none,0.5,1,raw,metric_leak_b_to_a,leak_b_to_a_label,1963,0.5536216741838044,nan,nan
14,43,none,0.5,1,topk,rho_a,a_present,1963,0.525888623106299,nan,nan
14,43,none,0.5,1,topk,rho_b,b_present,1963,0.5085452582194586,nan,nan
14,43,none,0.5,1,topk,metric_leak_a_to_b,leak_a_to_b_label,1963,0.47549987182773645,nan,nan
14,43,none,0.5,1,topk,metric_leak_b_to_a,leak_b_to_a_label,1963,0.5732196797285555,nan,nan
14,43,none,0.5,4,pre,rho_a,a_present,1963,0.539070040706702,nan,nan
14,43,none,0.5,4,pre,rho_b,b_present,1961,0.5761352251811468,nan,nan
14,43,none,0.5,4,pre,metric_leak_a_to_b,leak_a_to_b_label,1963,0.5239041271468854,nan,nan
14,43,none,0.5,4,pre,metric_leak_b_to_a,leak_b_to_a_label,1961,0.5604157304545027,nan,nan
14,43,none,0.5,4,raw,rho_a,a_present,1963,0.5952201099500608,nan,nan
14,43,none,0.5,4,raw,rho_b,b_present,1963,0.5997924191086123,nan,nan
14,43,none,0.5,4,raw,metric_leak_a_to_b,leak_a_to_b_label,1963,0.4924762881312484,nan,nan
14,43,none,0.5,4,raw,metric_leak_b_to_a,leak_b_to_a_label,1963,0.591002193073199,nan,nan
14,43,none,0.5,4,topk,rho_a,a_present,1963,0.5306978891266944,nan,nan
14,43,none,0.5,4,topk,rho_b,b_present,1963,0.5760509364411512,nan,nan
14,43,none,0.5,4,topk,metric_leak_a_to_b,leak_a_to_b_label,1963,0.5155985644706486,nan,nan
14,43,none,0.5,4,topk,metric_leak_b_to_a,leak_b_to_a_label,1963,0.5736334671245914,nan,nan
14,43,none,0.5,8,pre,rho_a,a_present,1901,0.5590656597745385,nan,nan
14,43,none,0.5,8,pre,rho_b,b_present,1910,0.5836630059815805,nan,nan
14,43,none,0.5,8,pre,metric_leak_a_to_b,leak_a_to_b_label,1901,0.42980502869564063,nan,nan
14,43,none,0.5,8,pre,metric_leak_b_to_a,leak_b_to_a_label,1910,0.621085208009843,nan,nan
14,43,none,0.5,8,raw,rho_a,a_present,1963,0.4945192832263209,nan,nan
14,43,none,0.5,8,raw,rho_b,b_present,1963,0.5584461220538407,nan,nan
14,43,none,0.5,8,raw,metric_leak_a_to_b,leak_a_to_b_label,1963,0.4704434760317867,nan,nan
14,43,none,0.5,8,raw,metric_leak_b_to_a,leak_b_to_a_label,1963,0.5741300119998345,nan,nan
14,43,none,0.5,8,topk,rho_a,a_present,1956,0.5610120373552611,nan,nan
14,43,none,0.5,8,topk,rho_b,b_present,1955,0.5839599349082543,nan,nan
14,43,none,0.5,8,topk,metric_leak_a_to_b,leak_a_to_b_label,1956,0.4240282003615101,nan,nan
14,43,none,0.5,8,topk,metric_leak_b_to_a,leak_b_to_a_label,1955,0.5972656168089077,nan,nan
17,42,attn,0.3,1,pre,rho_a,a_present,1682,0.5400392031613028,nan,nan
17,42,attn,0.3,1,pre,rho_b,b_present,1687,0.46865735684194104,nan,nan
17,42,attn,0.3,1,pre,metric_leak_a_to_b,leak_a_to_b_label,1687,0.47665115061783786,nan,nan
17,42,attn,0.3,1,pre,metric_leak_b_to_a,leak_b_to_a_label,1682,0.5770239552369295,nan,nan
17,42,attn,0.3,1,raw,rho_a,a_present,1682,0.6271691685297562,nan,nan
17,42,attn,0.3,1,raw,rho_b,b_present,1687,0.5475438185884434,nan,nan
17,42,attn,0.3,1,raw,metric_leak_a_to_b,leak_a_to_b_label,1687,0.46831361112668946,nan,nan
17,42,attn,0.3,1,raw,metric_leak_b_to_a,leak_b_to_a_label,1682,0.6017733286705135,nan,nan
17,42,attn,0.3,1,topk,rho_a,a_present,1682,0.5381917698411207,nan,nan
17,42,attn,0.3,1,topk,rho_b,b_present,1687,0.4842246580329745,nan,nan
17,42,attn,0.3,1,topk,metric_leak_a_to_b,leak_a_to_b_label,1687,0.4772026246424766,nan,nan
17,42,attn,0.3,1,topk,metric_leak_b_to_a,leak_b_to_a_label,1682,0.5586641021157545,nan,nan
17,42,attn,0.3,4,pre,rho_a,a_present,1721,0.5164062128347843,nan,nan
17,42,attn,0.3,4,pre,rho_b,b_present,1767,0.4653320546631503,nan,nan
17,42,attn,0.3,4,pre,metric_leak_a_to_b,leak_a_to_b_label,1767,0.621669141871938,nan,nan
17,42,attn,0.3,4,pre,metric_leak_b_to_a,leak_b_to_a_label,1721,0.5758130081300813,nan,nan
17,42,attn,0.3,4,raw,rho_a,a_present,1721,0.504780933352362,nan,nan
17,42,attn,0.3,4,raw,rho_b,b_present,1767,0.5032995684488132,nan,nan
17,42,attn,0.3,4,raw,metric_leak_a_to_b,leak_a_to_b_label,1767,0.5253153752923303,nan,nan
17,42,attn,0.3,4,raw,metric_leak_b_to_a,leak_b_to_a_label,1721,0.607128876844324,nan,nan
17,42,attn,0.3,4,topk,rho_a,a_present,1721,0.5121485657199943,nan,nan
17,42,attn,0.3,4,topk,rho_b,b_present,1767,0.4711969551666267,nan,nan
17,42,attn,0.3,4,topk,metric_leak_a_to_b,leak_a_to_b_label,1767,0.6179136580119834,nan,nan
17,42,attn,0.3,4,topk,metric_leak_b_to_a,leak_b_to_a_label,1721,0.558446251129178,nan,nan
17,42,attn,0.3,8,pre,rho_a,a_present,1765,0.5298398229246002,nan,nan
17,42,attn,0.3,8,pre,rho_b,b_present,1804,0.5673623372989454,nan,nan
17,42,attn,0.3,8,pre,metric_leak_a_to_b,leak_a_to_b_label,1798,0.6060731096032765,nan,nan
17,42,attn,0.3,8,pre,metric_leak_b_to_a,leak_b_to_a_label,1767,0.6081251246758428,nan,nan
17,42,attn,0.3,8,raw,rho_a,a_present,1776,0.5298537017880892,nan,nan
17,42,attn,0.3,8,raw,rho_b,b_present,1814,0.53629979575072,nan,nan
17,42,attn,0.3,8,raw,metric_leak_a_to_b,leak_a_to_b_label,1814,0.5126128035854884,nan,nan
17,42,attn,0.3,8,raw,metric_leak_b_to_a,leak_b_to_a_label,1776,0.5990203373015873,nan,nan
17,42,attn,0.3,8,topk,rho_a,a_present,1776,0.5326023348603517,nan,nan
17,42,attn,0.3,8,topk,rho_b,b_present,1812,0.5505829415586286,nan,nan
17,42,attn,0.3,8,topk,metric_leak_a_to_b,leak_a_to_b_label,1814,0.5588168493731451,nan,nan
17,42,attn,0.3,8,topk,metric_leak_b_to_a,leak_b_to_a_label,1775,0.6066358943815764,nan,nan
17,42,attn,0.1,1,pre,rho_a,a_present,1682,0.5400392031613028,nan,nan
17,42,attn,0.1,1,pre,rho_b,b_present,1687,0.46865735684194104,nan,nan
17,42,attn,0.1,1,pre,metric_leak_a_to_b,leak_a_to_b_label,1669,0.4708028507155145,nan,nan
17,42,attn,0.1,1,pre,metric_leak_b_to_a,leak_b_to_a_label,1682,0.5770239552369295,nan,nan
17,42,attn,0.1,1,raw,rho_a,a_present,1682,0.6271691685297562,nan,nan
17,42,attn,0.1,1,raw,rho_b,b_present,1687,0.5475438185884434,nan,nan
17,42,attn,0.1,1,raw,metric_leak_a_to_b,leak_a_to_b_label,1669,0.46284428817179907,nan,nan
17,42,attn,0.1,1,raw,metric_leak_b_to_a,leak_b_to_a_label,1682,0.6017733286705135,nan,nan
17,42,attn,0.1,1,topk,rho_a,a_present,1682,0.5381917698411207,nan,nan
17,42,attn,0.1,1,topk,rho_b,b_present,1687,0.4842246580329745,nan,nan
17,42,attn,0.1,1,topk,metric_leak_a_to_b,leak_a_to_b_label,1669,0.4714644889317378,nan,nan
17,42,attn,0.1,1,topk,metric_leak_b_to_a,leak_b_to_a_label,1682,0.5586641021157545,nan,nan
17,42,attn,0.1,4,pre,rho_a,a_present,1721,0.5164062128347843,nan,nan
17,42,attn,0.1,4,pre,rho_b,b_present,1767,0.4653320546631503,nan,nan
17,42,attn,0.1,4,pre,metric_leak_a_to_b,leak_a_to_b_label,1752,0.6186502708241839,nan,nan
17,42,attn,0.1,4,pre,metric_leak_b_to_a,leak_b_to_a_label,1721,0.5758130081300813,nan,nan
17,42,attn,0.1,4,raw,rho_a,a_present,1721,0.504780933352362,nan,nan
17,42,attn,0.1,4,raw,rho_b,b_present,1767,0.5032995684488132,nan,nan
17,42,attn,0.1,4,raw,metric_leak_a_to_b,leak_a_to_b_label,1752,0.5222299723578496,nan,nan
17,42,attn,0.1,4,raw,metric_leak_b_to_a,leak_b_to_a_label,1721,0.607128876844324,nan,nan
17,42,attn,0.1,4,topk,rho_a,a_present,1721,0.5121485657199943,nan,nan
17,42,attn,0.1,4,topk,rho_b,b_present,1767,0.4711969551666267,nan,nan
17,42,attn,0.1,4,topk,metric_leak_a_to_b,leak_a_to_b_label,1752,0.6152574336717559,nan,nan
17,42,attn,0.1,4,topk,metric_leak_b_to_a,leak_b_to_a_label,1721,0.558446251129178,nan,nan
17,42,attn,0.1,8,pre,rho_a,a_present,1765,0.5298398229246002,nan,nan
17,42,attn,0.1,8,pre,rho_b,b_present,1804,0.5673623372989454,nan,nan
17,42,attn,0.1,8,pre,metric_leak_a_to_b,leak_a_to_b_label,1778,0.6028588657307192,nan,nan
17,42,attn,0.1,8,pre,metric_leak_b_to_a,leak_b_to_a_label,1767,0.6081251246758428,nan,nan
17,42,attn,0.1,8,raw,rho_a,a_present,1776,0.5298537017880892,nan,nan
17,42,attn,0.1,8,raw,rho_b,b_present,1814,0.53629979575072,nan,nan
17,42,attn,0.1,8,raw,metric_leak_a_to_b,leak_a_to_b_label,1794,0.5104160284296305,nan,nan
17,42,attn,0.1,8,raw,metric_leak_b_to_a,leak_b_to_a_label,1776,0.5990203373015873,nan,nan
17,42,attn,0.1,8,topk,rho_a,a_present,1776,0.5326023348603517,nan,nan
17,42,attn,0.1,8,topk,rho_b,b_present,1812,0.5505829415586286,nan,nan
17,42,attn,0.1,8,topk,metric_leak_a_to_b,leak_a_to_b_label,1794,0.5556415048097543,nan,nan
17,42,attn,0.1,8,topk,metric_leak_b_to_a,leak_b_to_a_label,1775,0.6066358943815764,nan,nan
17,42,attn,0.5,1,pre,rho_a,a_present,1682,0.5400392031613028,nan,nan
17,42,attn,0.5,1,pre,rho_b,b_present,1687,0.46865735684194104,nan,nan
17,42,attn,0.5,1,pre,metric_leak_a_to_b,leak_a_to_b_label,1687,0.47665115061783786,nan,nan
17,42,attn,0.5,1,pre,metric_leak_b_to_a,leak_b_to_a_label,1682,0.5770239552369295,nan,nan
17,42,attn,0.5,1,raw,rho_a,a_present,1682,0.6271691685297562,nan,nan
17,42,attn,0.5,1,raw,rho_b,b_present,1687,0.5475438185884434,nan,nan
17,42,attn,0.5,1,raw,metric_leak_a_to_b,leak_a_to_b_label,1687,0.46831361112668946,nan,nan
17,42,attn,0.5,1,raw,metric_leak_b_to_a,leak_b_to_a_label,1682,0.6017733286705135,nan,nan
17,42,attn,0.5,1,topk,rho_a,a_present,1682,0.5381917698411207,nan,nan
17,42,attn,0.5,1,topk,rho_b,b_present,1687,0.4842246580329745,nan,nan
17,42,attn,0.5,1,topk,metric_leak_a_to_b,leak_a_to_b_label,1687,0.4772026246424766,nan,nan
17,42,attn,0.5,1,topk,metric_leak_b_to_a,leak_b_to_a_label,1682,0.5586641021157545,nan,nan
17,42,attn,0.5,4,pre,rho_a,a_present,1721,0.5164062128347843,nan,nan
17,42,attn,0.5,4,pre,rho_b,b_present,1767,0.4653320546631503,nan,nan
17,42,attn,0.5,4,pre,metric_leak_a_to_b,leak_a_to_b_label,1767,0.621669141871938,nan,nan
17,42,attn,0.5,4,pre,metric_leak_b_to_a,leak_b_to_a_label,1721,0.5758130081300813,nan,nan
17,42,attn,0.5,4,raw,rho_a,a_present,1721,0.504780933352362,nan,nan
17,42,attn,0.5,4,raw,rho_b,b_present,1767,0.5032995684488132,nan,nan
17,42,attn,0.5,4,raw,metric_leak_a_to_b,leak_a_to_b_label,1767,0.5253153752923303,nan,nan
17,42,attn,0.5,4,raw,metric_leak_b_to_a,leak_b_to_a_label,1721,0.607128876844324,nan,nan
17,42,attn,0.5,4,topk,rho_a,a_present,1721,0.5121485657199943,nan,nan
17,42,attn,0.5,4,topk,rho_b,b_present,1767,0.4711969551666267,nan,nan
17,42,attn,0.5,4,topk,metric_leak_a_to_b,leak_a_to_b_label,1767,0.6179136580119834,nan,nan
17,42,attn,0.5,4,topk,metric_leak_b_to_a,leak_b_to_a_label,1721,0.558446251129178,nan,nan
17,42,attn,0.5,8,pre,rho_a,a_present,1765,0.5298398229246002,nan,nan
17,42,attn,0.5,8,pre,rho_b,b_present,1804,0.5673623372989454,nan,nan
17,42,attn,0.5,8,pre,metric_leak_a_to_b,leak_a_to_b_label,1798,0.6060731096032765,nan,nan
17,42,attn,0.5,8,pre,metric_leak_b_to_a,leak_b_to_a_label,1767,0.6081251246758428,nan,nan
17,42,attn,0.5,8,raw,rho_a,a_present,1776,0.5298537017880892,nan,nan
17,42,attn,0.5,8,raw,rho_b,b_present,1814,0.53629979575072,nan,nan
17,42,attn,0.5,8,raw,metric_leak_a_to_b,leak_a_to_b_label,1814,0.5126128035854884,nan,nan
17,42,attn,0.5,8,raw,metric_leak_b_to_a,leak_b_to_a_label,1776,0.5990203373015873,nan,nan
17,42,attn,0.5,8,topk,rho_a,a_present,1776,0.5326023348603517,nan,nan
17,42,attn,0.5,8,topk,rho_b,b_present,1812,0.5505829415586286,nan,nan
17,42,attn,0.5,8,topk,metric_leak_a_to_b,leak_a_to_b_label,1814,0.5588168493731451,nan,nan
17,42,attn,0.5,8,topk,metric_leak_b_to_a,leak_b_to_a_label,1775,0.6066358943815764,nan,nan
17,42,none,0.3,1,pre,rho_a,a_present,1963,0.5760292081077678,nan,nan
17,42,none,0.3,1,pre,rho_b,b_present,1963,0.5139744759280634,nan,nan
17,42,none,0.3,1,pre,metric_leak_a_to_b,leak_a_to_b_label,1963,0.5075365290951038,nan,nan
17,42,none,0.3,1,pre,metric_leak_b_to_a,leak_b_to_a_label,1963,0.5893160094343526,nan,nan
17,42,none,0.3,1,raw,rho_a,a_present,1963,0.6316547064501238,nan,nan
17,42,none,0.3,1,raw,rho_b,b_present,1963,0.620254961462561,nan,nan
17,42,none,0.3,1,raw,metric_leak_a_to_b,leak_a_to_b_label,1963,0.48281209946167647,nan,nan
17,42,none,0.3,1,raw,metric_leak_b_to_a,leak_b_to_a_label,1963,0.5953676501013779,nan,nan
17,42,none,0.3,1,topk,rho_a,a_present,1963,0.5888623106299047,nan,nan
17,42,none,0.3,1,topk,rho_b,b_present,1961,0.511013256913865,nan,nan
17,42,none,0.3,1,topk,metric_leak_a_to_b,leak_a_to_b_label,1963,0.5368302999230966,nan,nan
17,42,none,0.3,1,topk,metric_leak_b_to_a,leak_b_to_a_label,1961,0.574701752205791,nan,nan
17,42,none,0.3,4,pre,rho_a,a_present,1949,0.5775024315980886,nan,nan
17,42,none,0.3,4,pre,rho_b,b_present,1949,0.5959530546835039,nan,nan
17,42,none,0.3,4,pre,metric_leak_a_to_b,leak_a_to_b_label,1949,0.543875004898951,nan,nan
17,42,none,0.3,4,pre,metric_leak_b_to_a,leak_b_to_a_label,1949,0.571095682452732,nan,nan
17,42,none,0.3,4,raw,rho_a,a_present,1963,0.5650887573964497,nan,nan
17,42,none,0.3,4,raw,rho_b,b_present,1963,0.5545318725099602,nan,nan
17,42,none,0.3,4,raw,metric_leak_a_to_b,leak_a_to_b_label,1963,0.5179184824404,nan,nan
17,42,none,0.3,4,raw,metric_leak_b_to_a,leak_b_to_a_label,1963,0.5826902387553275,nan,nan
17,42,none,0.3,4,topk,rho_a,a_present,1955,0.5607081138040042,nan,nan
17,42,none,0.3,4,topk,rho_b,b_present,1961,0.6085272943314461,nan,nan
17,42,none,0.3,4,topk,metric_leak_a_to_b,leak_a_to_b_label,1955,0.5536118834311605,nan,nan
17,42,none,0.3,4,topk,metric_leak_b_to_a,leak_b_to_a_label,1961,0.5808738246137277,nan,nan
17,42,none,0.3,8,pre,rho_a,a_present,1772,0.5434071995404333,nan,nan
17,42,none,0.3,8,pre,rho_b,b_present,1786,0.6007340078319963,nan,nan
17,42,none,0.3,8,pre,metric_leak_a_to_b,leak_a_to_b_label,1772,0.4594944185663978,nan,nan
17,42,none,0.3,8,pre,metric_leak_b_to_a,leak_b_to_a_label,1786,0.6376798325123754,nan,nan
17,42,none,0.3,8,raw,rho_a,a_present,1963,0.5022661462923329,nan,nan
17,42,none,0.3,8,raw,rho_b,b_present,1963,0.5346255166250884,nan,nan
17,42,none,0.3,8,raw,metric_leak_a_to_b,leak_a_to_b_label,1963,0.4595936939246347,nan,nan
17,42,none,0.3,8,raw,metric_leak_b_to_a,leak_b_to_a_label,1963,0.5846815905987504,nan,nan
17,42,none,0.3,8,topk,rho_a,a_present,1902,0.5461339335959482,nan,nan
17,42,none,0.3,8,topk,rho_b,b_present,1935,0.5963212279723877,nan,nan
17,42,none,0.3,8,topk,metric_leak_a_to_b,leak_a_to_b_label,1902,0.4475714843982858,nan,nan
17,42,none,0.3,8,topk,metric_leak_b_to_a,leak_b_to_a_label,1935,0.6121500372501808,nan,nan
17,42,none,0.1,1,pre,rho_a,a_present,1963,0.5760292081077678,nan,nan
17,42,none,0.1,1,pre,rho_b,b_present,1963,0.5139744759280634,nan,nan
17,42,none,0.1,1,pre,metric_leak_a_to_b,leak_a_to_b_label,1943,0.5030509133307424,nan,nan
17,42,none,0.1,1,pre,metric_leak_b_to_a,leak_b_to_a_label,1963,0.5893160094343526,nan,nan
17,42,none,0.1,1,raw,rho_a,a_present,1963,0.6316547064501238,nan,nan
17,42,none,0.1,1,raw,rho_b,b_present,1963,0.620254961462561,nan,nan
17,42,none,0.1,1,raw,metric_leak_a_to_b,leak_a_to_b_label,1943,0.47740639979271926,nan,nan
17,42,none,0.1,1,raw,metric_leak_b_to_a,leak_b_to_a_label,1963,0.5953676501013779,nan,nan
17,42,none,0.1,1,topk,rho_a,a_present,1963,0.5888623106299047,nan,nan
17,42,none,0.1,1,topk,rho_b,b_present,1961,0.511013256913865,nan,nan
17,42,none,0.1,1,topk,metric_leak_a_to_b,leak_a_to_b_label,1943,0.5325171654359373,nan,nan
17,42,none,0.1,1,topk,metric_leak_b_to_a,leak_b_to_a_label,1961,0.574701752205791,nan,nan
17,42,none,0.1,4,pre,rho_a,a_present,1949,0.5775024315980886,nan,nan
17,42,none,0.1,4,pre,rho_b,b_present,1949,0.5959530546835039,nan,nan
17,42,none,0.1,4,pre,metric_leak_a_to_b,leak_a_to_b_label,1931,0.5405097020142727,nan,nan
17,42,none,0.1,4,pre,metric_leak_b_to_a,leak_b_to_a_label,1949,0.571095682452732,nan,nan
17,42,none,0.1,4,raw,rho_a,a_present,1963,0.5650887573964497,nan,nan
17,42,none,0.1,4,raw,rho_b,b_present,1963,0.5545318725099602,nan,nan
17,42,none,0.1,4,raw,metric_leak_a_to_b,leak_a_to_b_label,1943,0.5158245886772898,nan,nan
17,42,none,0.1,4,raw,metric_leak_b_to_a,leak_b_to_a_label,1963,0.5826902387553275,nan,nan
17,42,none,0.1,4,topk,rho_a,a_present,1955,0.5607081138040042,nan,nan
17,42,none,0.1,4,topk,rho_b,b_present,1961,0.6085272943314461,nan,nan
17,42,none,0.1,4,topk,metric_leak_a_to_b,leak_a_to_b_label,1935,0.5495329048374925,nan,nan
17,42,none,0.1,4,topk,metric_leak_b_to_a,leak_b_to_a_label,1961,0.5808738246137277,nan,nan
17,42,none,0.1,8,pre,rho_a,a_present,1772,0.5434071995404333,nan,nan
17,42,none,0.1,8,pre,rho_b,b_present,1786,0.6007340078319963,nan,nan
17,42,none,0.1,8,pre,metric_leak_a_to_b,leak_a_to_b_label,1756,0.4560358687529721,nan,nan
17,42,none,0.1,8,pre,metric_leak_b_to_a,leak_b_to_a_label,1786,0.6376798325123754,nan,nan
17,42,none,0.1,8,raw,rho_a,a_present,1963,0.5022661462923329,nan,nan
17,42,none,0.1,8,raw,rho_b,b_present,1963,0.5346255166250884,nan,nan
17,42,none,0.1,8,raw,metric_leak_a_to_b,leak_a_to_b_label,1943,0.4605065422982252,nan,nan
17,42,none,0.1,8,raw,metric_leak_b_to_a,leak_b_to_a_label,1963,0.5846815905987504,nan,nan
17,42,none,0.1,8,topk,rho_a,a_present,1902,0.5461339335959482,nan,nan
17,42,none,0.1,8,topk,rho_b,b_present,1935,0.5963212279723877,nan,nan
17,42,none,0.1,8,topk,metric_leak_a_to_b,leak_a_to_b_label,1886,0.4443197081169938,nan,nan
17,42,none,0.1,8,topk,metric_leak_b_to_a,leak_b_to_a_label,1935,0.6121500372501808,nan,nan
17,42,none,0.5,1,pre,rho_a,a_present,1963,0.5760292081077678,nan,nan
17,42,none,0.5,1,pre,rho_b,b_present,1963,0.5139744759280634,nan,nan
17,42,none,0.5,1,pre,metric_leak_a_to_b,leak_a_to_b_label,1963,0.5075365290951038,nan,nan
17,42,none,0.5,1,pre,metric_leak_b_to_a,leak_b_to_a_label,1963,0.5893160094343526,nan,nan
17,42,none,0.5,1,raw,rho_a,a_present,1963,0.6316547064501238,nan,nan
17,42,none,0.5,1,raw,rho_b,b_present,1963,0.620254961462561,nan,nan
17,42,none,0.5,1,raw,metric_leak_a_to_b,leak_a_to_b_label,1963,0.48281209946167647,nan,nan
17,42,none,0.5,1,raw,metric_leak_b_to_a,leak_b_to_a_label,1963,0.5953676501013779,nan,nan
17,42,none,0.5,1,topk,rho_a,a_present,1963,0.5888623106299047,nan,nan
17,42,none,0.5,1,topk,rho_b,b_present,1961,0.511013256913865,nan,nan
17,42,none,0.5,1,topk,metric_leak_a_to_b,leak_a_to_b_label,1963,0.5368302999230966,nan,nan
17,42,none,0.5,1,topk,metric_leak_b_to_a,leak_b_to_a_label,1961,0.574701752205791,nan,nan
17,42,none,0.5,4,pre,rho_a,a_present,1949,0.5775024315980886,nan,nan
17,42,none,0.5,4,pre,rho_b,b_present,1949,0.5959530546835039,nan,nan
17,42,none,0.5,4,pre,metric_leak_a_to_b,leak_a_to_b_label,1949,0.543875004898951,nan,nan
17,42,none,0.5,4,pre,metric_leak_b_to_a,leak_b_to_a_label,1949,0.571095682452732,nan,nan
17,42,none,0.5,4,raw,rho_a,a_present,1963,0.5650887573964497,nan,nan
17,42,none,0.5,4,raw,rho_b,b_present,1963,0.5545318725099602,nan,nan
17,42,none,0.5,4,raw,metric_leak_a_to_b,leak_a_to_b_label,1963,0.5179184824404,nan,nan
17,42,none,0.5,4,raw,metric_leak_b_to_a,leak_b_to_a_label,1963,0.5826902387553275,nan,nan
17,42,none,0.5,4,topk,rho_a,a_present,1955,0.5607081138040042,nan,nan
17,42,none,0.5,4,topk,rho_b,b_present,1961,0.6085272943314461,nan,nan
17,42,none,0.5,4,topk,metric_leak_a_to_b,leak_a_to_b_label,1955,0.5536118834311605,nan,nan
17,42,none,0.5,4,topk,metric_leak_b_to_a,leak_b_to_a_label,1961,0.5808738246137277,nan,nan
17,42,none,0.5,8,pre,rho_a,a_present,1772,0.5434071995404333,nan,nan
17,42,none,0.5,8,pre,rho_b,b_present,1786,0.6007340078319963,nan,nan
17,42,none,0.5,8,pre,metric_leak_a_to_b,leak_a_to_b_label,1772,0.4594944185663978,nan,nan
17,42,none,0.5,8,pre,metric_leak_b_to_a,leak_b_to_a_label,1786,0.6376798325123754,nan,nan
17,42,none,0.5,8,raw,rho_a,a_present,1963,0.5022661462923329,nan,nan
17,42,none,0.5,8,raw,rho_b,b_present,1963,0.5346255166250884,nan,nan
17,42,none,0.5,8,raw,metric_leak_a_to_b,leak_a_to_b_label,1963,0.4595936939246347,nan,nan
17,42,none,0.5,8,raw,metric_leak_b_to_a,leak_b_to_a_label,1963,0.5846815905987504,nan,nan
17,42,none,0.5,8,topk,rho_a,a_present,1902,0.5461339335959482,nan,nan
17,42,none,0.5,8,topk,rho_b,b_present,1935,0.5963212279723877,nan,nan
17,42,none,0.5,8,topk,metric_leak_a_to_b,leak_a_to_b_label,1902,0.4475714843982858,nan,nan
17,42,none,0.5,8,topk,metric_leak_b_to_a,leak_b_to_a_label,1935,0.6121500372501808,nan,nan
17,43,attn,0.3,1,pre,rho_a,a_present,1682,0.5459447273000545,nan,nan
17,43,attn,0.3,1,pre,rho_b,b_present,1687,0.4737446039423727,nan,nan
17,43,attn,0.3,1,pre,metric_leak_a_to_b,leak_a_to_b_label,1687,0.43162656796216325,nan,nan
17,43,attn,0.3,1,pre,metric_leak_b_to_a,leak_b_to_a_label,1682,0.5626930698840124,nan,nan
17,43,attn,0.3,1,raw,rho_a,a_present,1682,0.6271691685297562,nan,nan
17,43,attn,0.3,1,raw,rho_b,b_present,1687,0.5475438185884434,nan,nan
17,43,attn,0.3,1,raw,metric_leak_a_to_b,leak_a_to_b_label,1687,0.46831361112668946,nan,nan
17,43,attn,0.3,1,raw,metric_leak_b_to_a,leak_b_to_a_label,1682,0.6017733286705135,nan,nan
17,43,attn,0.3,1,topk,rho_a,a_present,1682,0.5395194168373194,nan,nan
17,43,attn,0.3,1,topk,rho_b,b_present,1687,0.4745442606750923,nan,nan
17,43,attn,0.3,1,topk,metric_leak_a_to_b,leak_a_to_b_label,1687,0.44246910810760287,nan,nan
17,43,attn,0.3,1,topk,metric_leak_b_to_a,leak_b_to_a_label,1682,0.5563691204756076,nan,nan
17,43,attn,0.3,4,pre,rho_a,a_present,1721,0.5145628181342468,nan,nan
17,43,attn,0.3,4,pre,rho_b,b_present,1767,0.4786621913210261,nan,nan
17,43,attn,0.3,4,pre,metric_leak_a_to_b,leak_a_to_b_label,1767,0.5719601918710845,nan,nan
17,43,attn,0.3,4,pre,metric_leak_b_to_a,leak_b_to_a_label,1721,0.608227943390545,nan,nan
17,43,attn,0.3,4,raw,rho_a,a_present,1721,0.504780933352362,nan,nan
17,43,attn,0.3,4,raw,rho_b,b_present,1767,0.5032995684488132,nan,nan
17,43,attn,0.3,4,raw,metric_leak_a_to_b,leak_a_to_b_label,1767,0.5253153752923303,nan,nan
17,43,attn,0.3,4,raw,metric_leak_b_to_a,leak_b_to_a_label,1721,0.607128876844324,nan,nan
17,43,attn,0.3,4,topk,rho_a,a_present,1721,0.5111971361971362,nan,nan
17,43,attn,0.3,4,topk,rho_b,b_present,1767,0.48314552865020377,nan,nan
17,43,attn,0.3,4,topk,metric_leak_a_to_b,leak_a_to_b_label,1767,0.5754169440603608,nan,nan
17,43,attn,0.3,4,topk,metric_leak_b_to_a,leak_b_to_a_label,1721,0.5810373381511593,nan,nan
17,43,attn,0.3,8,pre,rho_a,a_present,1763,0.5042475366670242,nan,nan
17,43,attn,0.3,8,pre,rho_b,b_present,1803,0.5651304991471696,nan,nan
17,43,attn,0.3,8,pre,metric_leak_a_to_b,leak_a_to_b_label,1798,0.5896906901399841,nan,nan
17,43,attn,0.3,8,pre,metric_leak_b_to_a,leak_b_to_a_label,1766,0.6273952095808383,nan,nan
17,43,attn,0.3,8,raw,rho_a,a_present,1776,0.5298537017880892,nan,nan
17,43,attn,0.3,8,raw,rho_b,b_present,1814,0.53629979575072,nan,nan
17,43,attn,0.3,8,raw,metric_leak_a_to_b,leak_a_to_b_label,1814,0.5126128035854884,nan,nan
17,43,attn,0.3,8,raw,metric_leak_b_to_a,leak_b_to_a_label,1776,0.5990203373015873,nan,nan
17,43,attn,0.3,8,topk,rho_a,a_present,1775,0.4986751363308374,nan,nan
17,43,attn,0.3,8,topk,rho_b,b_present,1812,0.5476226289496171,nan,nan
17,43,attn,0.3,8,topk,metric_leak_a_to_b,leak_a_to_b_label,1812,0.5569745937424205,nan,nan
17,43,attn,0.3,8,topk,metric_leak_b_to_a,leak_b_to_a_label,1775,0.6150486400635299,nan,nan
17,43,attn,0.1,1,pre,rho_a,a_present,1682,0.5459447273000545,nan,nan
17,43,attn,0.1,1,pre,rho_b,b_present,1687,0.4737446039423727,nan,nan
17,43,attn,0.1,1,pre,metric_leak_a_to_b,leak_a_to_b_label,1669,0.4252821414393467,nan,nan
17,43,attn,0.1,1,pre,metric_leak_b_to_a,leak_b_to_a_label,1682,0.5626930698840124,nan,nan
17,43,attn,0.1,1,raw,rho_a,a_present,1682,0.6271691685297562,nan,nan
17,43,attn,0.1,1,raw,rho_b,b_present,1687,0.5475438185884434,nan,nan
17,43,attn,0.1,1,raw,metric_leak_a_to_b,leak_a_to_b_label,1669,0.46284428817179907,nan,nan
17,43,attn,0.1,1,raw,metric_leak_b_to_a,leak_b_to_a_label,1682,0.6017733286705135,nan,nan
17,43,attn,0.1,1,topk,rho_a,a_present,1682,0.5395194168373194,nan,nan
17,43,attn,0.1,1,topk,rho_b,b_present,1687,0.4745442606750923,nan,nan
17,43,attn,0.1,1,topk,metric_leak_a_to_b,leak_a_to_b_label,1669,0.4364732792680391,nan,nan
17,43,attn,0.1,1,topk,metric_leak_b_to_a,leak_b_to_a_label,1682,0.5563691204756076,nan,nan
17,43,attn,0.1,4,pre,rho_a,a_present,1721,0.5145628181342468,nan,nan
17,43,attn,0.1,4,pre,rho_b,b_present,1767,0.4786621913210261,nan,nan
17,43,attn,0.1,4,pre,metric_leak_a_to_b,leak_a_to_b_label,1752,0.5690149577617608,nan,nan
17,43,attn,0.1,4,pre,metric_leak_b_to_a,leak_b_to_a_label,1721,0.608227943390545,nan,nan
17,43,attn,0.1,4,raw,rho_a,a_present,1721,0.504780933352362,nan,nan
17,43,attn,0.1,4,raw,rho_b,b_present,1767,0.5032995684488132,nan,nan
17,43,attn,0.1,4,raw,metric_leak_a_to_b,leak_a_to_b_label,1752,0.5222299723578496,nan,nan
17,43,attn,0.1,4,raw,metric_leak_b_to_a,leak_b_to_a_label,1721,0.607128876844324,nan,nan
17,43,attn,0.1,4,topk,rho_a,a_present,1721,0.5111971361971362,nan,nan
17,43,attn,0.1,4,topk,rho_b,b_present,1767,0.48314552865020377,nan,nan
17,43,attn,0.1,4,topk,metric_leak_a_to_b,leak_a_to_b_label,1752,0.5725886314121609,nan,nan
17,43,attn,0.1,4,topk,metric_leak_b_to_a,leak_b_to_a_label,1721,0.5810373381511593,nan,nan
17,43,attn,0.1,8,pre,rho_a,a_present,1763,0.5042475366670242,nan,nan
17,43,attn,0.1,8,pre,rho_b,b_present,1803,0.5651304991471696,nan,nan
17,43,attn,0.1,8,pre,metric_leak_a_to_b,leak_a_to_b_label,1778,0.5861293215412209,nan,nan
17,43,attn,0.1,8,pre,metric_leak_b_to_a,leak_b_to_a_label,1766,0.6273952095808383,nan,nan
17,43,attn,0.1,8,raw,rho_a,a_present,1776,0.5298537017880892,nan,nan
17,43,attn,0.1,8,raw,rho_b,b_present,1814,0.53629979575072,nan,nan
17,43,attn,0.1,8,raw,metric_leak_a_to_b,leak_a_to_b_label,1794,0.5104160284296305,nan,nan
17,43,attn,0.1,8,raw,metric_leak_b_to_a,leak_b_to_a_label,1776,0.5990203373015873,nan,nan
17,43,attn,0.1,8,topk,rho_a,a_present,1775,0.4986751363308374,nan,nan
17,43,attn,0.1,8,topk,rho_b,b_present,1812,0.5476226289496171,nan,nan
17,43,attn,0.1,8,topk,metric_leak_a_to_b,leak_a_to_b_label,1792,0.5528386087596614,nan,nan
17,43,attn,0.1,8,topk,metric_leak_b_to_a,leak_b_to_a_label,1775,0.6150486400635299,nan,nan
17,43,attn,0.5,1,pre,rho_a,a_present,1682,0.5459447273000545,nan,nan
17,43,attn,0.5,1,pre,rho_b,b_present,1687,0.4737446039423727,nan,nan
17,43,attn,0.5,1,pre,metric_leak_a_to_b,leak_a_to_b_label,1687,0.43162656796216325,nan,nan
17,43,attn,0.5,1,pre,metric_leak_b_to_a,leak_b_to_a_label,1682,0.5626930698840124,nan,nan
17,43,attn,0.5,1,raw,rho_a,a_present,1682,0.6271691685297562,nan,nan
17,43,attn,0.5,1,raw,rho_b,b_present,1687,0.5475438185884434,nan,nan
17,43,attn,0.5,1,raw,metric_leak_a_to_b,leak_a_to_b_label,1687,0.46831361112668946,nan,nan
17,43,attn,0.5,1,raw,metric_leak_b_to_a,leak_b_to_a_label,1682,0.6017733286705135,nan,nan
17,43,attn,0.5,1,topk,rho_a,a_present,1682,0.5395194168373194,nan,nan
17,43,attn,0.5,1,topk,rho_b,b_present,1687,0.4745442606750923,nan,nan
17,43,attn,0.5,1,topk,metric_leak_a_to_b,leak_a_to_b_label,1687,0.44246910810760287,nan,nan
17,43,attn,0.5,1,topk,metric_leak_b_to_a,leak_b_to_a_label,1682,0.5563691204756076,nan,nan
17,43,attn,0.5,4,pre,rho_a,a_present,1721,0.5145628181342468,nan,nan
17,43,attn,0.5,4,pre,rho_b,b_present,1767,0.4786621913210261,nan,nan
17,43,attn,0.5,4,pre,metric_leak_a_to_b,leak_a_to_b_label,1767,0.5719601918710845,nan,nan
17,43,attn,0.5,4,pre,metric_leak_b_to_a,leak_b_to_a_label,1721,0.608227943390545,nan,nan
17,43,attn,0.5,4,raw,rho_a,a_present,1721,0.504780933352362,nan,nan
17,43,attn,0.5,4,raw,rho_b,b_present,1767,0.5032995684488132,nan,nan
17,43,attn,0.5,4,raw,metric_leak_a_to_b,leak_a_to_b_label,1767,0.5253153752923303,nan,nan
17,43,attn,0.5,4,raw,metric_leak_b_to_a,leak_b_to_a_label,1721,0.607128876844324,nan,nan
17,43,attn,0.5,4,topk,rho_a,a_present,1721,0.5111971361971362,nan,nan
17,43,attn,0.5,4,topk,rho_b,b_present,1767,0.48314552865020377,nan,nan
17,43,attn,0.5,4,topk,metric_leak_a_to_b,leak_a_to_b_label,1767,0.5754169440603608,nan,nan
17,43,attn,0.5,4,topk,metric_leak_b_to_a,leak_b_to_a_label,1721,0.5810373381511593,nan,nan
17,43,attn,0.5,8,pre,rho_a,a_present,1763,0.5042475366670242,nan,nan
17,43,attn,0.5,8,pre,rho_b,b_present,1803,0.5651304991471696,nan,nan
17,43,attn,0.5,8,pre,metric_leak_a_to_b,leak_a_to_b_label,1798,0.5896906901399841,nan,nan
17,43,attn,0.5,8,pre,metric_leak_b_to_a,leak_b_to_a_label,1766,0.6273952095808383,nan,nan
17,43,attn,0.5,8,raw,rho_a,a_present,1776,0.5298537017880892,nan,nan
17,43,attn,0.5,8,raw,rho_b,b_present,1814,0.53629979575072,nan,nan
17,43,attn,0.5,8,raw,metric_leak_a_to_b,leak_a_to_b_label,1814,0.5126128035854884,nan,nan
17,43,attn,0.5,8,raw,metric_leak_b_to_a,leak_b_to_a_label,1776,0.5990203373015873,nan,nan
17,43,attn,0.5,8,topk,rho_a,a_present,1775,0.4986751363308374,nan,nan
17,43,attn,0.5,8,topk,rho_b,b_present,1812,0.5476226289496171,nan,nan
17,43,attn,0.5,8,topk,metric_leak_a_to_b,leak_a_to_b_label,1812,0.5569745937424205,nan,nan
17,43,attn,0.5,8,topk,metric_leak_b_to_a,leak_b_to_a_label,1775,0.6150486400635299,nan,nan
17,43,none,0.3,1,pre,rho_a,a_present,1963,0.5862226698560578,nan,nan
17,43,none,0.3,1,pre,rho_b,b_present,1963,0.5201181256283278,nan,nan
17,43,none,0.3,1,pre,metric_leak_a_to_b,leak_a_to_b_label,1963,0.4955652396821328,nan,nan
17,43,none,0.3,1,pre,metric_leak_b_to_a,leak_b_to_a_label,1963,0.593029751313775,nan,nan
17,43,none,0.3,1,raw,rho_a,a_present,1963,0.6316547064501238,nan,nan
17,43,none,0.3,1,raw,rho_b,b_present,1963,0.620254961462561,nan,nan
17,43,none,0.3,1,raw,metric_leak_a_to_b,leak_a_to_b_label,1963,0.48281209946167647,nan,nan
17,43,none,0.3,1,raw,metric_leak_b_to_a,leak_b_to_a_label,1963,0.5953676501013779,nan,nan
17,43,none,0.3,1,topk,rho_a,a_present,1963,0.6108691090687818,nan,nan
17,43,none,0.3,1,topk,rho_b,b_present,1963,0.51965502476077,nan,nan
17,43,none,0.3,1,topk,metric_leak_a_to_b,leak_a_to_b_label,1963,0.4879646244552679,nan,nan
17,43,none,0.3,1,topk,metric_leak_b_to_a,leak_b_to_a_label,1963,0.5784127115488062,nan,nan
17,43,none,0.3,4,pre,rho_a,a_present,1945,0.5637974147065056,nan,nan
17,43,none,0.3,4,pre,rho_b,b_present,1955,0.6052059368161158,nan,nan
17,43,none,0.3,4,pre,metric_leak_a_to_b,leak_a_to_b_label,1945,0.5307704831291464,nan,nan
17,43,none,0.3,4,pre,metric_leak_b_to_a,leak_b_to_a_label,1955,0.5817963450895739,nan,nan
17,43,none,0.3,4,raw,rho_a,a_present,1963,0.5650887573964497,nan,nan
17,43,none,0.3,4,raw,rho_b,b_present,1963,0.5545318725099602,nan,nan
17,43,none,0.3,4,raw,metric_leak_a_to_b,leak_a_to_b_label,1963,0.5179184824404,nan,nan
17,43,none,0.3,4,raw,metric_leak_b_to_a,leak_b_to_a_label,1963,0.5826902387553275,nan,nan
17,43,none,0.3,4,topk,rho_a,a_present,1957,0.5485874278977727,nan,nan
17,43,none,0.3,4,topk,rho_b,b_present,1961,0.6076163183523217,nan,nan
17,43,none,0.3,4,topk,metric_leak_a_to_b,leak_a_to_b_label,1957,0.5467252032520326,nan,nan
17,43,none,0.3,4,topk,metric_leak_b_to_a,leak_b_to_a_label,1961,0.5766538254421938,nan,nan
17,43,none,0.3,8,pre,rho_a,a_present,1727,0.5503614197863848,nan,nan
17,43,none,0.3,8,pre,rho_b,b_present,1778,0.5972863032776713,nan,nan
17,43,none,0.3,8,pre,metric_leak_a_to_b,leak_a_to_b_label,1727,0.4563951200314837,nan,nan
17,43,none,0.3,8,pre,metric_leak_b_to_a,leak_b_to_a_label,1778,0.6374232065001981,nan,nan
17,43,none,0.3,8,raw,rho_a,a_present,1963,0.5022661462923329,nan,nan
17,43,none,0.3,8,raw,rho_b,b_present,1963,0.5346255166250884,nan,nan
17,43,none,0.3,8,raw,metric_leak_a_to_b,leak_a_to_b_label,1963,0.4595936939246347,nan,nan
17,43,none,0.3,8,raw,metric_leak_b_to_a,leak_b_to_a_label,1963,0.5846815905987504,nan,nan
17,43,none,0.3,8,topk,rho_a,a_present,1906,0.5478659602625557,nan,nan
17,43,none,0.3,8,topk,rho_b,b_present,1939,0.5952374115867957,nan,nan
17,43,none,0.3,8,topk,metric_leak_a_to_b,leak_a_to_b_label,1906,0.4390287425070551,nan,nan
17,43,none,0.3,8,topk,metric_leak_b_to_a,leak_b_to_a_label,1939,0.6211635679082852,nan,nan
17,43,none,0.1,1,pre,rho_a,a_present,1963,0.5862226698560578,nan,nan
17,43,none,0.1,1,pre,rho_b,b_present,1963,0.5201181256283278,nan,nan
17,43,none,0.1,1,pre,metric_leak_a_to_b,leak_a_to_b_label,1943,0.4916958155201451,nan,nan
17,43,none,0.1,1,pre,metric_leak_b_to_a,leak_b_to_a_label,1963,0.593029751313775,nan,nan
17,43,none,0.1,1,raw,rho_a,a_present,1963,0.6316547064501238,nan,nan
17,43,none,0.1,1,raw,rho_b,b_present,1963,0.620254961462561,nan,nan
17,43,none,0.1,1,raw,metric_leak_a_to_b,leak_a_to_b_label,1943,0.47740639979271926,nan,nan
17,43,none,0.1,1,raw,metric_leak_b_to_a,leak_b_to_a_label,1963,0.5953676501013779,nan,nan
17,43,none,0.1,1,topk,rho_a,a_present,1963,0.6108691090687818,nan,nan
17,43,none,0.1,1,topk,rho_b,b_present,1963,0.51965502476077,nan,nan
17,43,none,0.1,1,topk,metric_leak_a_to_b,leak_a_to_b_label,1943,0.4828021764477264,nan,nan
17,43,none,0.1,1,topk,metric_leak_b_to_a,leak_b_to_a_label,1963,0.5784127115488062,nan,nan
17,43,none,0.1,4,pre,rho_a,a_present,1945,0.5637974147065056,nan,nan
17,43,none,0.1,4,pre,rho_b,b_present,1955,0.6052059368161158,nan,nan
17,43,none,0.1,4,pre,metric_leak_a_to_b,leak_a_to_b_label,1927,0.5275083566222807,nan,nan
17,43,none,0.1,4,pre,metric_leak_b_to_a,leak_b_to_a_label,1955,0.5817963450895739,nan,nan
17,43,none,0.1,4,raw,rho_a,a_present,1963,0.5650887573964497,nan,nan
17,43,none,0.1,4,raw,rho_b,b_present,1963,0.5545318725099602,nan,nan
17,43,none,0.1,4,raw,metric_leak_a_to_b,leak_a_to_b_label,1943,0.5158245886772898,nan,nan
17,43,none,0.1,4,raw,metric_leak_b_to_a,leak_b_to_a_label,1963,0.5826902387553275,nan,nan
17,43,none,0.1,4,topk,rho_a,a_present,1957,0.5485874278977727,nan,nan
17,43,none,0.1,4,topk,rho_b,b_present,1961,0.6076163183523217,nan,nan
17,43,none,0.1,4,topk,metric_leak_a_to_b,leak_a_to_b_label,1937,0.5432515942410098,nan,nan
17,43,none,0.1,4,topk,metric_leak_b_to_a,leak_b_to_a_label,1961,0.5766538254421938,nan,nan
17,43,none,0.1,8,pre,rho_a,a_present,1727,0.5503614197863848,nan,nan
17,43,none,0.1,8,pre,rho_b,b_present,1778,0.5972863032776713,nan,nan
17,43,none,0.1,8,pre,metric_leak_a_to_b,leak_a_to_b_label,1715,0.4536970965542394,nan,nan
17,43,none,0.1,8,pre,metric_leak_b_to_a,leak_b_to_a_label,1778,0.6374232065001981,nan,nan
17,43,none,0.1,8,raw,rho_a,a_present,1963,0.5022661462923329,nan,nan
17,43,none,0.1,8,raw,rho_b,b_present,1963,0.5346255166250884,nan,nan
17,43,none,0.1,8,raw,metric_leak_a_to_b,leak_a_to_b_label,1943,0.4605065422982252,nan,nan
17,43,none,0.1,8,raw,metric_leak_b_to_a,leak_b_to_a_label,1963,0.5846815905987504,nan,nan
17,43,none,0.1,8,topk,rho_a,a_present,1906,0.5478659602625557,nan,nan
17,43,none,0.1,8,topk,rho_b,b_present,1939,0.5952374115867957,nan,nan
17,43,none,0.1,8,topk,metric_leak_a_to_b,leak_a_to_b_label,1890,0.4356885205459358,nan,nan
17,43,none,0.1,8,topk,metric_leak_b_to_a,leak_b_to_a_label,1939,0.6211635679082852,nan,nan
17,43,none,0.5,1,pre,rho_a,a_present,1963,0.5862226698560578,nan,nan
17,43,none,0.5,1,pre,rho_b,b_present,1963,0.5201181256283278,nan,nan
17,43,none,0.5,1,pre,metric_leak_a_to_b,leak_a_to_b_label,1963,0.4955652396821328,nan,nan
17,43,none,0.5,1,pre,metric_leak_b_to_a,leak_b_to_a_label,1963,0.593029751313775,nan,nan
17,43,none,0.5,1,raw,rho_a,a_present,1963,0.6316547064501238,nan,nan
17,43,none,0.5,1,raw,rho_b,b_present,1963,0.620254961462561,nan,nan
17,43,none,0.5,1,raw,metric_leak_a_to_b,leak_a_to_b_label,1963,0.48281209946167647,nan,nan
17,43,none,0.5,1,raw,metric_leak_b_to_a,leak_b_to_a_label,1963,0.5953676501013779,nan,nan
17,43,none,0.5,1,topk,rho_a,a_present,1963,0.6108691090687818,nan,nan
17,43,none,0.5,1,topk,rho_b,b_present,1963,0.51965502476077,nan,nan
17,43,none,0.5,1,topk,metric_leak_a_to_b,leak_a_to_b_label,1963,0.4879646244552679,nan,nan
17,43,none,0.5,1,topk,metric_leak_b_to_a,leak_b_to_a_label,1963,0.5784127115488062,nan,nan
17,43,none,0.5,4,pre,rho_a,a_present,1945,0.5637974147065056,nan,nan
17,43,none,0.5,4,pre,rho_b,b_present,1955,0.6052059368161158,nan,nan
17,43,none,0.5,4,pre,metric_leak_a_to_b,leak_a_to_b_label,1945,0.5307704831291464,nan,nan
17,43,none,0.5,4,pre,metric_leak_b_to_a,leak_b_to_a_label,1955,0.5817963450895739,nan,nan
17,43,none,0.5,4,raw,rho_a,a_present,1963,0.5650887573964497,nan,nan
17,43,none,0.5,4,raw,rho_b,b_present,1963,0.5545318725099602,nan,nan
17,43,none,0.5,4,raw,metric_leak_a_to_b,leak_a_to_b_label,1963,0.5179184824404,nan,nan
17,43,none,0.5,4,raw,metric_leak_b_to_a,leak_b_to_a_label,1963,0.5826902387553275,nan,nan
17,43,none,0.5,4,topk,rho_a,a_present,1957,0.5485874278977727,nan,nan
17,43,none,0.5,4,topk,rho_b,b_present,1961,0.6076163183523217,nan,nan
17,43,none,0.5,4,topk,metric_leak_a_to_b,leak_a_to_b_label,1957,0.5467252032520326,nan,nan
17,43,none,0.5,4,topk,metric_leak_b_to_a,leak_b_to_a_label,1961,0.5766538254421938,nan,nan
17,43,none,0.5,8,pre,rho_a,a_present,1727,0.5503614197863848,nan,nan
17,43,none,0.5,8,pre,rho_b,b_present,1778,0.5972863032776713,nan,nan
17,43,none,0.5,8,pre,metric_leak_a_to_b,leak_a_to_b_label,1727,0.4563951200314837,nan,nan
17,43,none,0.5,8,pre,metric_leak_b_to_a,leak_b_to_a_label,1778,0.6374232065001981,nan,nan
17,43,none,0.5,8,raw,rho_a,a_present,1963,0.5022661462923329,nan,nan
17,43,none,0.5,8,raw,rho_b,b_present,1963,0.5346255166250884,nan,nan
17,43,none,0.5,8,raw,metric_leak_a_to_b,leak_a_to_b_label,1963,0.4595936939246347,nan,nan
17,43,none,0.5,8,raw,metric_leak_b_to_a,leak_b_to_a_label,1963,0.5846815905987504,nan,nan
17,43,none,0.5,8,topk,rho_a,a_present,1906,0.5478659602625557,nan,nan
17,43,none,0.5,8,topk,rho_b,b_present,1939,0.5952374115867957,nan,nan
17,43,none,0.5,8,topk,metric_leak_a_to_b,leak_a_to_b_label,1906,0.4390287425070551,nan,nan
17,43,none,0.5,8,topk,metric_leak_b_to_a,leak_b_to_a_label,1939,0.6211635679082852,nan,nan
20,43,attn,0.3,1,pre,rho_a,a_present,1673,0.5467210843221727,nan,nan
20,43,attn,0.3,1,pre,rho_b,b_present,1678,0.46870421245421245,nan,nan
20,43,attn,0.3,1,pre,metric_leak_a_to_b,leak_a_to_b_label,1675,0.4942275458123811,nan,nan
20,43,attn,0.3,1,pre,metric_leak_b_to_a,leak_b_to_a_label,1673,0.5935507979074164,nan,nan
20,43,attn,0.3,1,raw,rho_a,a_present,1682,0.4668056938521177,nan,nan
20,43,attn,0.3,1,raw,rho_b,b_present,1687,0.5515648567119156,nan,nan
20,43,attn,0.3,1,raw,metric_leak_a_to_b,leak_a_to_b_label,1687,0.5177780270315743,nan,nan
20,43,attn,0.3,1,raw,metric_leak_b_to_a,leak_b_to_a_label,1682,0.5882074371976452,nan,nan
20,43,attn,0.3,1,topk,rho_a,a_present,1677,0.5429838669146102,nan,nan
20,43,attn,0.3,1,topk,rho_b,b_present,1685,0.4700992135826259,nan,nan
20,43,attn,0.3,1,topk,metric_leak_a_to_b,leak_a_to_b_label,1679,0.4760844652351162,nan,nan
20,43,attn,0.3,1,topk,metric_leak_b_to_a,leak_b_to_a_label,1675,0.5982236389213134,nan,nan
20,43,attn,0.3,4,pre,rho_a,a_present,1721,0.5802114552114552,nan,nan
20,43,attn,0.3,4,pre,rho_b,b_present,1765,0.528960240060015,nan,nan
20,43,attn,0.3,4,pre,metric_leak_a_to_b,leak_a_to_b_label,1767,0.5669585701848723,nan,nan
20,43,attn,0.3,4,pre,metric_leak_b_to_a,leak_b_to_a_label,1719,0.6391564539712687,nan,nan
20,43,attn,0.3,4,raw,rho_a,a_present,1721,0.46725298511012797,nan,nan
20,43,attn,0.3,4,raw,rho_b,b_present,1767,0.5411831695037161,nan,nan
20,43,attn,0.3,4,raw,metric_leak_a_to_b,leak_a_to_b_label,1767,0.5347552960857616,nan,nan
20,43,attn,0.3,4,raw,metric_leak_b_to_a,leak_b_to_a_label,1721,0.5628199337548931,nan,nan
20,43,attn,0.3,4,topk,rho_a,a_present,1721,0.5955056847913991,nan,nan
20,43,attn,0.3,4,topk,rho_b,b_present,1767,0.5262736753776073,nan,nan
20,43,attn,0.3,4,topk,metric_leak_a_to_b,leak_a_to_b_label,1767,0.558875744695379,nan,nan
20,43,attn,0.3,4,topk,metric_leak_b_to_a,leak_b_to_a_label,1721,0.6624661246612467,nan,nan
20,43,attn,0.3,8,pre,rho_a,a_present,1776,0.5242855031771834,nan,nan
20,43,attn,0.3,8,pre,rho_b,b_present,1814,0.5801414721930108,nan,nan
20,43,attn,0.3,8,pre,metric_leak_a_to_b,leak_a_to_b_label,1814,0.5480664405547817,nan,nan
20,43,attn,0.3,8,pre,metric_leak_b_to_a,leak_b_to_a_label,1776,0.6544642857142857,nan,nan
20,43,attn,0.3,8,raw,rho_a,a_present,1776,0.5753864341658046,nan,nan
20,43,attn,0.3,8,raw,rho_b,b_present,1814,0.5542251472736397,nan,nan
20,43,attn,0.3,8,raw,metric_leak_a_to_b,leak_a_to_b_label,1814,0.46751408152141,nan,nan
20,43,attn,0.3,8,raw,metric_leak_b_to_a,leak_b_to_a_label,1776,0.5867311507936508,nan,nan
20,43,attn,0.3,8,topk,rho_a,a_present,1776,0.5076459287719817,nan,nan
20,43,attn,0.3,8,topk,rho_b,b_present,1814,0.5441533244047524,nan,nan
20,43,attn,0.3,8,topk,metric_leak_a_to_b,leak_a_to_b_label,1814,0.5571664344982133,nan,nan
20,43,attn,0.3,8,topk,metric_leak_b_to_a,leak_b_to_a_label,1776,0.6316902281746032,nan,nan
20,43,attn,0.1,1,pre,rho_a,a_present,1673,0.5467210843221727,nan,nan
20,43,attn,0.1,1,pre,rho_b,b_present,1678,0.46870421245421245,nan,nan
20,43,attn,0.1,1,pre,metric_leak_a_to_b,leak_a_to_b_label,1657,0.48907681465821,nan,nan
20,43,attn,0.1,1,pre,metric_leak_b_to_a,leak_b_to_a_label,1673,0.5935507979074164,nan,nan
20,43,attn,0.1,1,raw,rho_a,a_present,1682,0.4668056938521177,nan,nan
20,43,attn,0.1,1,raw,rho_b,b_present,1687,0.5515648567119156,nan,nan
20,43,attn,0.1,1,raw,metric_leak_a_to_b,leak_a_to_b_label,1669,0.5136675551522714,nan,nan
20,43,attn,0.1,1,raw,metric_leak_b_to_a,leak_b_to_a_label,1682,0.5882074371976452,nan,nan
20,43,attn,0.1,1,topk,rho_a,a_present,1677,0.5429838669146102,nan,nan
20,43,attn,0.1,1,topk,rho_b,b_present,1685,0.4700992135826259,nan,nan
20,43,attn,0.1,1,topk,metric_leak_a_to_b,leak_a_to_b_label,1661,0.4713308634938729,nan,nan
20,43,attn,0.1,1,topk,metric_leak_b_to_a,leak_b_to_a_label,1675,0.5982236389213134,nan,nan
20,43,attn,0.1,4,pre,rho_a,a_present,1721,0.5802114552114552,nan,nan
20,43,attn,0.1,4,pre,rho_b,b_present,1765,0.528960240060015,nan,nan
20,43,attn,0.1,4,pre,metric_leak_a_to_b,leak_a_to_b_label,1752,0.5636070853462157,nan,nan
20,43,attn,0.1,4,pre,metric_leak_b_to_a,leak_b_to_a_label,1719,0.6391564539712687,nan,nan
20,43,attn,0.1,4,raw,rho_a,a_present,1721,0.46725298511012797,nan,nan
20,43,attn,0.1,4,raw,rho_b,b_present,1767,0.5411831695037161,nan,nan
20,43,attn,0.1,4,raw,metric_leak_a_to_b,leak_a_to_b_label,1752,0.5323137599352433,nan,nan
20,43,attn,0.1,4,raw,metric_leak_b_to_a,leak_b_to_a_label,1721,0.5628199337548931,nan,nan
20,43,attn,0.1,4,topk,rho_a,a_present,1721,0.5955056847913991,nan,nan
20,43,attn,0.1,4,topk,rho_b,b_present,1767,0.5262736753776073,nan,nan
20,43,attn,0.1,4,topk,metric_leak_a_to_b,leak_a_to_b_label,1752,0.5554522204138572,nan,nan
20,43,attn,0.1,4,topk,metric_leak_b_to_a,leak_b_to_a_label,1721,0.6624661246612467,nan,nan
20,43,attn,0.1,8,pre,rho_a,a_present,1776,0.5242855031771834,nan,nan
20,43,attn,0.1,8,pre,rho_b,b_present,1814,0.5801414721930108,nan,nan
20,43,attn,0.1,8,pre,metric_leak_a_to_b,leak_a_to_b_label,1794,0.5459607254457447,nan,nan
20,43,attn,0.1,8,pre,metric_leak_b_to_a,leak_b_to_a_label,1776,0.6544642857142857,nan,nan
20,43,attn,0.1,8,raw,rho_a,a_present,1776,0.5753864341658046,nan,nan
20,43,attn,0.1,8,raw,rho_b,b_present,1814,0.5542251472736397,nan,nan
20,43,attn,0.1,8,raw,metric_leak_a_to_b,leak_a_to_b_label,1794,0.46725844004656575,nan,nan
20,43,attn,0.1,8,raw,metric_leak_b_to_a,leak_b_to_a_label,1776,0.5867311507936508,nan,nan
20,43,attn,0.1,8,topk,rho_a,a_present,1776,0.5076459287719817,nan,nan
20,43,attn,0.1,8,topk,rho_b,b_present,1814,0.5441533244047524,nan,nan
20,43,attn,0.1,8,topk,metric_leak_a_to_b,leak_a_to_b_label,1794,0.5551207033882728,nan,nan
20,43,attn,0.1,8,topk,metric_leak_b_to_a,leak_b_to_a_label,1776,0.6316902281746032,nan,nan
20,43,attn,0.5,1,pre,rho_a,a_present,1673,0.5467210843221727,nan,nan
20,43,attn,0.5,1,pre,rho_b,b_present,1678,0.46870421245421245,nan,nan
20,43,attn,0.5,1,pre,metric_leak_a_to_b,leak_a_to_b_label,1675,0.4942275458123811,nan,nan
20,43,attn,0.5,1,pre,metric_leak_b_to_a,leak_b_to_a_label,1673,0.5935507979074164,nan,nan
20,43,attn,0.5,1,raw,rho_a,a_present,1682,0.4668056938521177,nan,nan
20,43,attn,0.5,1,raw,rho_b,b_present,1687,0.5515648567119156,nan,nan
20,43,attn,0.5,1,raw,metric_leak_a_to_b,leak_a_to_b_label,1687,0.5177780270315743,nan,nan
20,43,attn,0.5,1,raw,metric_leak_b_to_a,leak_b_to_a_label,1682,0.5882074371976452,nan,nan
20,43,attn,0.5,1,topk,rho_a,a_present,1677,0.5429838669146102,nan,nan
20,43,attn,0.5,1,topk,rho_b,b_present,1685,0.4700992135826259,nan,nan
20,43,attn,0.5,1,topk,metric_leak_a_to_b,leak_a_to_b_label,1679,0.4760844652351162,nan,nan
20,43,attn,0.5,1,topk,metric_leak_b_to_a,leak_b_to_a_label,1675,0.5982236389213134,nan,nan
20,43,attn,0.5,4,pre,rho_a,a_present,1721,0.5802114552114552,nan,nan
20,43,attn,0.5,4,pre,rho_b,b_present,1765,0.528960240060015,nan,nan
20,43,attn,0.5,4,pre,metric_leak_a_to_b,leak_a_to_b_label,1767,0.5669585701848723,nan,nan
20,43,attn,0.5,4,pre,metric_leak_b_to_a,leak_b_to_a_label,1719,0.6391564539712687,nan,nan
20,43,attn,0.5,4,raw,rho_a,a_present,1721,0.46725298511012797,nan,nan
20,43,attn,0.5,4,raw,rho_b,b_present,1767,0.5411831695037161,nan,nan
20,43,attn,0.5,4,raw,metric_leak_a_to_b,leak_a_to_b_label,1767,0.5347552960857616,nan,nan
20,43,attn,0.5,4,raw,metric_leak_b_to_a,leak_b_to_a_label,1721,0.5628199337548931,nan,nan
20,43,attn,0.5,4,topk,rho_a,a_present,1721,0.5955056847913991,nan,nan
20,43,attn,0.5,4,topk,rho_b,b_present,1767,0.5262736753776073,nan,nan
20,43,attn,0.5,4,topk,metric_leak_a_to_b,leak_a_to_b_label,1767,0.558875744695379,nan,nan
20,43,attn,0.5,4,topk,metric_leak_b_to_a,leak_b_to_a_label,1721,0.6624661246612467,nan,nan
20,43,attn,0.5,8,pre,rho_a,a_present,1776,0.5242855031771834,nan,nan
20,43,attn,0.5,8,pre,rho_b,b_present,1814,0.5801414721930108,nan,nan
20,43,attn,0.5,8,pre,metric_leak_a_to_b,leak_a_to_b_label,1814,0.5480664405547817,nan,nan
20,43,attn,0.5,8,pre,metric_leak_b_to_a,leak_b_to_a_label,1776,0.6544642857142857,nan,nan
20,43,attn,0.5,8,raw,rho_a,a_present,1776,0.5753864341658046,nan,nan
20,43,attn,0.5,8,raw,rho_b,b_present,1814,0.5542251472736397,nan,nan
20,43,attn,0.5,8,raw,metric_leak_a_to_b,leak_a_to_b_label,1814,0.46751408152141,nan,nan
20,43,attn,0.5,8,raw,metric_leak_b_to_a,leak_b_to_a_label,1776,0.5867311507936508,nan,nan
20,43,attn,0.5,8,topk,rho_a,a_present,1776,0.5076459287719817,nan,nan
20,43,attn,0.5,8,topk,rho_b,b_present,1814,0.5441533244047524,nan,nan
20,43,attn,0.5,8,topk,metric_leak_a_to_b,leak_a_to_b_label,1814,0.5571664344982133,nan,nan
20,43,attn,0.5,8,topk,metric_leak_b_to_a,leak_b_to_a_label,1776,0.6316902281746032,nan,nan
20,43,none,0.3,1,pre,rho_a,a_present,1857,0.6013636856564488,nan,nan
20,43,none,0.3,1,pre,rho_b,b_present,1861,0.5251350912943419,nan,nan
20,43,none,0.3,1,pre,metric_leak_a_to_b,leak_a_to_b_label,1857,0.4806848589397047,nan,nan
20,43,none,0.3,1,pre,metric_leak_b_to_a,leak_b_to_a_label,1861,0.6057280801096739,nan,nan
20,43,none,0.3,1,raw,rho_a,a_present,1963,0.5440261865793781,nan,nan
20,43,none,0.3,1,raw,rho_b,b_present,1963,0.5781104553747626,nan,nan
20,43,none,0.3,1,raw,metric_leak_a_to_b,leak_a_to_b_label,1963,0.5111125352473724,nan,nan
20,43,none,0.3,1,raw,metric_leak_b_to_a,leak_b_to_a_label,1963,0.5674318285265031,nan,nan
20,43,none,0.3,1,topk,rho_a,a_present,1837,0.5858781341605714,nan,nan
20,43,none,0.3,1,topk,rho_b,b_present,1879,0.5248308016243044,nan,nan
20,43,none,0.3,1,topk,metric_leak_a_to_b,leak_a_to_b_label,1837,0.48959349370114436,nan,nan
20,43,none,0.3,1,topk,metric_leak_b_to_a,leak_b_to_a_label,1879,0.6452728892591435,nan,nan
20,43,none,0.3,4,pre,rho_a,a_present,1925,0.6113134776087422,nan,nan
20,43,none,0.3,4,pre,rho_b,b_present,1934,0.5984769940295306,nan,nan
20,43,none,0.3,4,pre,metric_leak_a_to_b,leak_a_to_b_label,1925,0.5030691056910569,nan,nan
20,43,none,0.3,4,pre,metric_leak_b_to_a,leak_b_to_a_label,1934,0.6280685161832703,nan,nan
20,43,none,0.3,4,raw,rho_a,a_present,1963,0.5407192916194553,nan,nan
20,43,none,0.3,4,raw,rho_b,b_present,1963,0.6052891238783185,nan,nan
20,43,none,0.3,4,raw,metric_leak_a_to_b,leak_a_to_b_label,1963,0.5040182004614201,nan,nan
20,43,none,0.3,4,raw,metric_leak_b_to_a,leak_b_to_a_label,1963,0.5784282285761576,nan,nan
20,43,none,0.3,4,topk,rho_a,a_present,1937,0.6188199736069133,nan,nan
20,43,none,0.3,4,topk,rho_b,b_present,1938,0.5948317535545024,nan,nan
20,43,none,0.3,4,topk,metric_leak_a_to_b,leak_a_to_b_label,1937,0.5020029703914649,nan,nan
20,43,none,0.3,4,topk,metric_leak_b_to_a,leak_b_to_a_label,1938,0.609840232389252,nan,nan
20,43,none,0.3,8,pre,rho_a,a_present,1959,0.5579930184632208,nan,nan
20,43,none,0.3,8,pre,rho_b,b_present,1953,0.5893207428804172,nan,nan
20,43,none,0.3,8,pre,metric_leak_a_to_b,leak_a_to_b_label,1959,0.4346790145657256,nan,nan
20,43,none,0.3,8,pre,metric_leak_b_to_a,leak_b_to_a_label,1953,0.6236427580216312,nan,nan
20,43,none,0.3,8,raw,rho_a,a_present,1963,0.5146376264215872,nan,nan
20,43,none,0.3,8,raw,rho_b,b_present,1963,0.5956524369810478,nan,nan
20,43,none,0.3,8,raw,metric_leak_a_to_b,leak_a_to_b_label,1963,0.483074852601897,nan,nan
20,43,none,0.3,8,raw,metric_leak_b_to_a,leak_b_to_a_label,1963,0.5472338312574999,nan,nan
20,43,none,0.3,8,topk,rho_a,a_present,1961,0.5598447919840223,nan,nan
20,43,none,0.3,8,topk,rho_b,b_present,1961,0.5911814729386548,nan,nan
20,43,none,0.3,8,topk,metric_leak_a_to_b,leak_a_to_b_label,1961,0.43397872640722635,nan,nan
20,43,none,0.3,8,topk,metric_leak_b_to_a,leak_b_to_a_label,1961,0.6127749471852865,nan,nan
20,43,none,0.1,1,pre,rho_a,a_present,1857,0.6013636856564488,nan,nan
20,43,none,0.1,1,pre,rho_b,b_present,1861,0.5251350912943419,nan,nan
20,43,none,0.1,1,pre,metric_leak_a_to_b,leak_a_to_b_label,1837,0.4763500982264291,nan,nan
20,43,none,0.1,1,pre,metric_leak_b_to_a,leak_b_to_a_label,1861,0.6057280801096739,nan,nan
20,43,none,0.1,1,raw,rho_a,a_present,1963,0.5440261865793781,nan,nan
20,43,none,0.1,1,raw,rho_b,b_present,1963,0.5781104553747626,nan,nan
20,43,none,0.1,1,raw,metric_leak_a_to_b,leak_a_to_b_label,1943,0.5072289156626506,nan,nan
20,43,none,0.1,1,raw,metric_leak_b_to_a,leak_b_to_a_label,1963,0.5674318285265031,nan,nan
20,43,none,0.1,1,topk,rho_a,a_present,1837,0.5858781341605714,nan,nan
20,43,none,0.1,1,topk,rho_b,b_present,1879,0.5248308016243044,nan,nan
20,43,none,0.1,1,topk,metric_leak_a_to_b,leak_a_to_b_label,1817,0.48542265949611596,nan,nan
20,43,none,0.1,1,topk,metric_leak_b_to_a,leak_b_to_a_label,1879,0.6452728892591435,nan,nan
20,43,none,0.1,4,pre,rho_a,a_present,1925,0.6113134776087422,nan,nan
20,43,none,0.1,4,pre,rho_b,b_present,1934,0.5984769940295306,nan,nan
20,43,none,0.1,4,pre,metric_leak_a_to_b,leak_a_to_b_label,1905,0.49897945205479455,nan,nan
20,43,none,0.1,4,pre,metric_leak_b_to_a,leak_b_to_a_label,1934,0.6280685161832703,nan,nan
20,43,none,0.1,4,raw,rho_a,a_present,1963,0.5407192916194553,nan,nan
20,43,none,0.1,4,raw,rho_b,b_present,1963,0.6052891238783185,nan,nan
20,43,none,0.1,4,raw,metric_leak_a_to_b,leak_a_to_b_label,1943,0.5030768234227232,nan,nan
20,43,none,0.1,4,raw,metric_leak_b_to_a,leak_b_to_a_label,1963,0.5784282285761576,nan,nan
20,43,none,0.1,4,topk,rho_a,a_present,1937,0.6188199736069133,nan,nan
20,43,none,0.1,4,topk,rho_b,b_present,1938,0.5948317535545024,nan,nan
20,43,none,0.1,4,topk,metric_leak_a_to_b,leak_a_to_b_label,1917,0.49813363452294046,nan,nan
20,43,none,0.1,4,topk,metric_leak_b_to_a,leak_b_to_a_label,1938,0.609840232389252,nan,nan
20,43,none,0.1,8,pre,rho_a,a_present,1959,0.5579930184632208,nan,nan
20,43,none,0.1,8,pre,rho_b,b_present,1953,0.5893207428804172,nan,nan
20,43,none,0.1,8,pre,metric_leak_a_to_b,leak_a_to_b_label,1939,0.43174205442459496,nan,nan
20,43,none,0.1,8,pre,metric_leak_b_to_a,leak_b_to_a_label,1953,0.6236427580216312,nan,nan
20,43,none,0.1,8,raw,rho_a,a_present,1963,0.5146376264215872,nan,nan
20,43,none,0.1,8,raw,rho_b,b_present,1963,0.5956524369810478,nan,nan
20,43,none,0.1,8,raw,metric_leak_a_to_b,leak_a_to_b_label,1943,0.4834693613162327,nan,nan
20,43,none,0.1,8,raw,metric_leak_b_to_a,leak_b_to_a_label,1963,0.5472338312574999,nan,nan
20,43,none,0.1,8,topk,rho_a,a_present,1961,0.5598447919840223,nan,nan
20,43,none,0.1,8,topk,rho_b,b_present,1961,0.5911814729386548,nan,nan
20,43,none,0.1,8,topk,metric_leak_a_to_b,leak_a_to_b_label,1941,0.4307196493184795,nan,nan
20,43,none,0.1,8,topk,metric_leak_b_to_a,leak_b_to_a_label,1961,0.6127749471852865,nan,nan
20,43,none,0.5,1,pre,rho_a,a_present,1857,0.6013636856564488,nan,nan
20,43,none,0.5,1,pre,rho_b,b_present,1861,0.5251350912943419,nan,nan
20,43,none,0.5,1,pre,metric_leak_a_to_b,leak_a_to_b_label,1857,0.4806848589397047,nan,nan
20,43,none,0.5,1,pre,metric_leak_b_to_a,leak_b_to_a_label,1861,0.6057280801096739,nan,nan
20,43,none,0.5,1,raw,rho_a,a_present,1963,0.5440261865793781,nan,nan
20,43,none,0.5,1,raw,rho_b,b_present,1963,0.5781104553747626,nan,nan
20,43,none,0.5,1,raw,metric_leak_a_to_b,leak_a_to_b_label,1963,0.5111125352473724,nan,nan
20,43,none,0.5,1,raw,metric_leak_b_to_a,leak_b_to_a_label,1963,0.5674318285265031,nan,nan
20,43,none,0.5,1,topk,rho_a,a_present,1837,0.5858781341605714,nan,nan
20,43,none,0.5,1,topk,rho_b,b_present,1879,0.5248308016243044,nan,nan
20,43,none,0.5,1,topk,metric_leak_a_to_b,leak_a_to_b_label,1837,0.48959349370114436,nan,nan
20,43,none,0.5,1,topk,metric_leak_b_to_a,leak_b_to_a_label,1879,0.6452728892591435,nan,nan
20,43,none,0.5,4,pre,rho_a,a_present,1925,0.6113134776087422,nan,nan
20,43,none,0.5,4,pre,rho_b,b_present,1934,0.5984769940295306,nan,nan
20,43,none,0.5,4,pre,metric_leak_a_to_b,leak_a_to_b_label,1925,0.5030691056910569,nan,nan
20,43,none,0.5,4,pre,metric_leak_b_to_a,leak_b_to_a_label,1934,0.6280685161832703,nan,nan
20,43,none,0.5,4,raw,rho_a,a_present,1963,0.5407192916194553,nan,nan
20,43,none,0.5,4,raw,rho_b,b_present,1963,0.6052891238783185,nan,nan
20,43,none,0.5,4,raw,metric_leak_a_to_b,leak_a_to_b_label,1963,0.5040182004614201,nan,nan
20,43,none,0.5,4,raw,metric_leak_b_to_a,leak_b_to_a_label,1963,0.5784282285761576,nan,nan
20,43,none,0.5,4,topk,rho_a,a_present,1937,0.6188199736069133,nan,nan
20,43,none,0.5,4,topk,rho_b,b_present,1938,0.5948317535545024,nan,nan
20,43,none,0.5,4,topk,metric_leak_a_to_b,leak_a_to_b_label,1937,0.5020029703914649,nan,nan
20,43,none,0.5,4,topk,metric_leak_b_to_a,leak_b_to_a_label,1938,0.609840232389252,nan,nan
20,43,none,0.5,8,pre,rho_a,a_present,1959,0.5579930184632208,nan,nan
20,43,none,0.5,8,pre,rho_b,b_present,1953,0.5893207428804172,nan,nan
20,43,none,0.5,8,pre,metric_leak_a_to_b,leak_a_to_b_label,1959,0.4346790145657256,nan,nan
20,43,none,0.5,8,pre,metric_leak_b_to_a,leak_b_to_a_label,1953,0.6236427580216312,nan,nan
20,43,none,0.5,8,raw,rho_a,a_present,1963,0.5146376264215872,nan,nan
20,43,none,0.5,8,raw,rho_b,b_present,1963,0.5956524369810478,nan,nan
20,43,none,0.5,8,raw,metric_leak_a_to_b,leak_a_to_b_label,1963,0.483074852601897,nan,nan
20,43,none,0.5,8,raw,metric_leak_b_to_a,leak_b_to_a_label,1963,0.5472338312574999,nan,nan
20,43,none,0.5,8,topk,rho_a,a_present,1961,0.5598447919840223,nan,nan
20,43,none,0.5,8,topk,rho_b,b_present,1961,0.5911814729386548,nan,nan
20,43,none,0.5,8,topk,metric_leak_a_to_b,leak_a_to_b_label,1961,0.43397872640722635,nan,nan
20,43,none,0.5,8,topk,metric_leak_b_to_a,leak_b_to_a_label,1961,0.6127749471852865,nan,nan
23,42,attn,0.3,1,pre,rho_a,a_present,1442,0.5032313523229008,nan,nan
23,42,attn,0.3,1,pre,rho_b,b_present,1533,0.4569512921099629,nan,nan
23,42,attn,0.3,1,pre,metric_leak_a_to_b,leak_a_to_b_label,1393,0.4480416976917349,nan,nan
23,42,attn,0.3,1,pre,metric_leak_b_to_a,leak_b_to_a_label,1456,0.5433391702586207,nan,nan
23,42,attn,0.3,1,raw,rho_a,a_present,1682,0.47963752732009446,nan,nan
23,42,attn,0.3,1,raw,rho_b,b_present,1687,0.5074374577417173,nan,nan
23,42,attn,0.3,1,raw,metric_leak_a_to_b,leak_a_to_b_label,1687,0.5349952330211429,nan,nan
23,42,attn,0.3,1,raw,metric_leak_b_to_a,leak_b_to_a_label,1682,0.5615565075479396,nan,nan
23,42,attn,0.3,1,topk,rho_a,a_present,1440,0.5031970687549393,nan,nan
23,42,attn,0.3,1,topk,rho_b,b_present,1525,0.45713051964649476,nan,nan
23,42,attn,0.3,1,topk,metric_leak_a_to_b,leak_a_to_b_label,1408,0.5295129105437312,nan,nan
23,42,attn,0.3,1,topk,metric_leak_b_to_a,leak_b_to_a_label,1517,0.5526387235553328,nan,nan
23,42,attn,0.3,4,pre,rho_a,a_present,1666,0.5404252437703142,nan,nan
23,42,attn,0.3,4,pre,rho_b,b_present,1727,0.5578724255649063,nan,nan
23,42,attn,0.3,4,pre,metric_leak_a_to_b,leak_a_to_b_label,1704,0.49163490853658537,nan,nan
23,42,attn,0.3,4,pre,metric_leak_b_to_a,leak_b_to_a_label,1660,0.6333937698435488,nan,nan
23,42,attn,0.3,4,raw,rho_a,a_present,1721,0.5569192712049855,nan,nan
23,42,attn,0.3,4,raw,rho_b,b_present,1767,0.49865739630783984,nan,nan
23,42,attn,0.3,4,raw,metric_leak_a_to_b,leak_a_to_b_label,1767,0.5290537887711032,nan,nan
23,42,attn,0.3,4,raw,metric_leak_b_to_a,leak_b_to_a_label,1721,0.5955359831376091,nan,nan
23,42,attn,0.3,4,topk,rho_a,a_present,1677,0.5456501540417624,nan,nan
23,42,attn,0.3,4,topk,rho_b,b_present,1719,0.5398188155048039,nan,nan
23,42,attn,0.3,4,topk,metric_leak_a_to_b,leak_a_to_b_label,1721,0.5205811138014528,nan,nan
23,42,attn,0.3,4,topk,metric_leak_b_to_a,leak_b_to_a_label,1661,0.631255100897758,nan,nan
23,42,attn,0.3,8,pre,rho_a,a_present,1772,0.5058629740891504,nan,nan
23,42,attn,0.3,8,pre,rho_b,b_present,1814,0.5632038049818925,nan,nan
23,42,attn,0.3,8,pre,metric_leak_a_to_b,leak_a_to_b_label,1811,0.5802972849992416,nan,nan
23,42,attn,0.3,8,pre,metric_leak_b_to_a,leak_b_to_a_label,1776,0.639093501984127,nan,nan
23,42,attn,0.3,8,raw,rho_a,a_present,1776,0.5125461799911334,nan,nan
23,42,attn,0.3,8,raw,rho_b,b_present,1814,0.5725052980153619,nan,nan
23,42,attn,0.3,8,raw,metric_leak_a_to_b,leak_a_to_b_label,1814,0.5118330204106354,nan,nan
23,42,attn,0.3,8,raw,metric_leak_b_to_a,leak_b_to_a_label,1776,0.5824156746031746,nan,nan
23,42,attn,0.3,8,topk,rho_a,a_present,1776,0.516471109797547,nan,nan
23,42,attn,0.3,8,topk,rho_b,b_present,1814,0.5646453765826123,nan,nan
23,42,attn,0.3,8,topk,metric_leak_a_to_b,leak_a_to_b_label,1814,0.5743065229241112,nan,nan
23,42,attn,0.3,8,topk,metric_leak_b_to_a,leak_b_to_a_label,1776,0.6510974702380953,nan,nan
23,42,attn,0.1,1,pre,rho_a,a_present,1442,0.5032313523229008,nan,nan
23,42,attn,0.1,1,pre,rho_b,b_present,1533,0.4569512921099629,nan,nan
23,42,attn,0.1,1,pre,metric_leak_a_to_b,leak_a_to_b_label,1375,0.4417811320754717,nan,nan
23,42,attn,0.1,1,pre,metric_leak_b_to_a,leak_b_to_a_label,1456,0.5433391702586207,nan,nan
23,42,attn,0.1,1,raw,rho_a,a_present,1682,0.47963752732009446,nan,nan
23,42,attn,0.1,1,raw,rho_b,b_present,1687,0.5074374577417173,nan,nan
23,42,attn,0.1,1,raw,metric_leak_a_to_b,leak_a_to_b_label,1669,0.5332236904289306,nan,nan
23,42,attn,0.1,1,raw,metric_leak_b_to_a,leak_b_to_a_label,1682,0.5615565075479396,nan,nan
23,42,attn,0.1,1,topk,rho_a,a_present,1440,0.5031970687549393,nan,nan
23,42,attn,0.1,1,topk,rho_b,b_present,1525,0.45713051964649476,nan,nan
23,42,attn,0.1,1,topk,metric_leak_a_to_b,leak_a_to_b_label,1390,0.5240229026636793,nan,nan
23,42,attn,0.1,1,topk,metric_leak_b_to_a,leak_b_to_a_label,1517,0.5526387235553328,nan,nan
23,42,attn,0.1,4,pre,rho_a,a_present,1666,0.5404252437703142,nan,nan
23,42,attn,0.1,4,pre,rho_b,b_present,1727,0.5578724255649063,nan,nan
23,42,attn,0.1,4,pre,metric_leak_a_to_b,leak_a_to_b_label,1689,0.4875288461538462,nan,nan
23,42,attn,0.1,4,pre,metric_leak_b_to_a,leak_b_to_a_label,1660,0.6333937698435488,nan,nan
23,42,attn,0.1,4,raw,rho_a,a_present,1721,0.5569192712049855,nan,nan
23,42,attn,0.1,4,raw,rho_b,b_present,1767,0.49865739630783984,nan,nan
23,42,attn,0.1,4,raw,metric_leak_a_to_b,leak_a_to_b_label,1752,0.5266561609272606,nan,nan
23,42,attn,0.1,4,raw,metric_leak_b_to_a,leak_b_to_a_label,1721,0.5955359831376091,nan,nan
23,42,attn,0.1,4,topk,rho_a,a_present,1677,0.5456501540417624,nan,nan
23,42,attn,0.1,4,topk,rho_b,b_present,1719,0.5398188155048039,nan,nan
23,42,attn,0.1,4,topk,metric_leak_a_to_b,leak_a_to_b_label,1706,0.5166750772445177,nan,nan
23,42,attn,0.1,4,topk,metric_leak_b_to_a,leak_b_to_a_label,1661,0.631255100897758,nan,nan
23,42,attn,0.1,8,pre,rho_a,a_present,1772,0.5058629740891504,nan,nan
23,42,attn,0.1,8,pre,rho_b,b_present,1814,0.5632038049818925,nan,nan
23,42,attn,0.1,8,pre,metric_leak_a_to_b,leak_a_to_b_label,1791,0.5786941844406935,nan,nan
23,42,attn,0.1,8,pre,metric_leak_b_to_a,leak_b_to_a_label,1776,0.639093501984127,nan,nan
23,42,attn,0.1,8,raw,rho_a,a_present,1776,0.5125461799911334,nan,nan
23,42,attn,0.1,8,raw,rho_b,b_present,1814,0.5725052980153619,nan,nan
23,42,attn,0.1,8,raw,metric_leak_a_to_b,leak_a_to_b_label,1794,0.5117256908277679,nan,nan
23,42,attn,0.1,8,raw,metric_leak_b_to_a,leak_b_to_a_label,1776,0.5824156746031746,nan,nan
23,42,attn,0.1,8,topk,rho_a,a_present,1776,0.516471109797547,nan,nan
23,42,attn,0.1,8,topk,rho_b,b_present,1814,0.5646453765826123,nan,nan
23,42,attn,0.1,8,topk,metric_leak_a_to_b,leak_a_to_b_label,1794,0.5710051467434594,nan,nan
23,42,attn,0.1,8,topk,metric_leak_b_to_a,leak_b_to_a_label,1776,0.6510974702380953,nan,nan
23,42,attn,0.5,1,pre,rho_a,a_present,1442,0.5032313523229008,nan,nan
23,42,attn,0.5,1,pre,rho_b,b_present,1533,0.4569512921099629,nan,nan
23,42,attn,0.5,1,pre,metric_leak_a_to_b,leak_a_to_b_label,1393,0.4480416976917349,nan,nan
23,42,attn,0.5,1,pre,metric_leak_b_to_a,leak_b_to_a_label,1456,0.5433391702586207,nan,nan
23,42,attn,0.5,1,raw,rho_a,a_present,1682,0.47963752732009446,nan,nan
23,42,attn,0.5,1,raw,rho_b,b_present,1687,0.5074374577417173,nan,nan
23,42,attn,0.5,1,raw,metric_leak_a_to_b,leak_a_to_b_label,1687,0.5349952330211429,nan,nan
23,42,attn,0.5,1,raw,metric_leak_b_to_a,leak_b_to_a_label,1682,0.5615565075479396,nan,nan
23,42,attn,0.5,1,topk,rho_a,a_present,1440,0.5031970687549393,nan,nan
23,42,attn,0.5,1,topk,rho_b,b_present,1525,0.45713051964649476,nan,nan
23,42,attn,0.5,1,topk,metric_leak_a_to_b,leak_a_to_b_label,1408,0.5295129105437312,nan,nan
23,42,attn,0.5,1,topk,metric_leak_b_to_a,leak_b_to_a_label,1517,0.5526387235553328,nan,nan
23,42,attn,0.5,4,pre,rho_a,a_present,1666,0.5404252437703142,nan,nan
23,42,attn,0.5,4,pre,rho_b,b_present,1727,0.5578724255649063,nan,nan
23,42,attn,0.5,4,pre,metric_leak_a_to_b,leak_a_to_b_label,1704,0.49163490853658537,nan,nan
23,42,attn,0.5,4,pre,metric_leak_b_to_a,leak_b_to_a_label,1660,0.6333937698435488,nan,nan
23,42,attn,0.5,4,raw,rho_a,a_present,1721,0.5569192712049855,nan,nan
23,42,attn,0.5,4,raw,rho_b,b_present,1767,0.49865739630783984,nan,nan
23,42,attn,0.5,4,raw,metric_leak_a_to_b,leak_a_to_b_label,1767,0.5290537887711032,nan,nan
23,42,attn,0.5,4,raw,metric_leak_b_to_a,leak_b_to_a_label,1721,0.5955359831376091,nan,nan
23,42,attn,0.5,4,topk,rho_a,a_present,1677,0.5456501540417624,nan,nan
23,42,attn,0.5,4,topk,rho_b,b_present,1719,0.5398188155048039,nan,nan
23,42,attn,0.5,4,topk,metric_leak_a_to_b,leak_a_to_b_label,1721,0.5205811138014528,nan,nan
23,42,attn,0.5,4,topk,metric_leak_b_to_a,leak_b_to_a_label,1661,0.631255100897758,nan,nan
23,42,attn,0.5,8,pre,rho_a,a_present,1772,0.5058629740891504,nan,nan
23,42,attn,0.5,8,pre,rho_b,b_present,1814,0.5632038049818925,nan,nan
23,42,attn,0.5,8,pre,metric_leak_a_to_b,leak_a_to_b_label,1811,0.5802972849992416,nan,nan
23,42,attn,0.5,8,pre,metric_leak_b_to_a,leak_b_to_a_label,1776,0.639093501984127,nan,nan
23,42,attn,0.5,8,raw,rho_a,a_present,1776,0.5125461799911334,nan,nan
23,42,attn,0.5,8,raw,rho_b,b_present,1814,0.5725052980153619,nan,nan
23,42,attn,0.5,8,raw,metric_leak_a_to_b,leak_a_to_b_label,1814,0.5118330204106354,nan,nan
23,42,attn,0.5,8,raw,metric_leak_b_to_a,leak_b_to_a_label,1776,0.5824156746031746,nan,nan
23,42,attn,0.5,8,topk,rho_a,a_present,1776,0.516471109797547,nan,nan
23,42,attn,0.5,8,topk,rho_b,b_present,1814,0.5646453765826123,nan,nan
23,42,attn,0.5,8,topk,metric_leak_a_to_b,leak_a_to_b_label,1814,0.5743065229241112,nan,nan
23,42,attn,0.5,8,topk,metric_leak_b_to_a,leak_b_to_a_label,1776,0.6510974702380953,nan,nan
23,42,none,0.3,1,pre,rho_a,a_present,1272,0.614718893613366,nan,nan
23,42,none,0.3,1,pre,rho_b,b_present,1163,0.4727796866052371,nan,nan
23,42,none,0.3,1,pre,metric_leak_a_to_b,leak_a_to_b_label,1272,0.5587384259259259,nan,nan
23,42,none,0.3,1,pre,metric_leak_b_to_a,leak_b_to_a_label,1163,0.550994498518832,nan,nan
23,42,none,0.3,1,raw,rho_a,a_present,1963,0.46907129967686434,nan,nan
23,42,none,0.3,1,raw,rho_b,b_present,1963,0.44177495624976726,nan,nan
23,42,none,0.3,1,raw,metric_leak_a_to_b,leak_a_to_b_label,1963,0.4670148679825686,nan,nan
23,42,none,0.3,1,raw,metric_leak_b_to_a,leak_b_to_a_label,1963,0.5963866015641164,nan,nan
23,42,none,0.3,1,topk,rho_a,a_present,1310,0.5601378619612926,nan,nan
23,42,none,0.3,1,topk,rho_b,b_present,1196,0.44931957793257504,nan,nan
23,42,none,0.3,1,topk,metric_leak_a_to_b,leak_a_to_b_label,1310,0.535110467222021,nan,nan
23,42,none,0.3,1,topk,metric_leak_b_to_a,leak_b_to_a_label,1196,0.5162002028361475,nan,nan
23,42,none,0.3,4,pre,rho_a,a_present,1744,0.6039448047615235,nan,nan
23,42,none,0.3,4,pre,rho_b,b_present,1831,0.5974283884429845,nan,nan
23,42,none,0.3,4,pre,metric_leak_a_to_b,leak_a_to_b_label,1744,0.44197962011099906,nan,nan
23,42,none,0.3,4,pre,metric_leak_b_to_a,leak_b_to_a_label,1831,0.611635446685879,nan,nan
23,42,none,0.3,4,raw,rho_a,a_present,1963,0.5531956859289101,nan,nan
23,42,none,0.3,4,raw,rho_b,b_present,1963,0.5107909483561083,nan,nan
23,42,none,0.3,4,raw,metric_leak_a_to_b,leak_a_to_b_label,1963,0.4889964111766214,nan,nan
23,42,none,0.3,4,raw,metric_leak_b_to_a,leak_b_to_a_label,1963,0.5927814788761534,nan,nan
23,42,none,0.3,4,topk,rho_a,a_present,1709,0.6049344159900062,nan,nan
23,42,none,0.3,4,topk,rho_b,b_present,1785,0.5964427027231836,nan,nan
23,42,none,0.3,4,topk,metric_leak_a_to_b,leak_a_to_b_label,1709,0.4237293464761276,nan,nan
23,42,none,0.3,4,topk,metric_leak_b_to_a,leak_b_to_a_label,1785,0.6278293366552475,nan,nan
23,42,none,0.3,8,pre,rho_a,a_present,1949,0.5761872541971498,nan,nan
23,42,none,0.3,8,pre,rho_b,b_present,1915,0.570839545398998,nan,nan
23,42,none,0.3,8,pre,metric_leak_a_to_b,leak_a_to_b_label,1949,0.4549688426718225,nan,nan
23,42,none,0.3,8,pre,metric_leak_b_to_a,leak_b_to_a_label,1915,0.6217319637145633,nan,nan
23,42,none,0.3,8,raw,rho_a,a_present,1963,0.4984430735658232,nan,nan
23,42,none,0.3,8,raw,rho_b,b_present,1963,0.5516043303421827,nan,nan
23,42,none,0.3,8,raw,metric_leak_a_to_b,leak_a_to_b_label,1963,0.49376441937964627,nan,nan
23,42,none,0.3,8,raw,metric_leak_b_to_a,leak_b_to_a_label,1963,0.5685904332354037,nan,nan
23,42,none,0.3,8,topk,rho_a,a_present,1951,0.5695930019826582,nan,nan
23,42,none,0.3,8,topk,rho_b,b_present,1947,0.570041249263406,nan,nan
23,42,none,0.3,8,topk,metric_leak_a_to_b,leak_a_to_b_label,1951,0.44492531152447046,nan,nan
23,42,none,0.3,8,topk,metric_leak_b_to_a,leak_b_to_a_label,1947,0.5940432541580318,nan,nan
23,42,none,0.1,1,pre,rho_a,a_present,1272,0.614718893613366,nan,nan
23,42,none,0.1,1,pre,rho_b,b_present,1163,0.4727796866052371,nan,nan
23,42,none,0.1,1,pre,metric_leak_a_to_b,leak_a_to_b_label,1254,0.5521697070204533,nan,nan
23,42,none,0.1,1,pre,metric_leak_b_to_a,leak_b_to_a_label,1163,0.550994498518832,nan,nan
23,42,none,0.1,1,raw,rho_a,a_present,1963,0.46907129967686434,nan,nan
23,42,none,0.1,1,raw,rho_b,b_present,1963,0.44177495624976726,nan,nan
23,42,none,0.1,1,raw,metric_leak_a_to_b,leak_a_to_b_label,1943,0.46237206892084465,nan,nan
23,42,none,0.1,1,raw,metric_leak_b_to_a,leak_b_to_a_label,1963,0.5963866015641164,nan,nan
23,42,none,0.1,1,topk,rho_a,a_present,1310,0.5601378619612926,nan,nan
23,42,none,0.1,1,topk,rho_b,b_present,1196,0.44931957793257504,nan,nan
23,42,none,0.1,1,topk,metric_leak_a_to_b,leak_a_to_b_label,1294,0.5293711937779735,nan,nan
23,42,none,0.1,1,topk,metric_leak_b_to_a,leak_b_to_a_label,1196,0.5162002028361475,nan,nan
23,42,none,0.1,4,pre,rho_a,a_present,1744,0.6039448047615235,nan,nan
23,42,none,0.1,4,pre,rho_b,b_present,1831,0.5974283884429845,nan,nan
23,42,none,0.1,4,pre,metric_leak_a_to_b,leak_a_to_b_label,1724,0.4382565983256308,nan,nan
23,42,none,0.1,4,pre,metric_leak_b_to_a,leak_b_to_a_label,1831,0.611635446685879,nan,nan
23,42,none,0.1,4,raw,rho_a,a_present,1963,0.5531956859289101,nan,nan
23,42,none,0.1,4,raw,rho_b,b_present,1963,0.5107909483561083,nan,nan
23,42,none,0.1,4,raw,metric_leak_a_to_b,leak_a_to_b_label,1943,0.48784816686099236,nan,nan
23,42,none,0.1,4,raw,metric_leak_b_to_a,leak_b_to_a_label,1963,0.5927814788761534,nan,nan
23,42,none,0.1,4,topk,rho_a,a_present,1709,0.6049344159900062,nan,nan
23,42,none,0.1,4,topk,rho_b,b_present,1785,0.5964427027231836,nan,nan
23,42,none,0.1,4,topk,metric_leak_a_to_b,leak_a_to_b_label,1689,0.42010059049165194,nan,nan
23,42,none,0.1,4,topk,metric_leak_b_to_a,leak_b_to_a_label,1785,0.6278293366552475,nan,nan
23,42,none,0.1,8,pre,rho_a,a_present,1949,0.5761872541971498,nan,nan
23,42,none,0.1,8,pre,rho_b,b_present,1915,0.570839545398998,nan,nan
23,42,none,0.1,8,pre,metric_leak_a_to_b,leak_a_to_b_label,1929,0.4525004291732143,nan,nan
23,42,none,0.1,8,pre,metric_leak_b_to_a,leak_b_to_a_label,1915,0.6217319637145633,nan,nan
23,42,none,0.1,8,raw,rho_a,a_present,1963,0.4984430735658232,nan,nan
23,42,none,0.1,8,raw,rho_b,b_present,1963,0.5516043303421827,nan,nan
23,42,none,0.1,8,raw,metric_leak_a_to_b,leak_a_to_b_label,1943,0.4942090944422853,nan,nan
23,42,none,0.1,8,raw,metric_leak_b_to_a,leak_b_to_a_label,1963,0.5685904332354037,nan,nan
23,42,none,0.1,8,topk,rho_a,a_present,1951,0.5695930019826582,nan,nan
23,42,none,0.1,8,topk,rho_b,b_present,1947,0.570041249263406,nan,nan
23,42,none,0.1,8,topk,metric_leak_a_to_b,leak_a_to_b_label,1931,0.4423929484170448,nan,nan
23,42,none,0.1,8,topk,metric_leak_b_to_a,leak_b_to_a_label,1947,0.5940432541580318,nan,nan
23,42,none,0.5,1,pre,rho_a,a_present,1272,0.614718893613366,nan,nan
23,42,none,0.5,1,pre,rho_b,b_present,1163,0.4727796866052371,nan,nan
23,42,none,0.5,1,pre,metric_leak_a_to_b,leak_a_to_b_label,1272,0.5587384259259259,nan,nan
23,42,none,0.5,1,pre,metric_leak_b_to_a,leak_b_to_a_label,1163,0.550994498518832,nan,nan
23,42,none,0.5,1,raw,rho_a,a_present,1963,0.46907129967686434,nan,nan
23,42,none,0.5,1,raw,rho_b,b_present,1963,0.44177495624976726,nan,nan
23,42,none,0.5,1,raw,metric_leak_a_to_b,leak_a_to_b_label,1963,0.4670148679825686,nan,nan
23,42,none,0.5,1,raw,metric_leak_b_to_a,leak_b_to_a_label,1963,0.5963866015641164,nan,nan
23,42,none,0.5,1,topk,rho_a,a_present,1310,0.5601378619612926,nan,nan
23,42,none,0.5,1,topk,rho_b,b_present,1196,0.44931957793257504,nan,nan
23,42,none,0.5,1,topk,metric_leak_a_to_b,leak_a_to_b_label,1310,0.535110467222021,nan,nan
23,42,none,0.5,1,topk,metric_leak_b_to_a,leak_b_to_a_label,1196,0.5162002028361475,nan,nan
23,42,none,0.5,4,pre,rho_a,a_present,1744,0.6039448047615235,nan,nan
23,42,none,0.5,4,pre,rho_b,b_present,1831,0.5974283884429845,nan,nan
23,42,none,0.5,4,pre,metric_leak_a_to_b,leak_a_to_b_label,1744,0.44197962011099906,nan,nan
23,42,none,0.5,4,pre,metric_leak_b_to_a,leak_b_to_a_label,1831,0.611635446685879,nan,nan
23,42,none,0.5,4,raw,rho_a,a_present,1963,0.5531956859289101,nan,nan
23,42,none,0.5,4,raw,rho_b,b_present,1963,0.5107909483561083,nan,nan
23,42,none,0.5,4,raw,metric_leak_a_to_b,leak_a_to_b_label,1963,0.4889964111766214,nan,nan
23,42,none,0.5,4,raw,metric_leak_b_to_a,leak_b_to_a_label,1963,0.5927814788761534,nan,nan
23,42,none,0.5,4,topk,rho_a,a_present,1709,0.6049344159900062,nan,nan
23,42,none,0.5,4,topk,rho_b,b_present,1785,0.5964427027231836,nan,nan
23,42,none,0.5,4,topk,metric_leak_a_to_b,leak_a_to_b_label,1709,0.4237293464761276,nan,nan
23,42,none,0.5,4,topk,metric_leak_b_to_a,leak_b_to_a_label,1785,0.6278293366552475,nan,nan
23,42,none,0.5,8,pre,rho_a,a_present,1949,0.5761872541971498,nan,nan
23,42,none,0.5,8,pre,rho_b,b_present,1915,0.570839545398998,nan,nan
23,42,none,0.5,8,pre,metric_leak_a_to_b,leak_a_to_b_label,1949,0.4549688426718225,nan,nan
23,42,none,0.5,8,pre,metric_leak_b_to_a,leak_b_to_a_label,1915,0.6217319637145633,nan,nan
23,42,none,0.5,8,raw,rho_a,a_present,1963,0.4984430735658232,nan,nan
23,42,none,0.5,8,raw,rho_b,b_present,1963,0.5516043303421827,nan,nan
23,42,none,0.5,8,raw,metric_leak_a_to_b,leak_a_to_b_label,1963,0.49376441937964627,nan,nan
23,42,none,0.5,8,raw,metric_leak_b_to_a,leak_b_to_a_label,1963,0.5685904332354037,nan,nan
23,42,none,0.5,8,topk,rho_a,a_present,1951,0.5695930019826582,nan,nan
23,42,none,0.5,8,topk,rho_b,b_present,1947,0.570041249263406,nan,nan
23,42,none,0.5,8,topk,metric_leak_a_to_b,leak_a_to_b_label,1951,0.44492531152447046,nan,nan
23,42,none,0.5,8,topk,metric_leak_b_to_a,leak_b_to_a_label,1947,0.5940432541580318,nan,nan
23,43,attn,0.3,1,pre,rho_a,a_present,1457,0.5428294390313121,nan,nan
23,43,attn,0.3,1,pre,rho_b,b_present,1582,0.43315119952189873,nan,nan
23,43,attn,0.3,1,pre,metric_leak_a_to_b,leak_a_to_b_label,1386,0.4056253212895645,nan,nan
23,43,attn,0.3,1,pre,metric_leak_b_to_a,leak_b_to_a_label,1505,0.5254513078717917,nan,nan
23,43,attn,0.3,1,raw,rho_a,a_present,1682,0.47963752732009446,nan,nan
23,43,attn,0.3,1,raw,rho_b,b_present,1687,0.5074374577417173,nan,nan
23,43,attn,0.3,1,raw,metric_leak_a_to_b,leak_a_to_b_label,1687,0.5349952330211429,nan,nan
23,43,attn,0.3,1,raw,metric_leak_b_to_a,leak_b_to_a_label,1682,0.5615565075479396,nan,nan
23,43,attn,0.3,1,topk,rho_a,a_present,1470,0.5252496856966602,nan,nan
23,43,attn,0.3,1,topk,rho_b,b_present,1569,0.4496460404210835,nan,nan
23,43,attn,0.3,1,topk,metric_leak_a_to_b,leak_a_to_b_label,1421,0.47059731440037045,nan,nan
23,43,attn,0.3,1,topk,metric_leak_b_to_a,leak_b_to_a_label,1496,0.5162958253867345,nan,nan
23,43,attn,0.3,4,pre,rho_a,a_present,1659,0.5677838238931486,nan,nan
23,43,attn,0.3,4,pre,rho_b,b_present,1735,0.5401285189718482,nan,nan
23,43,attn,0.3,4,pre,metric_leak_a_to_b,leak_a_to_b_label,1709,0.537794452887538,nan,nan
23,43,attn,0.3,4,pre,metric_leak_b_to_a,leak_b_to_a_label,1666,0.6437194020579797,nan,nan
23,43,attn,0.3,4,raw,rho_a,a_present,1721,0.5569192712049855,nan,nan
23,43,attn,0.3,4,raw,rho_b,b_present,1767,0.49865739630783984,nan,nan
23,43,attn,0.3,4,raw,metric_leak_a_to_b,leak_a_to_b_label,1767,0.5290537887711032,nan,nan
23,43,attn,0.3,4,raw,metric_leak_b_to_a,leak_b_to_a_label,1721,0.5955359831376091,nan,nan
23,43,attn,0.3,4,topk,rho_a,a_present,1680,0.5330864408434205,nan,nan
23,43,attn,0.3,4,topk,rho_b,b_present,1716,0.5468695288412376,nan,nan
23,43,attn,0.3,4,topk,metric_leak_a_to_b,leak_a_to_b_label,1726,0.5272920427196149,nan,nan
23,43,attn,0.3,4,topk,metric_leak_b_to_a,leak_b_to_a_label,1645,0.6479056533617861,nan,nan
23,43,attn,0.3,8,pre,rho_a,a_present,1776,0.5007181912221073,nan,nan
23,43,attn,0.3,8,pre,rho_b,b_present,1814,0.5541963797694125,nan,nan
23,43,attn,0.3,8,pre,metric_leak_a_to_b,leak_a_to_b_label,1814,0.5752680031494155,nan,nan
23,43,attn,0.3,8,pre,metric_leak_b_to_a,leak_b_to_a_label,1776,0.6404203869047619,nan,nan
23,43,attn,0.3,8,raw,rho_a,a_present,1776,0.5125461799911334,nan,nan
23,43,attn,0.3,8,raw,rho_b,b_present,1814,0.5725052980153619,nan,nan
23,43,attn,0.3,8,raw,metric_leak_a_to_b,leak_a_to_b_label,1814,0.5118330204106354,nan,nan
23,43,attn,0.3,8,raw,metric_leak_b_to_a,leak_b_to_a_label,1776,0.5824156746031746,nan,nan
23,43,attn,0.3,8,topk,rho_a,a_present,1776,0.5277434609132555,nan,nan
23,43,attn,0.3,8,topk,rho_b,b_present,1814,0.5609695288202446,nan,nan
23,43,attn,0.3,8,topk,metric_leak_a_to_b,leak_a_to_b_label,1814,0.5460223487372055,nan,nan
23,43,attn,0.3,8,topk,metric_leak_b_to_a,leak_b_to_a_label,1776,0.6305679563492064,nan,nan
23,43,attn,0.1,1,pre,rho_a,a_present,1457,0.5428294390313121,nan,nan
23,43,attn,0.1,1,pre,rho_b,b_present,1582,0.43315119952189873,nan,nan
23,43,attn,0.1,1,pre,metric_leak_a_to_b,leak_a_to_b_label,1368,0.40129825658433455,nan,nan
23,43,attn,0.1,1,pre,metric_leak_b_to_a,leak_b_to_a_label,1505,0.5254513078717917,nan,nan
23,43,attn,0.1,1,raw,rho_a,a_present,1682,0.47963752732009446,nan,nan
23,43,attn,0.1,1,raw,rho_b,b_present,1687,0.5074374577417173,nan,nan
23,43,attn,0.1,1,raw,metric_leak_a_to_b,leak_a_to_b_label,1669,0.5332236904289306,nan,nan
23,43,attn,0.1,1,raw,metric_leak_b_to_a,leak_b_to_a_label,1682,0.5615565075479396,nan,nan
23,43,attn,0.1,1,topk,rho_a,a_present,1470,0.5252496856966602,nan,nan
23,43,attn,0.1,1,topk,rho_b,b_present,1569,0.4496460404210835,nan,nan
23,43,attn,0.1,1,topk,metric_leak_a_to_b,leak_a_to_b_label,1403,0.4658116316050155,nan,nan
23,43,attn,0.1,1,topk,metric_leak_b_to_a,leak_b_to_a_label,1496,0.5162958253867345,nan,nan
23,43,attn,0.1,4,pre,rho_a,a_present,1659,0.5677838238931486,nan,nan
23,43,attn,0.1,4,pre,rho_b,b_present,1735,0.5401285189718482,nan,nan
23,43,attn,0.1,4,pre,metric_leak_a_to_b,leak_a_to_b_label,1694,0.53420245398773,nan,nan
23,43,attn,0.1,4,pre,metric_leak_b_to_a,leak_b_to_a_label,1666,0.6437194020579797,nan,nan
23,43,attn,0.1,4,raw,rho_a,a_present,1721,0.5569192712049855,nan,nan
23,43,attn,0.1,4,raw,rho_b,b_present,1767,0.49865739630783984,nan,nan
23,43,attn,0.1,4,raw,metric_leak_a_to_b,leak_a_to_b_label,1752,0.5266561609272606,nan,nan
23,43,attn,0.1,4,raw,metric_leak_b_to_a,leak_b_to_a_label,1721,0.5955359831376091,nan,nan
23,43,attn,0.1,4,topk,rho_a,a_present,1680,0.5330864408434205,nan,nan
23,43,attn,0.1,4,topk,rho_b,b_present,1716,0.5468695288412376,nan,nan
23,43,attn,0.1,4,topk,metric_leak_a_to_b,leak_a_to_b_label,1711,0.5239260777170613,nan,nan
23,43,attn,0.1,4,topk,metric_leak_b_to_a,leak_b_to_a_label,1645,0.6479056533617861,nan,nan
23,43,attn,0.1,8,pre,rho_a,a_present,1776,0.5007181912221073,nan,nan
23,43,attn,0.1,8,pre,rho_b,b_present,1814,0.5541963797694125,nan,nan
23,43,attn,0.1,8,pre,metric_leak_a_to_b,leak_a_to_b_label,1794,0.5718552784755836,nan,nan
23,43,attn,0.1,8,pre,metric_leak_b_to_a,leak_b_to_a_label,1776,0.6404203869047619,nan,nan
23,43,attn,0.1,8,raw,rho_a,a_present,1776,0.5125461799911334,nan,nan
23,43,attn,0.1,8,raw,rho_b,b_present,1814,0.5725052980153619,nan,nan
23,43,attn,0.1,8,raw,metric_leak_a_to_b,leak_a_to_b_label,1794,0.5117256908277679,nan,nan
23,43,attn,0.1,8,raw,metric_leak_b_to_a,leak_b_to_a_label,1776,0.5824156746031746,nan,nan
23,43,attn,0.1,8,topk,rho_a,a_present,1776,0.5277434609132555,nan,nan
23,43,attn,0.1,8,topk,rho_b,b_present,1814,0.5609695288202446,nan,nan
23,43,attn,0.1,8,topk,metric_leak_a_to_b,leak_a_to_b_label,1794,0.5439004962931193,nan,nan
23,43,attn,0.1,8,topk,metric_leak_b_to_a,leak_b_to_a_label,1776,0.6305679563492064,nan,nan
23,43,attn,0.5,1,pre,rho_a,a_present,1457,0.5428294390313121,nan,nan
23,43,attn,0.5,1,pre,rho_b,b_present,1582,0.43315119952189873,nan,nan
23,43,attn,0.5,1,pre,metric_leak_a_to_b,leak_a_to_b_label,1386,0.4056253212895645,nan,nan
23,43,attn,0.5,1,pre,metric_leak_b_to_a,leak_b_to_a_label,1505,0.5254513078717917,nan,nan
23,43,attn,0.5,1,raw,rho_a,a_present,1682,0.47963752732009446,nan,nan
23,43,attn,0.5,1,raw,rho_b,b_present,1687,0.5074374577417173,nan,nan
23,43,attn,0.5,1,raw,metric_leak_a_to_b,leak_a_to_b_label,1687,0.5349952330211429,nan,nan
23,43,attn,0.5,1,raw,metric_leak_b_to_a,leak_b_to_a_label,1682,0.5615565075479396,nan,nan
23,43,attn,0.5,1,topk,rho_a,a_present,1470,0.5252496856966602,nan,nan
23,43,attn,0.5,1,topk,rho_b,b_present,1569,0.4496460404210835,nan,nan
23,43,attn,0.5,1,topk,metric_leak_a_to_b,leak_a_to_b_label,1421,0.47059731440037045,nan,nan
23,43,attn,0.5,1,topk,metric_leak_b_to_a,leak_b_to_a_label,1496,0.5162958253867345,nan,nan
23,43,attn,0.5,4,pre,rho_a,a_present,1659,0.5677838238931486,nan,nan
23,43,attn,0.5,4,pre,rho_b,b_present,1735,0.5401285189718482,nan,nan
23,43,attn,0.5,4,pre,metric_leak_a_to_b,leak_a_to_b_label,1709,0.537794452887538,nan,nan
23,43,attn,0.5,4,pre,metric_leak_b_to_a,leak_b_to_a_label,1666,0.6437194020579797,nan,nan
23,43,attn,0.5,4,raw,rho_a,a_present,1721,0.5569192712049855,nan,nan
23,43,attn,0.5,4,raw,rho_b,b_present,1767,0.49865739630783984,nan,nan
23,43,attn,0.5,4,raw,metric_leak_a_to_b,leak_a_to_b_label,1767,0.5290537887711032,nan,nan
23,43,attn,0.5,4,raw,metric_leak_b_to_a,leak_b_to_a_label,1721,0.5955359831376091,nan,nan
23,43,attn,0.5,4,topk,rho_a,a_present,1680,0.5330864408434205,nan,nan
23,43,attn,0.5,4,topk,rho_b,b_present,1716,0.5468695288412376,nan,nan
23,43,attn,0.5,4,topk,metric_leak_a_to_b,leak_a_to_b_label,1726,0.5272920427196149,nan,nan
23,43,attn,0.5,4,topk,metric_leak_b_to_a,leak_b_to_a_label,1645,0.6479056533617861,nan,nan
23,43,attn,0.5,8,pre,rho_a,a_present,1776,0.5007181912221073,nan,nan
23,43,attn,0.5,8,pre,rho_b,b_present,1814,0.5541963797694125,nan,nan
23,43,attn,0.5,8,pre,metric_leak_a_to_b,leak_a_to_b_label,1814,0.5752680031494155,nan,nan
23,43,attn,0.5,8,pre,metric_leak_b_to_a,leak_b_to_a_label,1776,0.6404203869047619,nan,nan
23,43,attn,0.5,8,raw,rho_a,a_present,1776,0.5125461799911334,nan,nan
23,43,attn,0.5,8,raw,rho_b,b_present,1814,0.5725052980153619,nan,nan
23,43,attn,0.5,8,raw,metric_leak_a_to_b,leak_a_to_b_label,1814,0.5118330204106354,nan,nan
23,43,attn,0.5,8,raw,metric_leak_b_to_a,leak_b_to_a_label,1776,0.5824156746031746,nan,nan
23,43,attn,0.5,8,topk,rho_a,a_present,1776,0.5277434609132555,nan,nan
23,43,attn,0.5,8,topk,rho_b,b_present,1814,0.5609695288202446,nan,nan
23,43,attn,0.5,8,topk,metric_leak_a_to_b,leak_a_to_b_label,1814,0.5460223487372055,nan,nan
23,43,attn,0.5,8,topk,metric_leak_b_to_a,leak_b_to_a_label,1776,0.6305679563492064,nan,nan
23,43,none,0.3,1,pre,rho_a,a_present,1191,0.48800200346052275,nan,nan
23,43,none,0.3,1,pre,rho_b,b_present,1215,0.42464389559550614,nan,nan
23,43,none,0.3,1,pre,metric_leak_a_to_b,leak_a_to_b_label,1191,0.4771694797227841,nan,nan
23,43,none,0.3,1,pre,metric_leak_b_to_a,leak_b_to_a_label,1215,0.5460344827586207,nan,nan
23,43,none,0.3,1,raw,rho_a,a_present,1963,0.46907129967686434,nan,nan
23,43,none,0.3,1,raw,rho_b,b_present,1963,0.44177495624976726,nan,nan
23,43,none,0.3,1,raw,metric_leak_a_to_b,leak_a_to_b_label,1963,0.4670148679825686,nan,nan
23,43,none,0.3,1,raw,metric_leak_b_to_a,leak_b_to_a_label,1963,0.5963866015641164,nan,nan
23,43,none,0.3,1,topk,rho_a,a_present,1169,0.5026322592775389,nan,nan
23,43,none,0.3,1,topk,rho_b,b_present,1133,0.42694411097772444,nan,nan
23,43,none,0.3,1,topk,metric_leak_a_to_b,leak_a_to_b_label,1169,0.4950463244742003,nan,nan
23,43,none,0.3,1,topk,metric_leak_b_to_a,leak_b_to_a_label,1133,0.49214351185020294,nan,nan
23,43,none,0.3,4,pre,rho_a,a_present,1766,0.6099078616728492,nan,nan
23,43,none,0.3,4,pre,rho_b,b_present,1781,0.5975346230532953,nan,nan
23,43,none,0.3,4,pre,metric_leak_a_to_b,leak_a_to_b_label,1766,0.4838181356831446,nan,nan
23,43,none,0.3,4,pre,metric_leak_b_to_a,leak_b_to_a_label,1781,0.6457255386516333,nan,nan
23,43,none,0.3,4,raw,rho_a,a_present,1963,0.5531956859289101,nan,nan
23,43,none,0.3,4,raw,rho_b,b_present,1963,0.5107909483561083,nan,nan
23,43,none,0.3,4,raw,metric_leak_a_to_b,leak_a_to_b_label,1963,0.4889964111766214,nan,nan
23,43,none,0.3,4,raw,metric_leak_b_to_a,leak_b_to_a_label,1963,0.5927814788761534,nan,nan
23,43,none,0.3,4,topk,rho_a,a_present,1734,0.603167641325536,nan,nan
23,43,none,0.3,4,topk,rho_b,b_present,1788,0.6003939097935955,nan,nan
23,43,none,0.3,4,topk,metric_leak_a_to_b,leak_a_to_b_label,1734,0.4778702029334941,nan,nan
23,43,none,0.3,4,topk,metric_leak_b_to_a,leak_b_to_a_label,1788,0.6566986259228876,nan,nan
23,43,none,0.3,8,pre,rho_a,a_present,1925,0.5641995131299529,nan,nan
23,43,none,0.3,8,pre,rho_b,b_present,1917,0.57092050716381,nan,nan
23,43,none,0.3,8,pre,metric_leak_a_to_b,leak_a_to_b_label,1925,0.4721863590298891,nan,nan
23,43,none,0.3,8,pre,metric_leak_b_to_a,leak_b_to_a_label,1917,0.601515762230048,nan,nan
23,43,none,0.3,8,raw,rho_a,a_present,1963,0.4984430735658232,nan,nan
23,43,none,0.3,8,raw,rho_b,b_present,1963,0.5516043303421827,nan,nan
23,43,none,0.3,8,raw,metric_leak_a_to_b,leak_a_to_b_label,1963,0.49376441937964627,nan,nan
23,43,none,0.3,8,raw,metric_leak_b_to_a,leak_b_to_a_label,1963,0.5685904332354037,nan,nan
23,43,none,0.3,8,topk,rho_a,a_present,1949,0.5838359315103501,nan,nan
23,43,none,0.3,8,topk,rho_b,b_present,1943,0.5894012887441146,nan,nan
23,43,none,0.3,8,topk,metric_leak_a_to_b,leak_a_to_b_label,1949,0.45393679700053563,nan,nan
23,43,none,0.3,8,topk,metric_leak_b_to_a,leak_b_to_a_label,1943,0.6217844146066006,nan,nan
23,43,none,0.1,1,pre,rho_a,a_present,1191,0.48800200346052275,nan,nan
23,43,none,0.1,1,pre,rho_b,b_present,1215,0.42464389559550614,nan,nan
23,43,none,0.1,1,pre,metric_leak_a_to_b,leak_a_to_b_label,1191,0.4771694797227841,nan,nan
23,43,none,0.1,1,pre,metric_leak_b_to_a,leak_b_to_a_label,1215,0.5460344827586207,nan,nan
23,43,none,0.1,1,raw,rho_a,a_present,1963,0.46907129967686434,nan,nan
23,43,none,0.1,1,raw,rho_b,b_present,1963,0.44177495624976726,nan,nan
23,43,none,0.1,1,raw,metric_leak_a_to_b,leak_a_to_b_label,1943,0.46237206892084465,nan,nan
23,43,none,0.1,1,raw,metric_leak_b_to_a,leak_b_to_a_label,1963,0.5963866015641164,nan,nan
23,43,none,0.1,1,topk,rho_a,a_present,1169,0.5026322592775389,nan,nan
23,43,none,0.1,1,topk,rho_b,b_present,1133,0.42694411097772444,nan,nan
23,43,none,0.1,1,topk,metric_leak_a_to_b,leak_a_to_b_label,1169,0.4950463244742003,nan,nan
23,43,none,0.1,1,topk,metric_leak_b_to_a,leak_b_to_a_label,1133,0.49214351185020294,nan,nan
23,43,none,0.1,4,pre,rho_a,a_present,1766,0.6099078616728492,nan,nan
23,43,none,0.1,4,pre,rho_b,b_present,1781,0.5975346230532953,nan,nan
23,43,none,0.1,4,pre,metric_leak_a_to_b,leak_a_to_b_label,1746,0.48233252667045357,nan,nan
23,43,none,0.1,4,pre,metric_leak_b_to_a,leak_b_to_a_label,1781,0.6457255386516333,nan,nan
23,43,none,0.1,4,raw,rho_a,a_present,1963,0.5531956859289101,nan,nan
23,43,none,0.1,4,raw,rho_b,b_present,1963,0.5107909483561083,nan,nan
23,43,none,0.1,4,raw,metric_leak_a_to_b,leak_a_to_b_label,1943,0.48784816686099236,nan,nan
23,43,none,0.1,4,raw,metric_leak_b_to_a,leak_b_to_a_label,1963,0.5927814788761534,nan,nan
23,43,none,0.1,4,topk,rho_a,a_present,1734,0.603167641325536,nan,nan
23,43,none,0.1,4,topk,rho_b,b_present,1788,0.6003939097935955,nan,nan
23,43,none,0.1,4,topk,metric_leak_a_to_b,leak_a_to_b_label,1714,0.47510270490136264,nan,nan
23,43,none,0.1,4,topk,metric_leak_b_to_a,leak_b_to_a_label,1788,0.6566986259228876,nan,nan
23,43,none,0.1,8,pre,rho_a,a_present,1925,0.5641995131299529,nan,nan
23,43,none,0.1,8,pre,rho_b,b_present,1917,0.57092050716381,nan,nan
23,43,none,0.1,8,pre,metric_leak_a_to_b,leak_a_to_b_label,1905,0.4704714187472808,nan,nan
23,43,none,0.1,8,pre,metric_leak_b_to_a,leak_b_to_a_label,1917,0.601515762230048,nan,nan
23,43,none,0.1,8,raw,rho_a,a_present,1963,0.4984430735658232,nan,nan
23,43,none,0.1,8,raw,rho_b,b_present,1963,0.5516043303421827,nan,nan
23,43,none,0.1,8,raw,metric_leak_a_to_b,leak_a_to_b_label,1943,0.4942090944422853,nan,nan
23,43,none,0.1,8,raw,metric_leak_b_to_a,leak_b_to_a_label,1963,0.5685904332354037,nan,nan
23,43,none,0.1,8,topk,rho_a,a_present,1949,0.5838359315103501,nan,nan
23,43,none,0.1,8,topk,rho_b,b_present,1943,0.5894012887441146,nan,nan
23,43,none,0.1,8,topk,metric_leak_a_to_b,leak_a_to_b_label,1929,0.45179394403581286,nan,nan
23,43,none,0.1,8,topk,metric_leak_b_to_a,leak_b_to_a_label,1943,0.6217844146066006,nan,nan
23,43,none,0.5,1,pre,rho_a,a_present,1191,0.48800200346052275,nan,nan
23,43,none,0.5,1,pre,rho_b,b_present,1215,0.42464389559550614,nan,nan
23,43,none,0.5,1,pre,metric_leak_a_to_b,leak_a_to_b_label,1191,0.4771694797227841,nan,nan
23,43,none,0.5,1,pre,metric_leak_b_to_a,leak_b_to_a_label,1215,0.5460344827586207,nan,nan
23,43,none,0.5,1,raw,rho_a,a_present,1963,0.46907129967686434,nan,nan
23,43,none,0.5,1,raw,rho_b,b_present,1963,0.44177495624976726,nan,nan
23,43,none,0.5,1,raw,metric_leak_a_to_b,leak_a_to_b_label,1963,0.4670148679825686,nan,nan
23,43,none,0.5,1,raw,metric_leak_b_to_a,leak_b_to_a_label,1963,0.5963866015641164,nan,nan
23,43,none,0.5,1,topk,rho_a,a_present,1169,0.5026322592775389,nan,nan
23,43,none,0.5,1,topk,rho_b,b_present,1133,0.42694411097772444,nan,nan
23,43,none,0.5,1,topk,metric_leak_a_to_b,leak_a_to_b_label,1169,0.4950463244742003,nan,nan
23,43,none,0.5,1,topk,metric_leak_b_to_a,leak_b_to_a_label,1133,0.49214351185020294,nan,nan
23,43,none,0.5,4,pre,rho_a,a_present,1766,0.6099078616728492,nan,nan
23,43,none,0.5,4,pre,rho_b,b_present,1781,0.5975346230532953,nan,nan
23,43,none,0.5,4,pre,metric_leak_a_to_b,leak_a_to_b_label,1766,0.4838181356831446,nan,nan
23,43,none,0.5,4,pre,metric_leak_b_to_a,leak_b_to_a_label,1781,0.6457255386516333,nan,nan
23,43,none,0.5,4,raw,rho_a,a_present,1963,0.5531956859289101,nan,nan
23,43,none,0.5,4,raw,rho_b,b_present,1963,0.5107909483561083,nan,nan
23,43,none,0.5,4,raw,metric_leak_a_to_b,leak_a_to_b_label,1963,0.4889964111766214,nan,nan
23,43,none,0.5,4,raw,metric_leak_b_to_a,leak_b_to_a_label,1963,0.5927814788761534,nan,nan
23,43,none,0.5,4,topk,rho_a,a_present,1734,0.603167641325536,nan,nan
23,43,none,0.5,4,topk,rho_b,b_present,1788,0.6003939097935955,nan,nan
23,43,none,0.5,4,topk,metric_leak_a_to_b,leak_a_to_b_label,1734,0.4778702029334941,nan,nan
23,43,none,0.5,4,topk,metric_leak_b_to_a,leak_b_to_a_label,1788,0.6566986259228876,nan,nan
23,43,none,0.5,8,pre,rho_a,a_present,1925,0.5641995131299529,nan,nan
23,43,none,0.5,8,pre,rho_b,b_present,1917,0.57092050716381,nan,nan
23,43,none,0.5,8,pre,metric_leak_a_to_b,leak_a_to_b_label,1925,0.4721863590298891,nan,nan
23,43,none,0.5,8,pre,metric_leak_b_to_a,leak_b_to_a_label,1917,0.601515762230048,nan,nan
23,43,none,0.5,8,raw,rho_a,a_present,1963,0.4984430735658232,nan,nan
23,43,none,0.5,8,raw,rho_b,b_present,1963,0.5516043303421827,nan,nan
23,43,none,0.5,8,raw,metric_leak_a_to_b,leak_a_to_b_label,1963,0.49376441937964627,nan,nan
23,43,none,0.5,8,raw,metric_leak_b_to_a,leak_b_to_a_label,1963,0.5685904332354037,nan,nan
23,43,none,0.5,8,topk,rho_a,a_present,1949,0.5838359315103501,nan,nan
23,43,none,0.5,8,topk,rho_b,b_present,1943,0.5894012887441146,nan,nan
23,43,none,0.5,8,topk,metric_leak_a_to_b,leak_a_to_b_label,1949,0.45393679700053563,nan,nan
23,43,none,0.5,8,topk,metric_leak_b_to_a,leak_b_to_a_label,1943,0.6217844146066006,nan,nan
8,42,attn,0.3,1,pre,rho_a,a_present,1682,0.550253317551869,nan,nan
8,42,attn,0.3,1,pre,rho_b,b_present,1687,0.5278514588859416,nan,nan
8,42,attn,0.3,1,pre,metric_leak_a_to_b,leak_a_to_b_label,1687,0.5854504327669041,nan,nan
8,42,attn,0.3,1,pre,metric_leak_b_to_a,leak_b_to_a_label,1682,0.5828889083173049,nan,nan
8,42,attn,0.3,1,raw,rho_a,a_present,1682,0.5970779241111966,nan,nan
8,42,attn,0.3,1,raw,rho_b,b_present,1687,0.4983356737920632,nan,nan
8,42,attn,0.3,1,raw,metric_leak_a_to_b,leak_a_to_b_label,1687,0.5442581272316004,nan,nan
8,42,attn,0.3,1,raw,metric_leak_b_to_a,leak_b_to_a_label,1682,0.5493894620271609,nan,nan
8,42,attn,0.3,1,topk,rho_a,a_present,1682,0.543333270708475,nan,nan
8,42,attn,0.3,1,topk,rho_b,b_present,1687,0.5243830290736985,nan,nan
8,42,attn,0.3,1,topk,metric_leak_a_to_b,leak_a_to_b_label,1687,0.5865720748509151,nan,nan
8,42,attn,0.3,1,topk,metric_leak_b_to_a,leak_b_to_a_label,1682,0.5775849507489654,nan,nan
8,42,attn,0.3,4,pre,rho_a,a_present,1721,0.5844512630226916,nan,nan
8,42,attn,0.3,4,pre,rho_b,b_present,1767,0.49148885159434186,nan,nan
8,42,attn,0.3,4,pre,metric_leak_a_to_b,leak_a_to_b_label,1767,0.6180587562520271,nan,nan
8,42,attn,0.3,4,pre,metric_leak_b_to_a,leak_b_to_a_label,1721,0.5744730502860584,nan,nan
8,42,attn,0.3,4,raw,rho_a,a_present,1721,0.6031052281052282,nan,nan
8,42,attn,0.3,4,raw,rho_b,b_present,1767,0.4646128026852074,nan,nan
8,42,attn,0.3,4,raw,metric_leak_a_to_b,leak_a_to_b_label,1767,0.5960721052901111,nan,nan
8,42,attn,0.3,4,raw,metric_leak_b_to_a,leak_b_to_a_label,1721,0.535840108401084,nan,nan
8,42,attn,0.3,4,topk,rho_a,a_present,1721,0.5841896199039056,nan,nan
8,42,attn,0.3,4,topk,rho_b,b_present,1767,0.4941650683289379,nan,nan
8,42,attn,0.3,4,topk,metric_leak_a_to_b,leak_a_to_b_label,1767,0.6095577064235844,nan,nan
8,42,attn,0.3,4,topk,metric_leak_b_to_a,leak_b_to_a_label,1721,0.5806308340861186,nan,nan
8,42,attn,0.3,8,pre,rho_a,a_present,1776,0.46820156642529925,nan,nan
8,42,attn,0.3,8,pre,rho_b,b_present,1814,0.5150533956842351,nan,nan
8,42,attn,0.3,8,pre,metric_leak_a_to_b,leak_a_to_b_label,1814,0.6189964266246745,nan,nan
8,42,attn,0.3,8,pre,metric_leak_b_to_a,leak_b_to_a_label,1776,0.6618613591269841,nan,nan
8,42,attn,0.3,8,raw,rho_a,a_present,1776,0.49513817053347126,nan,nan
8,42,attn,0.3,8,raw,rho_b,b_present,1814,0.48091595733459486,nan,nan
8,42,attn,0.3,8,raw,metric_leak_a_to_b,leak_a_to_b_label,1814,0.5928774756223124,nan,nan
8,42,attn,0.3,8,raw,metric_leak_b_to_a,leak_b_to_a_label,1776,0.5971850198412698,nan,nan
8,42,attn,0.3,8,topk,rho_a,a_present,1776,0.4780818678882814,nan,nan
8,42,attn,0.3,8,topk,rho_b,b_present,1814,0.5046107916497524,nan,nan
8,42,attn,0.3,8,topk,metric_leak_a_to_b,leak_a_to_b_label,1814,0.6005693174247472,nan,nan
8,42,attn,0.3,8,topk,metric_leak_b_to_a,leak_b_to_a_label,1776,0.6478236607142858,nan,nan
8,42,attn,0.1,1,pre,rho_a,a_present,1682,0.550253317551869,nan,nan
8,42,attn,0.1,1,pre,rho_b,b_present,1687,0.5278514588859416,nan,nan
8,42,attn,0.1,1,pre,metric_leak_a_to_b,leak_a_to_b_label,1669,0.5809089018696005,nan,nan
8,42,attn,0.1,1,pre,metric_leak_b_to_a,leak_b_to_a_label,1682,0.5828889083173049,nan,nan
8,42,attn,0.1,1,raw,rho_a,a_present,1682,0.5970779241111966,nan,nan
8,42,attn,0.1,1,raw,rho_b,b_present,1687,0.4983356737920632,nan,nan
8,42,attn,0.1,1,raw,metric_leak_a_to_b,leak_a_to_b_label,1669,0.5391500784513885,nan,nan
8,42,attn,0.1,1,raw,metric_leak_b_to_a,leak_b_to_a_label,1682,0.5493894620271609,nan,nan
8,42,attn,0.1,1,topk,rho_a,a_present,1682,0.543333270708475,nan,nan
8,42,attn,0.1,1,topk,rho_b,b_present,1687,0.5243830290736985,nan,nan
8,42,attn,0.1,1,topk,metric_leak_a_to_b,leak_a_to_b_label,1669,0.5820336868371803,nan,nan
8,42,attn,0.1,1,topk,metric_leak_b_to_a,leak_b_to_a_label,1682,0.5775849507489654,nan,nan
8,42,attn,0.1,4,pre,rho_a,a_present,1721,0.5844512630226916,nan,nan
8,42,attn,0.1,4,pre,rho_b,b_present,1767,0.49148885159434186,nan,nan
8,42,attn,0.1,4,pre,metric_leak_a_to_b,leak_a_to_b_label,1752,0.615171321053674,nan,nan
8,42,attn,0.1,4,pre,metric_leak_b_to_a,leak_b_to_a_label,1721,0.5744730502860584,nan,nan
8,42,attn,0.1,4,raw,rho_a,a_present,1721,0.6031052281052282,nan,nan
8,42,attn,0.1,4,raw,rho_b,b_present,1767,0.4646128026852074,nan,nan
8,42,attn,0.1,4,raw,metric_leak_a_to_b,leak_a_to_b_label,1752,0.5932642710136317,nan,nan
8,42,attn,0.1,4,raw,metric_leak_b_to_a,leak_b_to_a_label,1721,0.535840108401084,nan,nan
8,42,attn,0.1,4,topk,rho_a,a_present,1721,0.5841896199039056,nan,nan
8,42,attn,0.1,4,topk,rho_b,b_present,1767,0.4941650683289379,nan,nan
8,42,attn,0.1,4,topk,metric_leak_a_to_b,leak_a_to_b_label,1752,0.6069389547650417,nan,nan
8,42,attn,0.1,4,topk,metric_leak_b_to_a,leak_b_to_a_label,1721,0.5806308340861186,nan,nan
8,42,attn,0.1,8,pre,rho_a,a_present,1776,0.46820156642529925,nan,nan
8,42,attn,0.1,8,pre,rho_b,b_present,1814,0.5150533956842351,nan,nan
8,42,attn,0.1,8,pre,metric_leak_a_to_b,leak_a_to_b_label,1794,0.619240548985969,nan,nan
8,42,attn,0.1,8,pre,metric_leak_b_to_a,leak_b_to_a_label,1776,0.6618613591269841,nan,nan
8,42,attn,0.1,8,raw,rho_a,a_present,1776,0.49513817053347126,nan,nan
8,42,attn,0.1,8,raw,rho_b,b_present,1814,0.48091595733459486,nan,nan
8,42,attn,0.1,8,raw,metric_leak_a_to_b,leak_a_to_b_label,1794,0.5907113534709882,nan,nan
8,42,attn,0.1,8,raw,metric_leak_b_to_a,leak_b_to_a_label,1776,0.5971850198412698,nan,nan
8,42,attn,0.1,8,topk,rho_a,a_present,1776,0.4780818678882814,nan,nan
8,42,attn,0.1,8,topk,rho_b,b_present,1814,0.5046107916497524,nan,nan
8,42,attn,0.1,8,topk,metric_leak_a_to_b,leak_a_to_b_label,1794,0.6004304270571656,nan,nan
8,42,attn,0.1,8,topk,metric_leak_b_to_a,leak_b_to_a_label,1776,0.6478236607142858,nan,nan
8,42,attn,0.5,1,pre,rho_a,a_present,1682,0.550253317551869,nan,nan
8,42,attn,0.5,1,pre,rho_b,b_present,1687,0.5278514588859416,nan,nan
8,42,attn,0.5,1,pre,metric_leak_a_to_b,leak_a_to_b_label,1687,0.5854504327669041,nan,nan
8,42,attn,0.5,1,pre,metric_leak_b_to_a,leak_b_to_a_label,1682,0.5828889083173049,nan,nan
8,42,attn,0.5,1,raw,rho_a,a_present,1682,0.5970779241111966,nan,nan
8,42,attn,0.5,1,raw,rho_b,b_present,1687,0.4983356737920632,nan,nan
8,42,attn,0.5,1,raw,metric_leak_a_to_b,leak_a_to_b_label,1687,0.5442581272316004,nan,nan
8,42,attn,0.5,1,raw,metric_leak_b_to_a,leak_b_to_a_label,1682,0.5493894620271609,nan,nan
8,42,attn,0.5,1,topk,rho_a,a_present,1682,0.543333270708475,nan,nan
8,42,attn,0.5,1,topk,rho_b,b_present,1687,0.5243830290736985,nan,nan
8,42,attn,0.5,1,topk,metric_leak_a_to_b,leak_a_to_b_label,1687,0.5865720748509151,nan,nan
8,42,attn,0.5,1,topk,metric_leak_b_to_a,leak_b_to_a_label,1682,0.5775849507489654,nan,nan
8,42,attn,0.5,4,pre,rho_a,a_present,1721,0.5844512630226916,nan,nan
8,42,attn,0.5,4,pre,rho_b,b_present,1767,0.49148885159434186,nan,nan
8,42,attn,0.5,4,pre,metric_leak_a_to_b,leak_a_to_b_label,1767,0.6180587562520271,nan,nan
8,42,attn,0.5,4,pre,metric_leak_b_to_a,leak_b_to_a_label,1721,0.5744730502860584,nan,nan
8,42,attn,0.5,4,raw,rho_a,a_present,1721,0.6031052281052282,nan,nan
8,42,attn,0.5,4,raw,rho_b,b_present,1767,0.4646128026852074,nan,nan
8,42,attn,0.5,4,raw,metric_leak_a_to_b,leak_a_to_b_label,1767,0.5960721052901111,nan,nan
8,42,attn,0.5,4,raw,metric_leak_b_to_a,leak_b_to_a_label,1721,0.535840108401084,nan,nan
8,42,attn,0.5,4,topk,rho_a,a_present,1721,0.5841896199039056,nan,nan
8,42,attn,0.5,4,topk,rho_b,b_present,1767,0.4941650683289379,nan,nan
8,42,attn,0.5,4,topk,metric_leak_a_to_b,leak_a_to_b_label,1767,0.6095577064235844,nan,nan
8,42,attn,0.5,4,topk,metric_leak_b_to_a,leak_b_to_a_label,1721,0.5806308340861186,nan,nan
8,42,attn,0.5,8,pre,rho_a,a_present,1776,0.46820156642529925,nan,nan
8,42,attn,0.5,8,pre,rho_b,b_present,1814,0.5150533956842351,nan,nan
8,42,attn,0.5,8,pre,metric_leak_a_to_b,leak_a_to_b_label,1814,0.6189964266246745,nan,nan
8,42,attn,0.5,8,pre,metric_leak_b_to_a,leak_b_to_a_label,1776,0.6618613591269841,nan,nan
8,42,attn,0.5,8,raw,rho_a,a_present,1776,0.49513817053347126,nan,nan
8,42,attn,0.5,8,raw,rho_b,b_present,1814,0.48091595733459486,nan,nan
8,42,attn,0.5,8,raw,metric_leak_a_to_b,leak_a_to_b_label,1814,0.5928774756223124,nan,nan
8,42,attn,0.5,8,raw,metric_leak_b_to_a,leak_b_to_a_label,1776,0.5971850198412698,nan,nan
8,42,attn,0.5,8,topk,rho_a,a_present,1776,0.4780818678882814,nan,nan
8,42,attn,0.5,8,topk,rho_b,b_present,1814,0.5046107916497524,nan,nan
8,42,attn,0.5,8,topk,metric_leak_a_to_b,leak_a_to_b_label,1814,0.6005693174247472,nan,nan
8,42,attn,0.5,8,topk,metric_leak_b_to_a,leak_b_to_a_label,1776,0.6478236607142858,nan,nan
8,42,none,0.3,1,pre,rho_a,a_present,1963,0.5333459230349574,nan,nan
8,42,none,0.3,1,pre,rho_b,b_present,1963,0.5301830062925866,nan,nan
8,42,none,0.3,1,pre,metric_leak_a_to_b,leak_a_to_b_label,1963,0.596994360420405,nan,nan
8,42,none,0.3,1,pre,metric_leak_b_to_a,leak_b_to_a_label,1963,0.6012175694128357,nan,nan
8,42,none,0.3,1,raw,rho_a,a_present,1963,0.5335284737085064,nan,nan
8,42,none,0.3,1,raw,rho_b,b_present,1963,0.5306996313810179,nan,nan
8,42,none,0.3,1,raw,metric_leak_a_to_b,leak_a_to_b_label,1963,0.5432132786465009,nan,nan
8,42,none,0.3,1,raw,metric_leak_b_to_a,leak_b_to_a_label,1963,0.5240151859974345,nan,nan
8,42,none,0.3,1,topk,rho_a,a_present,1963,0.5513533929245877,nan,nan
8,42,none,0.3,1,topk,rho_b,b_present,1963,0.5287308709088878,nan,nan
8,42,none,0.3,1,topk,metric_leak_a_to_b,leak_a_to_b_label,1963,0.6053704178415791,nan,nan
8,42,none,0.3,1,topk,metric_leak_b_to_a,leak_b_to_a_label,1963,0.5855143377332727,nan,nan
8,42,none,0.3,4,pre,rho_a,a_present,1963,0.5779386461874186,nan,nan
8,42,none,0.3,4,pre,rho_b,b_present,1963,0.5806284208958559,nan,nan
8,42,none,0.3,4,pre,metric_leak_a_to_b,leak_a_to_b_label,1963,0.6082094334785952,nan,nan
8,42,none,0.3,4,pre,metric_leak_b_to_a,leak_b_to_a_label,1963,0.5837505689576695,nan,nan
8,42,none,0.3,4,raw,rho_a,a_present,1963,0.5390196819002057,nan,nan
8,42,none,0.3,4,raw,rho_b,b_present,1963,0.5092201288304725,nan,nan
8,42,none,0.3,4,raw,metric_leak_a_to_b,leak_a_to_b_label,1963,0.523231222763394,nan,nan
8,42,none,0.3,4,raw,metric_leak_b_to_a,leak_b_to_a_label,1963,0.5450252410311582,nan,nan
8,42,none,0.3,4,topk,rho_a,a_present,1963,0.5402282932561165,nan,nan
8,42,none,0.3,4,topk,rho_b,b_present,1963,0.5773494805823435,nan,nan
8,42,none,0.3,4,topk,metric_leak_a_to_b,leak_a_to_b_label,1963,0.6038259420661369,nan,nan
8,42,none,0.3,4,topk,metric_leak_b_to_a,leak_b_to_a_label,1963,0.5810971572805892,nan,nan
8,42,none,0.3,8,pre,rho_a,a_present,1959,0.5356773352399378,nan,nan
8,42,none,0.3,8,pre,rho_b,b_present,1961,0.6016775005242189,nan,nan
8,42,none,0.3,8,pre,metric_leak_a_to_b,leak_a_to_b_label,1959,0.5199347496596193,nan,nan
8,42,none,0.3,8,pre,metric_leak_b_to_a,leak_b_to_a_label,1961,0.6125005177913094,nan,nan
8,42,none,0.3,8,raw,rho_a,a_present,1963,0.4526123630869948,nan,nan
8,42,none,0.3,8,raw,rho_b,b_present,1963,0.4748924861302454,nan,nan
8,42,none,0.3,8,raw,metric_leak_a_to_b,leak_a_to_b_label,1963,0.5384324532171239,nan,nan
8,42,none,0.3,8,raw,metric_leak_b_to_a,leak_b_to_a_label,1963,0.5736076054123391,nan,nan
8,42,none,0.3,8,topk,rho_a,a_present,1963,0.5449326450963112,nan,nan
8,42,none,0.3,8,topk,rho_b,b_present,1963,0.5896763413635179,nan,nan
8,42,none,0.3,8,topk,metric_leak_a_to_b,leak_a_to_b_label,1963,0.49775698538836194,nan,nan
8,42,none,0.3,8,topk,metric_leak_b_to_a,leak_b_to_a_label,1963,0.6035502958579881,nan,nan
8,42,none,0.1,1,pre,rho_a,a_present,1963,0.5333459230349574,nan,nan
8,42,none,0.1,1,pre,rho_b,b_present,1963,0.5301830062925866,nan,nan
8,42,none,0.1,1,pre,metric_leak_a_to_b,leak_a_to_b_label,1943,0.5999676123850239,nan,nan
8,42,none,0.1,1,pre,metric_leak_b_to_a,leak_b_to_a_label,1963,0.6012175694128357,nan,nan
8,42,none,0.1,1,raw,rho_a,a_present,1963,0.5335284737085064,nan,nan
8,42,none,0.1,1,raw,rho_b,b_present,1963,0.5306996313810179,nan,nan
8,42,none,0.1,1,raw,metric_leak_a_to_b,leak_a_to_b_label,1943,0.5443321673791942,nan,nan
8,42,none,0.1,1,raw,metric_leak_b_to_a,leak_b_to_a_label,1963,0.5240151859974345,nan,nan
8,42,none,0.1,1,topk,rho_a,a_present,1963,0.5513533929245877,nan,nan
8,42,none,0.1,1,topk,rho_b,b_present,1963,0.5287308709088878,nan,nan
8,42,none,0.1,1,topk,metric_leak_a_to_b,leak_a_to_b_label,1943,0.6039318564580904,nan,nan
8,42,none,0.1,1,topk,metric_leak_b_to_a,leak_b_to_a_label,1963,0.5855143377332727,nan,nan
8,42,none,0.1,4,pre,rho_a,a_present,1963,0.5779386461874186,nan,nan
8,42,none,0.1,4,pre,rho_b,b_present,1963,0.5806284208958559,nan,nan
8,42,none,0.1,4,pre,metric_leak_a_to_b,leak_a_to_b_label,1943,0.6045213110506542,nan,nan
8,42,none,0.1,4,pre,metric_leak_b_to_a,leak_b_to_a_label,1963,0.5837505689576695,nan,nan
8,42,none,0.1,4,raw,rho_a,a_present,1963,0.5390196819002057,nan,nan
8,42,none,0.1,4,raw,rho_b,b_present,1963,0.5092201288304725,nan,nan
8,42,none,0.1,4,raw,metric_leak_a_to_b,leak_a_to_b_label,1943,0.5217709547868895,nan,nan
8,42,none,0.1,4,raw,metric_leak_b_to_a,leak_b_to_a_label,1963,0.5450252410311582,nan,nan
8,42,none,0.1,4,topk,rho_a,a_present,1963,0.5402282932561165,nan,nan
8,42,none,0.1,4,topk,rho_b,b_present,1963,0.5773494805823435,nan,nan
8,42,none,0.1,4,topk,metric_leak_a_to_b,leak_a_to_b_label,1943,0.5998704495400958,nan,nan
8,42,none,0.1,4,topk,metric_leak_b_to_a,leak_b_to_a_label,1963,0.5810971572805892,nan,nan
8,42,none,0.1,8,pre,rho_a,a_present,1959,0.5356773352399378,nan,nan
8,42,none,0.1,8,pre,rho_b,b_present,1961,0.6016775005242189,nan,nan
8,42,none,0.1,8,pre,metric_leak_a_to_b,leak_a_to_b_label,1939,0.5175075301204819,nan,nan
8,42,none,0.1,8,pre,metric_leak_b_to_a,leak_b_to_a_label,1961,0.6125005177913094,nan,nan
8,42,none,0.1,8,raw,rho_a,a_present,1963,0.4526123630869948,nan,nan
8,42,none,0.1,8,raw,rho_b,b_present,1963,0.4748924861302454,nan,nan
8,42,none,0.1,8,raw,metric_leak_a_to_b,leak_a_to_b_label,1943,0.5381655654877575,nan,nan
8,42,none,0.1,8,raw,metric_leak_b_to_a,leak_b_to_a_label,1963,0.5736076054123391,nan,nan
8,42,none,0.1,8,topk,rho_a,a_present,1963,0.5449326450963112,nan,nan
8,42,none,0.1,8,topk,rho_b,b_present,1963,0.5896763413635179,nan,nan
8,42,none,0.1,8,topk,metric_leak_a_to_b,leak_a_to_b_label,1943,0.49658634538152613,nan,nan
8,42,none,0.1,8,topk,metric_leak_b_to_a,leak_b_to_a_label,1963,0.6035502958579881,nan,nan
8,42,none,0.5,1,pre,rho_a,a_present,1963,0.5333459230349574,nan,nan
8,42,none,0.5,1,pre,rho_b,b_present,1963,0.5301830062925866,nan,nan
8,42,none,0.5,1,pre,metric_leak_a_to_b,leak_a_to_b_label,1963,0.596994360420405,nan,nan
8,42,none,0.5,1,pre,metric_leak_b_to_a,leak_b_to_a_label,1963,0.6012175694128357,nan,nan
8,42,none,0.5,1,raw,rho_a,a_present,1963,0.5335284737085064,nan,nan
8,42,none,0.5,1,raw,rho_b,b_present,1963,0.5306996313810179,nan,nan
8,42,none,0.5,1,raw,metric_leak_a_to_b,leak_a_to_b_label,1963,0.5432132786465009,nan,nan
8,42,none,0.5,1,raw,metric_leak_b_to_a,leak_b_to_a_label,1963,0.5240151859974345,nan,nan
8,42,none,0.5,1,topk,rho_a,a_present,1963,0.5513533929245877,nan,nan
8,42,none,0.5,1,topk,rho_b,b_present,1963,0.5287308709088878,nan,nan
8,42,none,0.5,1,topk,metric_leak_a_to_b,leak_a_to_b_label,1963,0.6053704178415791,nan,nan
8,42,none,0.5,1,topk,metric_leak_b_to_a,leak_b_to_a_label,1963,0.5855143377332727,nan,nan
8,42,none,0.5,4,pre,rho_a,a_present,1963,0.5779386461874186,nan,nan
8,42,none,0.5,4,pre,rho_b,b_present,1963,0.5806284208958559,nan,nan
8,42,none,0.5,4,pre,metric_leak_a_to_b,leak_a_to_b_label,1963,0.6082094334785952,nan,nan
8,42,none,0.5,4,pre,metric_leak_b_to_a,leak_b_to_a_label,1963,0.5837505689576695,nan,nan
8,42,none,0.5,4,raw,rho_a,a_present,1963,0.5390196819002057,nan,nan
8,42,none,0.5,4,raw,rho_b,b_present,1963,0.5092201288304725,nan,nan
8,42,none,0.5,4,raw,metric_leak_a_to_b,leak_a_to_b_label,1963,0.523231222763394,nan,nan
8,42,none,0.5,4,raw,metric_leak_b_to_a,leak_b_to_a_label,1963,0.5450252410311582,nan,nan
8,42,none,0.5,4,topk,rho_a,a_present,1963,0.5402282932561165,nan,nan
8,42,none,0.5,4,topk,rho_b,b_present,1963,0.5773494805823435,nan,nan
8,42,none,0.5,4,topk,metric_leak_a_to_b,leak_a_to_b_label,1963,0.6038259420661369,nan,nan
8,42,none,0.5,4,topk,metric_leak_b_to_a,leak_b_to_a_label,1963,0.5810971572805892,nan,nan
8,42,none,0.5,8,pre,rho_a,a_present,1959,0.5356773352399378,nan,nan
8,42,none,0.5,8,pre,rho_b,b_present,1961,0.6016775005242189,nan,nan
8,42,none,0.5,8,pre,metric_leak_a_to_b,leak_a_to_b_label,1959,0.5199347496596193,nan,nan
8,42,none,0.5,8,pre,metric_leak_b_to_a,leak_b_to_a_label,1961,0.6125005177913094,nan,nan
8,42,none,0.5,8,raw,rho_a,a_present,1963,0.4526123630869948,nan,nan
8,42,none,0.5,8,raw,rho_b,b_present,1963,0.4748924861302454,nan,nan
8,42,none,0.5,8,raw,metric_leak_a_to_b,leak_a_to_b_label,1963,0.5384324532171239,nan,nan
8,42,none,0.5,8,raw,metric_leak_b_to_a,leak_b_to_a_label,1963,0.5736076054123391,nan,nan
8,42,none,0.5,8,topk,rho_a,a_present,1963,0.5449326450963112,nan,nan
8,42,none,0.5,8,topk,rho_b,b_present,1963,0.5896763413635179,nan,nan
8,42,none,0.5,8,topk,metric_leak_a_to_b,leak_a_to_b_label,1963,0.49775698538836194,nan,nan
8,42,none,0.5,8,topk,metric_leak_b_to_a,leak_b_to_a_label,1963,0.6035502958579881,nan,nan
8,43,attn,0.3,1,pre,rho_a,a_present,1682,0.5661913439920843,nan,nan
8,43,attn,0.3,1,pre,rho_b,b_present,1687,0.5296945701357466,nan,nan
8,43,attn,0.3,1,pre,metric_leak_a_to_b,leak_a_to_b_label,1687,0.5444170265268353,nan,nan
8,43,attn,0.3,1,pre,metric_leak_b_to_a,leak_b_to_a_label,1682,0.5938611062540071,nan,nan
8,43,attn,0.3,1,raw,rho_a,a_present,1682,0.5970779241111966,nan,nan
8,43,attn,0.3,1,raw,rho_b,b_present,1687,0.4983356737920632,nan,nan
8,43,attn,0.3,1,raw,metric_leak_a_to_b,leak_a_to_b_label,1687,0.5442581272316004,nan,nan
8,43,attn,0.3,1,raw,metric_leak_b_to_a,leak_b_to_a_label,1682,0.5493894620271609,nan,nan
8,43,attn,0.3,1,topk,rho_a,a_present,1682,0.5653521708907133,nan,nan
8,43,attn,0.3,1,topk,rho_b,b_present,1687,0.531342643158059,nan,nan
8,43,attn,0.3,1,topk,metric_leak_a_to_b,leak_a_to_b_label,1687,0.5605686725365936,nan,nan
8,43,attn,0.3,1,topk,metric_leak_b_to_a,leak_b_to_a_label,1682,0.6002797691904179,nan,nan
8,43,attn,0.3,4,pre,rho_a,a_present,1721,0.5939833975548261,nan,nan
8,43,attn,0.3,4,pre,rho_b,b_present,1767,0.4811046511627907,nan,nan
8,43,attn,0.3,4,pre,metric_leak_a_to_b,leak_a_to_b_label,1767,0.6314760758607739,nan,nan
8,43,attn,0.3,4,pre,metric_leak_b_to_a,leak_b_to_a_label,1721,0.5846582354712436,nan,nan
8,43,attn,0.3,4,raw,rho_a,a_present,1721,0.6031052281052282,nan,nan
8,43,attn,0.3,4,raw,rho_b,b_present,1767,0.4646128026852074,nan,nan
8,43,attn,0.3,4,raw,metric_leak_a_to_b,leak_a_to_b_label,1767,0.5960721052901111,nan,nan
8,43,attn,0.3,4,raw,metric_leak_b_to_a,leak_b_to_a_label,1721,0.535840108401084,nan,nan
8,43,attn,0.3,4,topk,rho_a,a_present,1721,0.5844274772846202,nan,nan
8,43,attn,0.3,4,topk,rho_b,b_present,1767,0.4780718053224646,nan,nan
8,43,attn,0.3,4,topk,metric_leak_a_to_b,leak_a_to_b_label,1767,0.6208241580034483,nan,nan
8,43,attn,0.3,4,topk,metric_leak_b_to_a,leak_b_to_a_label,1721,0.5829644685335742,nan,nan
8,43,attn,0.3,8,pre,rho_a,a_present,1775,0.48291872197972485,nan,nan
8,43,attn,0.3,8,pre,rho_b,b_present,1814,0.5219128472477489,nan,nan
8,43,attn,0.3,8,pre,metric_leak_a_to_b,leak_a_to_b_label,1812,0.5814258428328887,nan,nan
8,43,attn,0.3,8,pre,metric_leak_b_to_a,leak_b_to_a_label,1776,0.6629092261904762,nan,nan
8,43,attn,0.3,8,raw,rho_a,a_present,1776,0.49513817053347126,nan,nan
8,43,attn,0.3,8,raw,rho_b,b_present,1814,0.48091595733459486,nan,nan
8,43,attn,0.3,8,raw,metric_leak_a_to_b,leak_a_to_b_label,1814,0.5928774756223124,nan,nan
8,43,attn,0.3,8,raw,metric_leak_b_to_a,leak_b_to_a_label,1776,0.5971850198412698,nan,nan
8,43,attn,0.3,8,topk,rho_a,a_present,1776,0.4842589035022905,nan,nan
8,43,attn,0.3,8,topk,rho_b,b_present,1814,0.5057966521017858,nan,nan
8,43,attn,0.3,8,topk,metric_leak_a_to_b,leak_a_to_b_label,1814,0.5694309854036703,nan,nan
8,43,attn,0.3,8,topk,metric_leak_b_to_a,leak_b_to_a_label,1776,0.6342571924603174,nan,nan
8,43,attn,0.1,1,pre,rho_a,a_present,1682,0.5661913439920843,nan,nan
8,43,attn,0.1,1,pre,rho_b,b_present,1687,0.5296945701357466,nan,nan
8,43,attn,0.1,1,pre,metric_leak_a_to_b,leak_a_to_b_label,1669,0.539358021890773,nan,nan
8,43,attn,0.1,1,pre,metric_leak_b_to_a,leak_b_to_a_label,1682,0.5938611062540071,nan,nan
8,43,attn,0.1,1,raw,rho_a,a_present,1682,0.5970779241111966,nan,nan
8,43,attn,0.1,1,raw,rho_b,b_present,1687,0.4983356737920632,nan,nan
8,43,attn,0.1,1,raw,metric_leak_a_to_b,leak_a_to_b_label,1669,0.5391500784513885,nan,nan
8,43,attn,0.1,1,raw,metric_leak_b_to_a,leak_b_to_a_label,1682,0.5493894620271609,nan,nan
8,43,attn,0.1,1,topk,rho_a,a_present,1682,0.5653521708907133,nan,nan
8,43,attn,0.1,1,topk,rho_b,b_present,1687,0.531342643158059,nan,nan
8,43,attn,0.1,1,topk,metric_leak_a_to_b,leak_a_to_b_label,1669,0.5556910338569727,nan,nan
8,43,attn,0.1,1,topk,metric_leak_b_to_a,leak_b_to_a_label,1682,0.6002797691904179,nan,nan
8,43,attn,0.1,4,pre,rho_a,a_present,1721,0.5939833975548261,nan,nan
8,43,attn,0.1,4,pre,rho_b,b_present,1767,0.4811046511627907,nan,nan
8,43,attn,0.1,4,pre,metric_leak_a_to_b,leak_a_to_b_label,1752,0.6287685034488103,nan,nan
8,43,attn,0.1,4,pre,metric_leak_b_to_a,leak_b_to_a_label,1721,0.5846582354712436,nan,nan
8,43,attn,0.1,4,raw,rho_a,a_present,1721,0.6031052281052282,nan,nan
8,43,attn,0.1,4,raw,rho_b,b_present,1767,0.4646128026852074,nan,nan
8,43,attn,0.1,4,raw,metric_leak_a_to_b,leak_a_to_b_label,1752,0.5932642710136317,nan,nan
8,43,attn,0.1,4,raw,metric_leak_b_to_a,leak_b_to_a_label,1721,0.535840108401084,nan,nan
8,43,attn,0.1,4,topk,rho_a,a_present,1721,0.5844274772846202,nan,nan
8,43,attn,0.1,4,topk,rho_b,b_present,1767,0.4780718053224646,nan,nan
8,43,attn,0.1,4,topk,metric_leak_a_to_b,leak_a_to_b_label,1752,0.6183919329699381,nan,nan
8,43,attn,0.1,4,topk,metric_leak_b_to_a,leak_b_to_a_label,1721,0.5829644685335742,nan,nan
8,43,attn,0.1,8,pre,rho_a,a_present,1775,0.48291872197972485,nan,nan
8,43,attn,0.1,8,pre,rho_b,b_present,1814,0.5219128472477489,nan,nan
8,43,attn,0.1,8,pre,metric_leak_a_to_b,leak_a_to_b_label,1792,0.5823671942092995,nan,nan
8,43,attn,0.1,8,pre,metric_leak_b_to_a,leak_b_to_a_label,1776,0.6629092261904762,nan,nan
8,43,attn,0.1,8,raw,rho_a,a_present,1776,0.49513817053347126,nan,nan
8,43,attn,0.1,8,raw,rho_b,b_present,1814,0.48091595733459486,nan,nan
8,43,attn,0.1,8,raw,metric_leak_a_to_b,leak_a_to_b_label,1794,0.5907113534709882,nan,nan
8,43,attn,0.1,8,raw,metric_leak_b_to_a,leak_b_to_a_label,1776,0.5971850198412698,nan,nan
8,43,attn,0.1,8,topk,rho_a,a_present,1776,0.4842589035022905,nan,nan
8,43,attn,0.1,8,topk,rho_b,b_present,1814,0.5057966521017858,nan,nan
8,43,attn,0.1,8,topk,metric_leak_a_to_b,leak_a_to_b_label,1794,0.5702545799889712,nan,nan
8,43,attn,0.1,8,topk,metric_leak_b_to_a,leak_b_to_a_label,1776,0.6342571924603174,nan,nan
8,43,attn,0.5,1,pre,rho_a,a_present,1682,0.5661913439920843,nan,nan
8,43,attn,0.5,1,pre,rho_b,b_present,1687,0.5296945701357466,nan,nan
8,43,attn,0.5,1,pre,metric_leak_a_to_b,leak_a_to_b_label,1687,0.5444170265268353,nan,nan
8,43,attn,0.5,1,pre,metric_leak_b_to_a,leak_b_to_a_label,1682,0.5938611062540071,nan,nan
8,43,attn,0.5,1,raw,rho_a,a_present,1682,0.5970779241111966,nan,nan
8,43,attn,0.5,1,raw,rho_b,b_present,1687,0.4983356737920632,nan,nan
8,43,attn,0.5,1,raw,metric_leak_a_to_b,leak_a_to_b_label,1687,0.5442581272316004,nan,nan
8,43,attn,0.5,1,raw,metric_leak_b_to_a,leak_b_to_a_label,1682,0.5493894620271609,nan,nan
8,43,attn,0.5,1,topk,rho_a,a_present,1682,0.5653521708907133,nan,nan
8,43,attn,0.5,1,topk,rho_b,b_present,1687,0.531342643158059,nan,nan
8,43,attn,0.5,1,topk,metric_leak_a_to_b,leak_a_to_b_label,1687,0.5605686725365936,nan,nan
8,43,attn,0.5,1,topk,metric_leak_b_to_a,leak_b_to_a_label,1682,0.6002797691904179,nan,nan
8,43,attn,0.5,4,pre,rho_a,a_present,1721,0.5939833975548261,nan,nan
8,43,attn,0.5,4,pre,rho_b,b_present,1767,0.4811046511627907,nan,nan
8,43,attn,0.5,4,pre,metric_leak_a_to_b,leak_a_to_b_label,1767,0.6314760758607739,nan,nan
8,43,attn,0.5,4,pre,metric_leak_b_to_a,leak_b_to_a_label,1721,0.5846582354712436,nan,nan
8,43,attn,0.5,4,raw,rho_a,a_present,1721,0.6031052281052282,nan,nan
8,43,attn,0.5,4,raw,rho_b,b_present,1767,0.4646128026852074,nan,nan
8,43,attn,0.5,4,raw,metric_leak_a_to_b,leak_a_to_b_label,1767,0.5960721052901111,nan,nan
8,43,attn,0.5,4,raw,metric_leak_b_to_a,leak_b_to_a_label,1721,0.535840108401084,nan,nan
8,43,attn,0.5,4,topk,rho_a,a_present,1721,0.5844274772846202,nan,nan
8,43,attn,0.5,4,topk,rho_b,b_present,1767,0.4780718053224646,nan,nan
8,43,attn,0.5,4,topk,metric_leak_a_to_b,leak_a_to_b_label,1767,0.6208241580034483,nan,nan
8,43,attn,0.5,4,topk,metric_leak_b_to_a,leak_b_to_a_label,1721,0.5829644685335742,nan,nan
8,43,attn,0.5,8,pre,rho_a,a_present,1775,0.48291872197972485,nan,nan
8,43,attn,0.5,8,pre,rho_b,b_present,1814,0.5219128472477489,nan,nan
8,43,attn,0.5,8,pre,metric_leak_a_to_b,leak_a_to_b_label,1812,0.5814258428328887,nan,nan
8,43,attn,0.5,8,pre,metric_leak_b_to_a,leak_b_to_a_label,1776,0.6629092261904762,nan,nan
8,43,attn,0.5,8,raw,rho_a,a_present,1776,0.49513817053347126,nan,nan
8,43,attn,0.5,8,raw,rho_b,b_present,1814,0.48091595733459486,nan,nan
8,43,attn,0.5,8,raw,metric_leak_a_to_b,leak_a_to_b_label,1814,0.5928774756223124,nan,nan
8,43,attn,0.5,8,raw,metric_leak_b_to_a,leak_b_to_a_label,1776,0.5971850198412698,nan,nan
8,43,attn,0.5,8,topk,rho_a,a_present,1776,0.4842589035022905,nan,nan
8,43,attn,0.5,8,topk,rho_b,b_present,1814,0.5057966521017858,nan,nan
8,43,attn,0.5,8,topk,metric_leak_a_to_b,leak_a_to_b_label,1814,0.5694309854036703,nan,nan
8,43,attn,0.5,8,topk,metric_leak_b_to_a,leak_b_to_a_label,1776,0.6342571924603174,nan,nan
8,43,none,0.3,1,pre,rho_a,a_present,1963,0.5854463049225733,nan,nan
8,43,none,0.3,1,pre,rho_b,b_present,1963,0.5418745578433928,nan,nan
8,43,none,0.3,1,pre,metric_leak_a_to_b,leak_a_to_b_label,1963,0.6038515765188414,nan,nan
8,43,none,0.3,1,pre,metric_leak_b_to_a,leak_b_to_a_label,1963,0.6016727355484752,nan,nan
8,43,none,0.3,1,raw,rho_a,a_present,1963,0.5335284737085064,nan,nan
8,43,none,0.3,1,raw,rho_b,b_present,1963,0.5306996313810179,nan,nan
8,43,none,0.3,1,raw,metric_leak_a_to_b,leak_a_to_b_label,1963,0.5432132786465009,nan,nan
8,43,none,0.3,1,raw,metric_leak_b_to_a,leak_b_to_a_label,1963,0.5240151859974345,nan,nan
8,43,none,0.3,1,topk,rho_a,a_present,1963,0.5902681606445928,nan,nan
8,43,none,0.3,1,topk,rho_b,b_present,1963,0.5412089957925308,nan,nan
8,43,none,0.3,1,topk,metric_leak_a_to_b,leak_a_to_b_label,1963,0.6119969238656755,nan,nan
8,43,none,0.3,1,topk,metric_leak_b_to_a,leak_b_to_a_label,1963,0.608226093433194,nan,nan
8,43,none,0.3,4,pre,rho_a,a_present,1963,0.573591002559906,nan,nan
8,43,none,0.3,4,pre,rho_b,b_present,1963,0.566695833488476,nan,nan
8,43,none,0.3,4,pre,metric_leak_a_to_b,leak_a_to_b_label,1963,0.6182965906177903,nan,nan
8,43,none,0.3,4,pre,metric_leak_b_to_a,leak_b_to_a_label,1963,0.5708197128315472,nan,nan
8,43,none,0.3,4,raw,rho_a,a_present,1963,0.5390196819002057,nan,nan
8,43,none,0.3,4,raw,rho_b,b_present,1963,0.5092201288304725,nan,nan
8,43,none,0.3,4,raw,metric_leak_a_to_b,leak_a_to_b_label,1963,0.523231222763394,nan,nan
8,43,none,0.3,4,raw,metric_leak_b_to_a,leak_b_to_a_label,1963,0.5450252410311582,nan,nan
8,43,none,0.3,4,topk,rho_a,a_present,1963,0.5643879306727098,nan,nan
8,43,none,0.3,4,topk,rho_b,b_present,1963,0.5699771009420262,nan,nan
8,43,none,0.3,4,topk,metric_leak_a_to_b,leak_a_to_b_label,1963,0.6422519866700845,nan,nan
8,43,none,0.3,4,topk,metric_leak_b_to_a,leak_b_to_a_label,1963,0.5719834898828982,nan,nan
8,43,none,0.3,8,pre,rho_a,a_present,1961,0.5494643532327858,nan,nan
8,43,none,0.3,8,pre,rho_b,b_present,1963,0.5943376028595897,nan,nan
8,43,none,0.3,8,pre,metric_leak_a_to_b,leak_a_to_b_label,1961,0.5081604372762616,nan,nan
8,43,none,0.3,8,pre,metric_leak_b_to_a,leak_b_to_a_label,1963,0.6144535937435346,nan,nan
8,43,none,0.3,8,raw,rho_a,a_present,1963,0.4526123630869948,nan,nan
8,43,none,0.3,8,raw,rho_b,b_present,1963,0.4748924861302454,nan,nan
8,43,none,0.3,8,raw,metric_leak_a_to_b,leak_a_to_b_label,1963,0.5384324532171239,nan,nan
8,43,none,0.3,8,raw,metric_leak_b_to_a,leak_b_to_a_label,1963,0.5736076054123391,nan,nan
8,43,none,0.3,8,topk,rho_a,a_present,1963,0.5580679004574258,nan,nan
8,43,none,0.3,8,topk,rho_b,b_present,1963,0.5947029638455523,nan,nan
8,43,none,0.3,8,topk,metric_leak_a_to_b,leak_a_to_b_label,1963,0.5092219943604204,nan,nan
8,43,none,0.3,8,topk,metric_leak_b_to_a,leak_b_to_a_label,1963,0.6249534489179459,nan,nan
8,43,none,0.1,1,pre,rho_a,a_present,1963,0.5854463049225733,nan,nan
8,43,none,0.1,1,pre,rho_b,b_present,1963,0.5418745578433928,nan,nan
8,43,none,0.1,1,pre,metric_leak_a_to_b,leak_a_to_b_label,1943,0.6067754890529862,nan,nan
8,43,none,0.1,1,pre,metric_leak_b_to_a,leak_b_to_a_label,1963,0.6016727355484752,nan,nan
8,43,none,0.1,1,raw,rho_a,a_present,1963,0.5335284737085064,nan,nan
8,43,none,0.1,1,raw,rho_b,b_present,1963,0.5306996313810179,nan,nan
8,43,none,0.1,1,raw,metric_leak_a_to_b,leak_a_to_b_label,1943,0.5443321673791942,nan,nan
8,43,none,0.1,1,raw,metric_leak_b_to_a,leak_b_to_a_label,1963,0.5240151859974345,nan,nan
8,43,none,0.1,1,topk,rho_a,a_present,1963,0.5902681606445928,nan,nan
8,43,none,0.1,1,topk,rho_b,b_present,1963,0.5412089957925308,nan,nan
8,43,none,0.1,1,topk,metric_leak_a_to_b,leak_a_to_b_label,1943,0.6116141987304055,nan,nan
8,43,none,0.1,1,topk,metric_leak_b_to_a,leak_b_to_a_label,1963,0.608226093433194,nan,nan
8,43,none,0.1,4,pre,rho_a,a_present,1963,0.573591002559906,nan,nan
8,43,none,0.1,4,pre,rho_b,b_present,1963,0.566695833488476,nan,nan
8,43,none,0.1,4,pre,metric_leak_a_to_b,leak_a_to_b_label,1943,0.615921751522218,nan,nan
8,43,none,0.1,4,pre,metric_leak_b_to_a,leak_b_to_a_label,1963,0.5708197128315472,nan,nan
8,43,none,0.1,4,raw,rho_a,a_present,1963,0.5390196819002057,nan,nan
8,43,none,0.1,4,raw,rho_b,b_present,1963,0.5092201288304725,nan,nan
8,43,none,0.1,4,raw,metric_leak_a_to_b,leak_a_to_b_label,1943,0.5217709547868895,nan,nan
8,43,none,0.1,4,raw,metric_leak_b_to_a,leak_b_to_a_label,1963,0.5450252410311582,nan,nan
8,43,none,0.1,4,topk,rho_a,a_present,1963,0.5643879306727098,nan,nan
8,43,none,0.1,4,topk,rho_b,b_present,1963,0.5699771009420262,nan,nan
8,43,none,0.1,4,topk,metric_leak_a_to_b,leak_a_to_b_label,1943,0.640503951289027,nan,nan
8,43,none,0.1,4,topk,metric_leak_b_to_a,leak_b_to_a_label,1963,0.5719834898828982,nan,nan
8,43,none,0.1,8,pre,rho_a,a_present,1961,0.5494643532327858,nan,nan
8,43,none,0.1,8,pre,rho_b,b_present,1963,0.5943376028595897,nan,nan
8,43,none,0.1,8,pre,metric_leak_a_to_b,leak_a_to_b_label,1941,0.5062575382261014,nan,nan
8,43,none,0.1,8,pre,metric_leak_b_to_a,leak_b_to_a_label,1963,0.6144535937435346,nan,nan
8,43,none,0.1,8,raw,rho_a,a_present,1963,0.4526123630869948,nan,nan
8,43,none,0.1,8,raw,rho_b,b_present,1963,0.4748924861302454,nan,nan
8,43,none,0.1,8,raw,metric_leak_a_to_b,leak_a_to_b_label,1943,0.5381655654877575,nan,nan
8,43,none,0.1,8,raw,metric_leak_b_to_a,leak_b_to_a_label,1963,0.5736076054123391,nan,nan
8,43,none,0.1,8,topk,rho_a,a_present,1963,0.5580679004574258,nan,nan
8,43,none,0.1,8,topk,rho_b,b_present,1963,0.5947029638455523,nan,nan
8,43,none,0.1,8,topk,metric_leak_a_to_b,leak_a_to_b_label,1943,0.5077730275942479,nan,nan
8,43,none,0.1,8,topk,metric_leak_b_to_a,leak_b_to_a_label,1963,0.6249534489179459,nan,nan
8,43,none,0.5,1,pre,rho_a,a_present,1963,0.5854463049225733,nan,nan
8,43,none,0.5,1,pre,rho_b,b_present,1963,0.5418745578433928,nan,nan
8,43,none,0.5,1,pre,metric_leak_a_to_b,leak_a_to_b_label,1963,0.6038515765188414,nan,nan
8,43,none,0.5,1,pre,metric_leak_b_to_a,leak_b_to_a_label,1963,0.6016727355484752,nan,nan
8,43,none,0.5,1,raw,rho_a,a_present,1963,0.5335284737085064,nan,nan
8,43,none,0.5,1,raw,rho_b,b_present,1963,0.5306996313810179,nan,nan
8,43,none,0.5,1,raw,metric_leak_a_to_b,leak_a_to_b_label,1963,0.5432132786465009,nan,nan
8,43,none,0.5,1,raw,metric_leak_b_to_a,leak_b_to_a_label,1963,0.5240151859974345,nan,nan
8,43,none,0.5,1,topk,rho_a,a_present,1963,0.5902681606445928,nan,nan
8,43,none,0.5,1,topk,rho_b,b_present,1963,0.5412089957925308,nan,nan
8,43,none,0.5,1,topk,metric_leak_a_to_b,leak_a_to_b_label,1963,0.6119969238656755,nan,nan
8,43,none,0.5,1,topk,metric_leak_b_to_a,leak_b_to_a_label,1963,0.608226093433194,nan,nan
8,43,none,0.5,4,pre,rho_a,a_present,1963,0.573591002559906,nan,nan
8,43,none,0.5,4,pre,rho_b,b_present,1963,0.566695833488476,nan,nan
8,43,none,0.5,4,pre,metric_leak_a_to_b,leak_a_to_b_label,1963,0.6182965906177903,nan,nan
8,43,none,0.5,4,pre,metric_leak_b_to_a,leak_b_to_a_label,1963,0.5708197128315472,nan,nan
8,43,none,0.5,4,raw,rho_a,a_present,1963,0.5390196819002057,nan,nan
8,43,none,0.5,4,raw,rho_b,b_present,1963,0.5092201288304725,nan,nan
8,43,none,0.5,4,raw,metric_leak_a_to_b,leak_a_to_b_label,1963,0.523231222763394,nan,nan
8,43,none,0.5,4,raw,metric_leak_b_to_a,leak_b_to_a_label,1963,0.5450252410311582,nan,nan
8,43,none,0.5,4,topk,rho_a,a_present,1963,0.5643879306727098,nan,nan
8,43,none,0.5,4,topk,rho_b,b_present,1963,0.5699771009420262,nan,nan
8,43,none,0.5,4,topk,metric_leak_a_to_b,leak_a_to_b_label,1963,0.6422519866700845,nan,nan
8,43,none,0.5,4,topk,metric_leak_b_to_a,leak_b_to_a_label,1963,0.5719834898828982,nan,nan
8,43,none,0.5,8,pre,rho_a,a_present,1961,0.5494643532327858,nan,nan
8,43,none,0.5,8,pre,rho_b,b_present,1963,0.5943376028595897,nan,nan
8,43,none,0.5,8,pre,metric_leak_a_to_b,leak_a_to_b_label,1961,0.5081604372762616,nan,nan
8,43,none,0.5,8,pre,metric_leak_b_to_a,leak_b_to_a_label,1963,0.6144535937435346,nan,nan
8,43,none,0.5,8,raw,rho_a,a_present,1963,0.4526123630869948,nan,nan
8,43,none,0.5,8,raw,rho_b,b_present,1963,0.4748924861302454,nan,nan
8,43,none,0.5,8,raw,metric_leak_a_to_b,leak_a_to_b_label,1963,0.5384324532171239,nan,nan
8,43,none,0.5,8,raw,metric_leak_b_to_a,leak_b_to_a_label,1963,0.5736076054123391,nan,nan
8,43,none,0.5,8,topk,rho_a,a_present,1963,0.5580679004574258,nan,nan
8,43,none,0.5,8,topk,rho_b,b_present,1963,0.5947029638455523,nan,nan
8,43,none,0.5,8,topk,metric_leak_a_to_b,leak_a_to_b_label,1963,0.5092219943604204,nan,nan
8,43,none,0.5,8,topk,metric_leak_b_to_a,leak_b_to_a_label,1963,0.6249534489179459,nan,nan
