pair,pair_id,entity_a,entity_b,stage,block,kind,aggregation,cosine
apple__pepper,apple__pepper,apple,pepper,t5_hidden,,hidden,subword_mean,0.3443731665611267
apple__pepper,apple__pepper,apple,pepper,caption_projection,,projected,subword_mean,0.34796884655952454
apple__pepper,apple__pepper,apple,pepper,attn2_projection,8,key,head_mean,0.8694525957107544
apple__pepper,apple__pepper,apple,pepper,attn2_projection,8,key,head_concat,0.9197095036506653
apple__pepper,apple__pepper,apple,pepper,attn2_projection,8,value,head_mean,0.38615816831588745
apple__pepper,apple__pepper,apple,pepper,attn2_projection,8,value,head_concat,0.3863913416862488
apple__pepper,apple__pepper,apple,pepper,attn2_projection,11,key,head_mean,0.8467128276824951
apple__pepper,apple__pepper,apple,pepper,attn2_projection,11,key,head_concat,0.9145970344543457
apple__pepper,apple__pepper,apple,pepper,attn2_projection,11,value,head_mean,0.36464744806289673
apple__pepper,apple__pepper,apple,pepper,attn2_projection,11,value,head_concat,0.36375075578689575
apple__pepper,apple__pepper,apple,pepper,attn2_projection,14,key,head_mean,0.8858642578125
apple__pepper,apple__pepper,apple,pepper,attn2_projection,14,key,head_concat,0.9576113820075989
apple__pepper,apple__pepper,apple,pepper,attn2_projection,14,value,head_mean,0.2516290545463562
apple__pepper,apple__pepper,apple,pepper,attn2_projection,14,value,head_concat,0.24999229609966278
apple__pepper,apple__pepper,apple,pepper,attn2_projection,17,key,head_mean,0.9475804567337036
apple__pepper,apple__pepper,apple,pepper,attn2_projection,17,key,head_concat,0.9740817546844482
apple__pepper,apple__pepper,apple,pepper,attn2_projection,17,value,head_mean,0.3814990520477295
apple__pepper,apple__pepper,apple,pepper,attn2_projection,17,value,head_concat,0.37024521827697754
apple__pepper,apple__pepper,apple,pepper,attn2_projection,20,key,head_mean,0.9837092161178589
apple__pepper,apple__pepper,apple,pepper,attn2_projection,20,key,head_concat,0.9930641651153564
apple__pepper,apple__pepper,apple,pepper,attn2_projection,20,value,head_mean,0.46471935510635376
apple__pepper,apple__pepper,apple,pepper,attn2_projection,20,value,head_concat,0.46443986892700195
apple__pepper,apple__pepper,apple,pepper,attn2_projection,23,key,head_mean,0.9855239391326904
apple__pepper,apple__pepper,apple,pepper,attn2_projection,23,key,head_concat,0.9951870441436768
apple__pepper,apple__pepper,apple,pepper,attn2_projection,23,value,head_mean,0.3980686366558075
apple__pepper,apple__pepper,apple,pepper,attn2_projection,23,value,head_concat,0.3804345726966858
apple__pumpkin,apple__pumpkin,apple,pumpkin,t5_hidden,,hidden,subword_mean,0.34718137979507446
apple__pumpkin,apple__pumpkin,apple,pumpkin,caption_projection,,projected,subword_mean,0.39168575406074524
apple__pumpkin,apple__pumpkin,apple,pumpkin,attn2_projection,8,key,head_mean,0.8666227459907532
apple__pumpkin,apple__pumpkin,apple,pumpkin,attn2_projection,8,key,head_concat,0.9185435175895691
apple__pumpkin,apple__pumpkin,apple,pumpkin,attn2_projection,8,value,head_mean,0.4190630316734314
apple__pumpkin,apple__pumpkin,apple,pumpkin,attn2_projection,8,value,head_concat,0.4181159734725952
apple__pumpkin,apple__pumpkin,apple,pumpkin,attn2_projection,11,key,head_mean,0.8415632247924805
apple__pumpkin,apple__pumpkin,apple,pumpkin,attn2_projection,11,key,head_concat,0.9089946150779724
apple__pumpkin,apple__pumpkin,apple,pumpkin,attn2_projection,11,value,head_mean,0.3623565137386322
apple__pumpkin,apple__pumpkin,apple,pumpkin,attn2_projection,11,value,head_concat,0.35776352882385254
apple__pumpkin,apple__pumpkin,apple,pumpkin,attn2_projection,14,key,head_mean,0.87501060962677
apple__pumpkin,apple__pumpkin,apple,pumpkin,attn2_projection,14,key,head_concat,0.9520432353019714
apple__pumpkin,apple__pumpkin,apple,pumpkin,attn2_projection,14,value,head_mean,0.2750338315963745
apple__pumpkin,apple__pumpkin,apple,pumpkin,attn2_projection,14,value,head_concat,0.2727469503879547
apple__pumpkin,apple__pumpkin,apple,pumpkin,attn2_projection,17,key,head_mean,0.9356067180633545
apple__pumpkin,apple__pumpkin,apple,pumpkin,attn2_projection,17,key,head_concat,0.9652904272079468
apple__pumpkin,apple__pumpkin,apple,pumpkin,attn2_projection,17,value,head_mean,0.27699175477027893
apple__pumpkin,apple__pumpkin,apple,pumpkin,attn2_projection,17,value,head_concat,0.28151369094848633
apple__pumpkin,apple__pumpkin,apple,pumpkin,attn2_projection,20,key,head_mean,0.9823810458183289
apple__pumpkin,apple__pumpkin,apple,pumpkin,attn2_projection,20,key,head_concat,0.9912814497947693
apple__pumpkin,apple__pumpkin,apple,pumpkin,attn2_projection,20,value,head_mean,0.3991053104400635
apple__pumpkin,apple__pumpkin,apple,pumpkin,attn2_projection,20,value,head_concat,0.39642900228500366
apple__pumpkin,apple__pumpkin,apple,pumpkin,attn2_projection,23,key,head_mean,0.9833822846412659
apple__pumpkin,apple__pumpkin,apple,pumpkin,attn2_projection,23,key,head_concat,0.9943888187408447
apple__pumpkin,apple__pumpkin,apple,pumpkin,attn2_projection,23,value,head_mean,0.365725576877594
apple__pumpkin,apple__pumpkin,apple,pumpkin,attn2_projection,23,value,head_concat,0.3582838475704193
apple__strawberry,apple__strawberry,apple,strawberry,t5_hidden,,hidden,subword_mean,0.4810861051082611
apple__strawberry,apple__strawberry,apple,strawberry,caption_projection,,projected,subword_mean,0.4426555633544922
apple__strawberry,apple__strawberry,apple,strawberry,attn2_projection,8,key,head_mean,0.8934402465820312
apple__strawberry,apple__strawberry,apple,strawberry,attn2_projection,8,key,head_concat,0.9347353577613831
apple__strawberry,apple__strawberry,apple,strawberry,attn2_projection,8,value,head_mean,0.4958155155181885
apple__strawberry,apple__strawberry,apple,strawberry,attn2_projection,8,value,head_concat,0.49403417110443115
apple__strawberry,apple__strawberry,apple,strawberry,attn2_projection,11,key,head_mean,0.8762742877006531
apple__strawberry,apple__strawberry,apple,strawberry,attn2_projection,11,key,head_concat,0.9304924011230469
apple__strawberry,apple__strawberry,apple,strawberry,attn2_projection,11,value,head_mean,0.45716622471809387
apple__strawberry,apple__strawberry,apple,strawberry,attn2_projection,11,value,head_concat,0.4482269585132599
apple__strawberry,apple__strawberry,apple,strawberry,attn2_projection,14,key,head_mean,0.9096444845199585
apple__strawberry,apple__strawberry,apple,strawberry,attn2_projection,14,key,head_concat,0.9661822319030762
apple__strawberry,apple__strawberry,apple,strawberry,attn2_projection,14,value,head_mean,0.42678242921829224
apple__strawberry,apple__strawberry,apple,strawberry,attn2_projection,14,value,head_concat,0.41669026017189026
apple__strawberry,apple__strawberry,apple,strawberry,attn2_projection,17,key,head_mean,0.9477699995040894
apple__strawberry,apple__strawberry,apple,strawberry,attn2_projection,17,key,head_concat,0.9729191064834595
apple__strawberry,apple__strawberry,apple,strawberry,attn2_projection,17,value,head_mean,0.41325807571411133
apple__strawberry,apple__strawberry,apple,strawberry,attn2_projection,17,value,head_concat,0.4086371660232544
apple__strawberry,apple__strawberry,apple,strawberry,attn2_projection,20,key,head_mean,0.98475581407547
apple__strawberry,apple__strawberry,apple,strawberry,attn2_projection,20,key,head_concat,0.9930614829063416
apple__strawberry,apple__strawberry,apple,strawberry,attn2_projection,20,value,head_mean,0.5208399295806885
apple__strawberry,apple__strawberry,apple,strawberry,attn2_projection,20,value,head_concat,0.5148864388465881
apple__strawberry,apple__strawberry,apple,strawberry,attn2_projection,23,key,head_mean,0.9868643879890442
apple__strawberry,apple__strawberry,apple,strawberry,attn2_projection,23,key,head_concat,0.9953816533088684
apple__strawberry,apple__strawberry,apple,strawberry,attn2_projection,23,value,head_mean,0.5049504041671753
apple__strawberry,apple__strawberry,apple,strawberry,attn2_projection,23,value,head_concat,0.499765008687973
apple__tomato,apple__tomato,apple,tomato,t5_hidden,,hidden,subword_mean,0.4022631049156189
apple__tomato,apple__tomato,apple,tomato,caption_projection,,projected,subword_mean,0.4219062924385071
apple__tomato,apple__tomato,apple,tomato,attn2_projection,8,key,head_mean,0.893903374671936
apple__tomato,apple__tomato,apple,tomato,attn2_projection,8,key,head_concat,0.9343699812889099
apple__tomato,apple__tomato,apple,tomato,attn2_projection,8,value,head_mean,0.4733659625053406
apple__tomato,apple__tomato,apple,tomato,attn2_projection,8,value,head_concat,0.46865254640579224
apple__tomato,apple__tomato,apple,tomato,attn2_projection,11,key,head_mean,0.8707238435745239
apple__tomato,apple__tomato,apple,tomato,attn2_projection,11,key,head_concat,0.9261660575866699
apple__tomato,apple__tomato,apple,tomato,attn2_projection,11,value,head_mean,0.4275970160961151
apple__tomato,apple__tomato,apple,tomato,attn2_projection,11,value,head_concat,0.42945846915245056
apple__tomato,apple__tomato,apple,tomato,attn2_projection,14,key,head_mean,0.8964304327964783
apple__tomato,apple__tomato,apple,tomato,attn2_projection,14,key,head_concat,0.9586808085441589
apple__tomato,apple__tomato,apple,tomato,attn2_projection,14,value,head_mean,0.3167780637741089
apple__tomato,apple__tomato,apple,tomato,attn2_projection,14,value,head_concat,0.30804672837257385
apple__tomato,apple__tomato,apple,tomato,attn2_projection,17,key,head_mean,0.9507375359535217
apple__tomato,apple__tomato,apple,tomato,attn2_projection,17,key,head_concat,0.9736441969871521
apple__tomato,apple__tomato,apple,tomato,attn2_projection,17,value,head_mean,0.4346119165420532
apple__tomato,apple__tomato,apple,tomato,attn2_projection,17,value,head_concat,0.4281271696090698
apple__tomato,apple__tomato,apple,tomato,attn2_projection,20,key,head_mean,0.9826074242591858
apple__tomato,apple__tomato,apple,tomato,attn2_projection,20,key,head_concat,0.99216228723526
apple__tomato,apple__tomato,apple,tomato,attn2_projection,20,value,head_mean,0.5097620487213135
apple__tomato,apple__tomato,apple,tomato,attn2_projection,20,value,head_concat,0.5068479776382446
apple__tomato,apple__tomato,apple,tomato,attn2_projection,23,key,head_mean,0.9854815602302551
apple__tomato,apple__tomato,apple,tomato,attn2_projection,23,key,head_concat,0.9950246214866638
apple__tomato,apple__tomato,apple,tomato,attn2_projection,23,value,head_mean,0.47390151023864746
apple__tomato,apple__tomato,apple,tomato,attn2_projection,23,value,head_concat,0.46454179286956787
apple__watermelon,apple__watermelon,apple,watermelon,t5_hidden,,hidden,subword_mean,0.34532448649406433
apple__watermelon,apple__watermelon,apple,watermelon,caption_projection,,projected,subword_mean,0.4192066788673401
apple__watermelon,apple__watermelon,apple,watermelon,attn2_projection,8,key,head_mean,0.8957998752593994
apple__watermelon,apple__watermelon,apple,watermelon,attn2_projection,8,key,head_concat,0.9350256323814392
apple__watermelon,apple__watermelon,apple,watermelon,attn2_projection,8,value,head_mean,0.4286966919898987
apple__watermelon,apple__watermelon,apple,watermelon,attn2_projection,8,value,head_concat,0.42716145515441895
apple__watermelon,apple__watermelon,apple,watermelon,attn2_projection,11,key,head_mean,0.8720337152481079
apple__watermelon,apple__watermelon,apple,watermelon,attn2_projection,11,key,head_concat,0.9288914799690247
apple__watermelon,apple__watermelon,apple,watermelon,attn2_projection,11,value,head_mean,0.4019080102443695
apple__watermelon,apple__watermelon,apple,watermelon,attn2_projection,11,value,head_concat,0.39927083253860474
apple__watermelon,apple__watermelon,apple,watermelon,attn2_projection,14,key,head_mean,0.9157774448394775
apple__watermelon,apple__watermelon,apple,watermelon,attn2_projection,14,key,head_concat,0.9688290357589722
apple__watermelon,apple__watermelon,apple,watermelon,attn2_projection,14,value,head_mean,0.290667325258255
apple__watermelon,apple__watermelon,apple,watermelon,attn2_projection,14,value,head_concat,0.2944038510322571
apple__watermelon,apple__watermelon,apple,watermelon,attn2_projection,17,key,head_mean,0.9581188559532166
apple__watermelon,apple__watermelon,apple,watermelon,attn2_projection,17,key,head_concat,0.9771674275398254
apple__watermelon,apple__watermelon,apple,watermelon,attn2_projection,17,value,head_mean,0.33690792322158813
apple__watermelon,apple__watermelon,apple,watermelon,attn2_projection,17,value,head_concat,0.33291780948638916
apple__watermelon,apple__watermelon,apple,watermelon,attn2_projection,20,key,head_mean,0.9874170422554016
apple__watermelon,apple__watermelon,apple,watermelon,attn2_projection,20,key,head_concat,0.9941542148590088
apple__watermelon,apple__watermelon,apple,watermelon,attn2_projection,20,value,head_mean,0.41662707924842834
apple__watermelon,apple__watermelon,apple,watermelon,attn2_projection,20,value,head_concat,0.42330437898635864
apple__watermelon,apple__watermelon,apple,watermelon,attn2_projection,23,key,head_mean,0.988335132598877
apple__watermelon,apple__watermelon,apple,watermelon,attn2_projection,23,key,head_concat,0.9954371452331543
apple__watermelon,apple__watermelon,apple,watermelon,attn2_projection,23,value,head_mean,0.39350271224975586
apple__watermelon,apple__watermelon,apple,watermelon,attn2_projection,23,value,head_concat,0.39237654209136963
bear__apple,bear__apple,bear,apple,t5_hidden,,hidden,subword_mean,0.3163583278656006
bear__apple,bear__apple,bear,apple,caption_projection,,projected,subword_mean,0.28012174367904663
bear__apple,bear__apple,bear,apple,attn2_projection,8,key,head_mean,0.7864885926246643
bear__apple,bear__apple,bear,apple,attn2_projection,8,key,head_concat,0.8558775782585144
bear__apple,bear__apple,bear,apple,attn2_projection,8,value,head_mean,0.13231760263442993
bear__apple,bear__apple,bear,apple,attn2_projection,8,value,head_concat,0.13208679854869843
bear__apple,bear__apple,bear,apple,attn2_projection,11,key,head_mean,0.7718552947044373
bear__apple,bear__apple,bear,apple,attn2_projection,11,key,head_concat,0.8722658157348633
bear__apple,bear__apple,bear,apple,attn2_projection,11,value,head_mean,0.0925494134426117
bear__apple,bear__apple,bear,apple,attn2_projection,11,value,head_concat,0.09141353517770767
bear__apple,bear__apple,bear,apple,attn2_projection,14,key,head_mean,0.8275130391120911
bear__apple,bear__apple,bear,apple,attn2_projection,14,key,head_concat,0.9337817430496216
bear__apple,bear__apple,bear,apple,attn2_projection,14,value,head_mean,0.042306240648031235
bear__apple,bear__apple,bear,apple,attn2_projection,14,value,head_concat,0.04240783676505089
bear__apple,bear__apple,bear,apple,attn2_projection,17,key,head_mean,0.9009668827056885
bear__apple,bear__apple,bear,apple,attn2_projection,17,key,head_concat,0.9484879970550537
bear__apple,bear__apple,bear,apple,attn2_projection,17,value,head_mean,0.0976623073220253
bear__apple,bear__apple,bear,apple,attn2_projection,17,value,head_concat,0.1030522882938385
bear__apple,bear__apple,bear,apple,attn2_projection,20,key,head_mean,0.9764477610588074
bear__apple,bear__apple,bear,apple,attn2_projection,20,key,head_concat,0.9895710349082947
bear__apple,bear__apple,bear,apple,attn2_projection,20,value,head_mean,0.0778675302863121
bear__apple,bear__apple,bear,apple,attn2_projection,20,value,head_concat,0.07456253468990326
bear__apple,bear__apple,bear,apple,attn2_projection,23,key,head_mean,0.9788380861282349
bear__apple,bear__apple,bear,apple,attn2_projection,23,key,head_concat,0.993298351764679
bear__apple,bear__apple,bear,apple,attn2_projection,23,value,head_mean,0.1500917375087738
bear__apple,bear__apple,bear,apple,attn2_projection,23,value,head_concat,0.12097694724798203
bear__orange,bear__orange,bear,orange,t5_hidden,,hidden,subword_mean,0.3183313012123108
bear__orange,bear__orange,bear,orange,caption_projection,,projected,subword_mean,0.30460304021835327
bear__orange,bear__orange,bear,orange,attn2_projection,8,key,head_mean,0.801306962966919
bear__orange,bear__orange,bear,orange,attn2_projection,8,key,head_concat,0.8722367882728577
bear__orange,bear__orange,bear,orange,attn2_projection,8,value,head_mean,0.13758090138435364
bear__orange,bear__orange,bear,orange,attn2_projection,8,value,head_concat,0.13353706896305084
bear__orange,bear__orange,bear,orange,attn2_projection,11,key,head_mean,0.7852347493171692
bear__orange,bear__orange,bear,orange,attn2_projection,11,key,head_concat,0.8858395218849182
bear__orange,bear__orange,bear,orange,attn2_projection,11,value,head_mean,0.02776039019227028
bear__orange,bear__orange,bear,orange,attn2_projection,11,value,head_concat,0.02360689267516136
bear__orange,bear__orange,bear,orange,attn2_projection,14,key,head_mean,0.8486356139183044
bear__orange,bear__orange,bear,orange,attn2_projection,14,key,head_concat,0.9408202767372131
bear__orange,bear__orange,bear,orange,attn2_projection,14,value,head_mean,0.09146759659051895
bear__orange,bear__orange,bear,orange,attn2_projection,14,value,head_concat,0.09279437363147736
bear__orange,bear__orange,bear,orange,attn2_projection,17,key,head_mean,0.9095966219902039
bear__orange,bear__orange,bear,orange,attn2_projection,17,key,head_concat,0.9549163579940796
bear__orange,bear__orange,bear,orange,attn2_projection,17,value,head_mean,0.05546552687883377
bear__orange,bear__orange,bear,orange,attn2_projection,17,value,head_concat,0.05770300701260567
bear__orange,bear__orange,bear,orange,attn2_projection,20,key,head_mean,0.9764338731765747
bear__orange,bear__orange,bear,orange,attn2_projection,20,key,head_concat,0.9895259141921997
bear__orange,bear__orange,bear,orange,attn2_projection,20,value,head_mean,0.12000147253274918
bear__orange,bear__orange,bear,orange,attn2_projection,20,value,head_concat,0.10194554924964905
bear__orange,bear__orange,bear,orange,attn2_projection,23,key,head_mean,0.9827526211738586
bear__orange,bear__orange,bear,orange,attn2_projection,23,key,head_concat,0.9949604272842407
bear__orange,bear__orange,bear,orange,attn2_projection,23,value,head_mean,0.23067498207092285
bear__orange,bear__orange,bear,orange,attn2_projection,23,value,head_concat,0.2006843537092209
bear__panda,bear__panda,bear,panda,t5_hidden,,hidden,subword_mean,0.49062567949295044
bear__panda,bear__panda,bear,panda,caption_projection,,projected,subword_mean,0.5963786840438843
bear__panda,bear__panda,bear,panda,attn2_projection,8,key,head_mean,0.92693692445755
bear__panda,bear__panda,bear,panda,attn2_projection,8,key,head_concat,0.9553318023681641
bear__panda,bear__panda,bear,panda,attn2_projection,8,value,head_mean,0.6665773987770081
bear__panda,bear__panda,bear,panda,attn2_projection,8,value,head_concat,0.6722778677940369
bear__panda,bear__panda,bear,panda,attn2_projection,11,key,head_mean,0.9279769659042358
bear__panda,bear__panda,bear,panda,attn2_projection,11,key,head_concat,0.9606433510780334
bear__panda,bear__panda,bear,panda,attn2_projection,11,value,head_mean,0.6509395241737366
bear__panda,bear__panda,bear,panda,attn2_projection,11,value,head_concat,0.6503214240074158
bear__panda,bear__panda,bear,panda,attn2_projection,14,key,head_mean,0.9394110441207886
bear__panda,bear__panda,bear,panda,attn2_projection,14,key,head_concat,0.9774893522262573
bear__panda,bear__panda,bear,panda,attn2_projection,14,value,head_mean,0.5993908643722534
bear__panda,bear__panda,bear,panda,attn2_projection,14,value,head_concat,0.5894684195518494
bear__panda,bear__panda,bear,panda,attn2_projection,17,key,head_mean,0.9588377475738525
bear__panda,bear__panda,bear,panda,attn2_projection,17,key,head_concat,0.980162501335144
bear__panda,bear__panda,bear,panda,attn2_projection,17,value,head_mean,0.5636911392211914
bear__panda,bear__panda,bear,panda,attn2_projection,17,value,head_concat,0.5505390763282776
bear__panda,bear__panda,bear,panda,attn2_projection,20,key,head_mean,0.9914250373840332
bear__panda,bear__panda,bear,panda,attn2_projection,20,key,head_concat,0.9962807893753052
bear__panda,bear__panda,bear,panda,attn2_projection,20,value,head_mean,0.6218693256378174
bear__panda,bear__panda,bear,panda,attn2_projection,20,value,head_concat,0.6271452903747559
bear__panda,bear__panda,bear,panda,attn2_projection,23,key,head_mean,0.992863655090332
bear__panda,bear__panda,bear,panda,attn2_projection,23,key,head_concat,0.9977461695671082
bear__panda,bear__panda,bear,panda,attn2_projection,23,value,head_mean,0.5654316544532776
bear__panda,bear__panda,bear,panda,attn2_projection,23,value,head_concat,0.565911591053009
bear__peach,bear__peach,bear,peach,t5_hidden,,hidden,subword_mean,0.3405250310897827
bear__peach,bear__peach,bear,peach,caption_projection,,projected,subword_mean,0.30512735247612
bear__peach,bear__peach,bear,peach,attn2_projection,8,key,head_mean,0.8140407800674438
bear__peach,bear__peach,bear,peach,attn2_projection,8,key,head_concat,0.8804376721382141
bear__peach,bear__peach,bear,peach,attn2_projection,8,value,head_mean,0.16041168570518494
bear__peach,bear__peach,bear,peach,attn2_projection,8,value,head_concat,0.15544454753398895
bear__peach,bear__peach,bear,peach,attn2_projection,11,key,head_mean,0.7947365045547485
bear__peach,bear__peach,bear,peach,attn2_projection,11,key,head_concat,0.8932289481163025
bear__peach,bear__peach,bear,peach,attn2_projection,11,value,head_mean,0.041087329387664795
bear__peach,bear__peach,bear,peach,attn2_projection,11,value,head_concat,0.0423983559012413
bear__peach,bear__peach,bear,peach,attn2_projection,14,key,head_mean,0.8518693447113037
bear__peach,bear__peach,bear,peach,attn2_projection,14,key,head_concat,0.9431039094924927
bear__peach,bear__peach,bear,peach,attn2_projection,14,value,head_mean,0.06124347448348999
bear__peach,bear__peach,bear,peach,attn2_projection,14,value,head_concat,0.06353924423456192
bear__peach,bear__peach,bear,peach,attn2_projection,17,key,head_mean,0.9112142324447632
bear__peach,bear__peach,bear,peach,attn2_projection,17,key,head_concat,0.9563131332397461
bear__peach,bear__peach,bear,peach,attn2_projection,17,value,head_mean,0.09182056784629822
bear__peach,bear__peach,bear,peach,attn2_projection,17,value,head_concat,0.09342247247695923
bear__peach,bear__peach,bear,peach,attn2_projection,20,key,head_mean,0.9789308905601501
bear__peach,bear__peach,bear,peach,attn2_projection,20,key,head_concat,0.9904884696006775
bear__peach,bear__peach,bear,peach,attn2_projection,20,value,head_mean,0.09420497715473175
bear__peach,bear__peach,bear,peach,attn2_projection,20,value,head_concat,0.08758849650621414
bear__peach,bear__peach,bear,peach,attn2_projection,23,key,head_mean,0.9848433136940002
bear__peach,bear__peach,bear,peach,attn2_projection,23,key,head_concat,0.9954093098640442
bear__peach,bear__peach,bear,peach,attn2_projection,23,value,head_mean,0.1846894472837448
bear__peach,bear__peach,bear,peach,attn2_projection,23,value,head_concat,0.14837993681430817
bear__pear,bear__pear,bear,pear,t5_hidden,,hidden,subword_mean,0.38517701625823975
bear__pear,bear__pear,bear,pear,caption_projection,,projected,subword_mean,0.3622971177101135
bear__pear,bear__pear,bear,pear,attn2_projection,8,key,head_mean,0.8385218381881714
bear__pear,bear__pear,bear,pear,attn2_projection,8,key,head_concat,0.8953551650047302
bear__pear,bear__pear,bear,pear,attn2_projection,8,value,head_mean,0.2308187484741211
bear__pear,bear__pear,bear,pear,attn2_projection,8,value,head_concat,0.22879378497600555
bear__pear,bear__pear,bear,pear,attn2_projection,11,key,head_mean,0.8272407054901123
bear__pear,bear__pear,bear,pear,attn2_projection,11,key,head_concat,0.9089889526367188
bear__pear,bear__pear,bear,pear,attn2_projection,11,value,head_mean,0.1249271035194397
bear__pear,bear__pear,bear,pear,attn2_projection,11,value,head_concat,0.12333959341049194
bear__pear,bear__pear,bear,pear,attn2_projection,14,key,head_mean,0.8676967024803162
bear__pear,bear__pear,bear,pear,attn2_projection,14,key,head_concat,0.9498780369758606
bear__pear,bear__pear,bear,pear,attn2_projection,14,value,head_mean,0.11230655759572983
bear__pear,bear__pear,bear,pear,attn2_projection,14,value,head_concat,0.10968891531229019
bear__pear,bear__pear,bear,pear,attn2_projection,17,key,head_mean,0.9222439527511597
bear__pear,bear__pear,bear,pear,attn2_projection,17,key,head_concat,0.96245938539505
bear__pear,bear__pear,bear,pear,attn2_projection,17,value,head_mean,0.17961283028125763
bear__pear,bear__pear,bear,pear,attn2_projection,17,value,head_concat,0.1729261577129364
bear__pear,bear__pear,bear,pear,attn2_projection,20,key,head_mean,0.9817293286323547
bear__pear,bear__pear,bear,pear,attn2_projection,20,key,head_concat,0.9917042851448059
bear__pear,bear__pear,bear,pear,attn2_projection,20,value,head_mean,0.15837392210960388
bear__pear,bear__pear,bear,pear,attn2_projection,20,value,head_concat,0.15411868691444397
bear__pear,bear__pear,bear,pear,attn2_projection,23,key,head_mean,0.9874749183654785
bear__pear,bear__pear,bear,pear,attn2_projection,23,key,head_concat,0.9961681365966797
bear__pear,bear__pear,bear,pear,attn2_projection,23,value,head_mean,0.23921148478984833
bear__pear,bear__pear,bear,pear,attn2_projection,23,value,head_concat,0.2133806198835373
bear__penguin,bear__penguin,bear,penguin,t5_hidden,,hidden,subword_mean,0.49843546748161316
bear__penguin,bear__penguin,bear,penguin,caption_projection,,projected,subword_mean,0.37569722533226013
bear__penguin,bear__penguin,bear,penguin,attn2_projection,8,key,head_mean,0.8582072257995605
bear__penguin,bear__penguin,bear,penguin,attn2_projection,8,key,head_concat,0.9136638641357422
bear__penguin,bear__penguin,bear,penguin,attn2_projection,8,value,head_mean,0.39563313126564026
bear__penguin,bear__penguin,bear,penguin,attn2_projection,8,value,head_concat,0.3987337350845337
bear__penguin,bear__penguin,bear,penguin,attn2_projection,11,key,head_mean,0.8497093915939331
bear__penguin,bear__penguin,bear,penguin,attn2_projection,11,key,head_concat,0.9242920279502869
bear__penguin,bear__penguin,bear,penguin,attn2_projection,11,value,head_mean,0.20917925238609314
bear__penguin,bear__penguin,bear,penguin,attn2_projection,11,value,head_concat,0.2067602425813675
bear__penguin,bear__penguin,bear,penguin,attn2_projection,14,key,head_mean,0.8877315521240234
bear__penguin,bear__penguin,bear,penguin,attn2_projection,14,key,head_concat,0.9582407474517822
bear__penguin,bear__penguin,bear,penguin,attn2_projection,14,value,head_mean,0.2271304726600647
bear__penguin,bear__penguin,bear,penguin,attn2_projection,14,value,head_concat,0.21185940504074097
bear__penguin,bear__penguin,bear,penguin,attn2_projection,17,key,head_mean,0.9356938600540161
bear__penguin,bear__penguin,bear,penguin,attn2_projection,17,key,head_concat,0.9680066704750061
bear__penguin,bear__penguin,bear,penguin,attn2_projection,17,value,head_mean,0.2042090892791748
bear__penguin,bear__penguin,bear,penguin,attn2_projection,17,value,head_concat,0.2008630335330963
bear__penguin,bear__penguin,bear,penguin,attn2_projection,20,key,head_mean,0.9839466214179993
bear__penguin,bear__penguin,bear,penguin,attn2_projection,20,key,head_concat,0.993337094783783
bear__penguin,bear__penguin,bear,penguin,attn2_projection,20,value,head_mean,0.3368854820728302
bear__penguin,bear__penguin,bear,penguin,attn2_projection,20,value,head_concat,0.34442338347435
bear__penguin,bear__penguin,bear,penguin,attn2_projection,23,key,head_mean,0.9888991117477417
bear__penguin,bear__penguin,bear,penguin,attn2_projection,23,key,head_concat,0.9965075850486755
bear__penguin,bear__penguin,bear,penguin,attn2_projection,23,value,head_mean,0.28985652327537537
bear__penguin,bear__penguin,bear,penguin,attn2_projection,23,value,head_concat,0.2596982419490814
bear__pepper,bear__pepper,bear,pepper,t5_hidden,,hidden,subword_mean,0.31723856925964355
bear__pepper,bear__pepper,bear,pepper,caption_projection,,projected,subword_mean,0.2724818289279938
bear__pepper,bear__pepper,bear,pepper,attn2_projection,8,key,head_mean,0.7953308820724487
bear__pepper,bear__pepper,bear,pepper,attn2_projection,8,key,head_concat,0.8674036860466003
bear__pepper,bear__pepper,bear,pepper,attn2_projection,8,value,head_mean,0.07377426326274872
bear__pepper,bear__pepper,bear,pepper,attn2_projection,8,value,head_concat,0.07051479816436768
bear__pepper,bear__pepper,bear,pepper,attn2_projection,11,key,head_mean,0.7675822377204895
bear__pepper,bear__pepper,bear,pepper,attn2_projection,11,key,head_concat,0.8763567805290222
bear__pepper,bear__pepper,bear,pepper,attn2_projection,11,value,head_mean,0.0458458736538887
bear__pepper,bear__pepper,bear,pepper,attn2_projection,11,value,head_concat,0.04591330513358116
bear__pepper,bear__pepper,bear,pepper,attn2_projection,14,key,head_mean,0.8494656085968018
bear__pepper,bear__pepper,bear,pepper,attn2_projection,14,key,head_concat,0.9369081258773804
bear__pepper,bear__pepper,bear,pepper,attn2_projection,14,value,head_mean,0.039174921810626984
bear__pepper,bear__pepper,bear,pepper,attn2_projection,14,value,head_concat,0.04122737795114517
bear__pepper,bear__pepper,bear,pepper,attn2_projection,17,key,head_mean,0.906163215637207
bear__pepper,bear__pepper,bear,pepper,attn2_projection,17,key,head_concat,0.953177809715271
bear__pepper,bear__pepper,bear,pepper,attn2_projection,17,value,head_mean,0.07031786441802979
bear__pepper,bear__pepper,bear,pepper,attn2_projection,17,value,head_concat,0.07401791960000992
bear__pepper,bear__pepper,bear,pepper,attn2_projection,20,key,head_mean,0.9749733209609985
bear__pepper,bear__pepper,bear,pepper,attn2_projection,20,key,head_concat,0.988774836063385
bear__pepper,bear__pepper,bear,pepper,attn2_projection,20,value,head_mean,0.08008536696434021
bear__pepper,bear__pepper,bear,pepper,attn2_projection,20,value,head_concat,0.07880603522062302
bear__pepper,bear__pepper,bear,pepper,attn2_projection,23,key,head_mean,0.982903242111206
bear__pepper,bear__pepper,bear,pepper,attn2_projection,23,key,head_concat,0.9946688413619995
bear__pepper,bear__pepper,bear,pepper,attn2_projection,23,value,head_mean,0.17507918179035187
bear__pepper,bear__pepper,bear,pepper,attn2_projection,23,value,head_concat,0.12620066106319427
bear__strawberry,bear__strawberry,bear,strawberry,t5_hidden,,hidden,subword_mean,0.3424900770187378
bear__strawberry,bear__strawberry,bear,strawberry,caption_projection,,projected,subword_mean,0.2583080530166626
bear__strawberry,bear__strawberry,bear,strawberry,attn2_projection,8,key,head_mean,0.7938745021820068
bear__strawberry,bear__strawberry,bear,strawberry,attn2_projection,8,key,head_concat,0.867374062538147
bear__strawberry,bear__strawberry,bear,strawberry,attn2_projection,8,value,head_mean,0.1337575912475586
bear__strawberry,bear__strawberry,bear,strawberry,attn2_projection,8,value,head_concat,0.12529529631137848
bear__strawberry,bear__strawberry,bear,strawberry,attn2_projection,11,key,head_mean,0.7641440629959106
bear__strawberry,bear__strawberry,bear,strawberry,attn2_projection,11,key,head_concat,0.8704224824905396
bear__strawberry,bear__strawberry,bear,strawberry,attn2_projection,11,value,head_mean,0.012943372130393982
bear__strawberry,bear__strawberry,bear,strawberry,attn2_projection,11,value,head_concat,0.012644834816455841
bear__strawberry,bear__strawberry,bear,strawberry,attn2_projection,14,key,head_mean,0.8228612542152405
bear__strawberry,bear__strawberry,bear,strawberry,attn2_projection,14,key,head_concat,0.9281544089317322
bear__strawberry,bear__strawberry,bear,strawberry,attn2_projection,14,value,head_mean,0.0300300233066082
bear__strawberry,bear__strawberry,bear,strawberry,attn2_projection,14,value,head_concat,0.036245618015527725
bear__strawberry,bear__strawberry,bear,strawberry,attn2_projection,17,key,head_mean,0.887558102607727
bear__strawberry,bear__strawberry,bear,strawberry,attn2_projection,17,key,head_concat,0.9433459639549255
bear__strawberry,bear__strawberry,bear,strawberry,attn2_projection,17,value,head_mean,-0.012957011349499226
bear__strawberry,bear__strawberry,bear,strawberry,attn2_projection,17,value,head_concat,-0.0062628258019685745
bear__strawberry,bear__strawberry,bear,strawberry,attn2_projection,20,key,head_mean,0.9708132147789001
bear__strawberry,bear__strawberry,bear,strawberry,attn2_projection,20,key,head_concat,0.986849308013916
bear__strawberry,bear__strawberry,bear,strawberry,attn2_projection,20,value,head_mean,0.07550720870494843
bear__strawberry,bear__strawberry,bear,strawberry,attn2_projection,20,value,head_concat,0.059854906052351
bear__strawberry,bear__strawberry,bear,strawberry,attn2_projection,23,key,head_mean,0.9810752272605896
bear__strawberry,bear__strawberry,bear,strawberry,attn2_projection,23,key,head_concat,0.994042158126831
bear__strawberry,bear__strawberry,bear,strawberry,attn2_projection,23,value,head_mean,0.1490328162908554
bear__strawberry,bear__strawberry,bear,strawberry,attn2_projection,23,value,head_concat,0.10720263421535492
cat__bear,cat__bear,cat,bear,t5_hidden,,hidden,subword_mean,0.3814195394515991
cat__bear,cat__bear,cat,bear,caption_projection,,projected,subword_mean,0.3996993899345398
cat__bear,cat__bear,cat,bear,attn2_projection,8,key,head_mean,0.828053891658783
cat__bear,cat__bear,cat,bear,attn2_projection,8,key,head_concat,0.8891549110412598
cat__bear,cat__bear,cat,bear,attn2_projection,8,value,head_mean,0.2738460898399353
cat__bear,cat__bear,cat,bear,attn2_projection,8,value,head_concat,0.27807357907295227
cat__bear,cat__bear,cat,bear,attn2_projection,11,key,head_mean,0.8360502123832703
cat__bear,cat__bear,cat,bear,attn2_projection,11,key,head_concat,0.9092488288879395
cat__bear,cat__bear,cat,bear,attn2_projection,11,value,head_mean,0.2659182846546173
cat__bear,cat__bear,cat,bear,attn2_projection,11,value,head_concat,0.2676604092121124
cat__bear,cat__bear,cat,bear,attn2_projection,14,key,head_mean,0.8548129796981812
cat__bear,cat__bear,cat,bear,attn2_projection,14,key,head_concat,0.943408191204071
cat__bear,cat__bear,cat,bear,attn2_projection,14,value,head_mean,0.11264995485544205
cat__bear,cat__bear,cat,bear,attn2_projection,14,value,head_concat,0.10184302926063538
cat__bear,cat__bear,cat,bear,attn2_projection,17,key,head_mean,0.8962196707725525
cat__bear,cat__bear,cat,bear,attn2_projection,17,key,head_concat,0.9466585516929626
cat__bear,cat__bear,cat,bear,attn2_projection,17,value,head_mean,0.07270243763923645
cat__bear,cat__bear,cat,bear,attn2_projection,17,value,head_concat,0.07247331738471985
cat__bear,cat__bear,cat,bear,attn2_projection,20,key,head_mean,0.9767506122589111
cat__bear,cat__bear,cat,bear,attn2_projection,20,key,head_concat,0.9898393750190735
cat__bear,cat__bear,cat,bear,attn2_projection,20,value,head_mean,0.21799123287200928
cat__bear,cat__bear,cat,bear,attn2_projection,20,value,head_concat,0.21126112341880798
cat__bear,cat__bear,cat,bear,attn2_projection,23,key,head_mean,0.9848488569259644
cat__bear,cat__bear,cat,bear,attn2_projection,23,key,head_concat,0.995222806930542
cat__bear,cat__bear,cat,bear,attn2_projection,23,value,head_mean,0.26038986444473267
cat__bear,cat__bear,cat,bear,attn2_projection,23,value,head_concat,0.23675011098384857
cat__dog,cat__dog,cat,dog,t5_hidden,,hidden,subword_mean,0.5934057831764221
cat__dog,cat__dog,cat,dog,caption_projection,,projected,subword_mean,0.5081755518913269
cat__dog,cat__dog,cat,dog,attn2_projection,8,key,head_mean,0.8751174211502075
cat__dog,cat__dog,cat,dog,attn2_projection,8,key,head_concat,0.9214591383934021
cat__dog,cat__dog,cat,dog,attn2_projection,8,value,head_mean,0.4679100811481476
cat__dog,cat__dog,cat,dog,attn2_projection,8,value,head_concat,0.4688343405723572
cat__dog,cat__dog,cat,dog,attn2_projection,11,key,head_mean,0.8739292025566101
cat__dog,cat__dog,cat,dog,attn2_projection,11,key,head_concat,0.9292941689491272
cat__dog,cat__dog,cat,dog,attn2_projection,11,value,head_mean,0.38518255949020386
cat__dog,cat__dog,cat,dog,attn2_projection,11,value,head_concat,0.37987712025642395
cat__dog,cat__dog,cat,dog,attn2_projection,14,key,head_mean,0.8867338299751282
cat__dog,cat__dog,cat,dog,attn2_projection,14,key,head_concat,0.9560697078704834
cat__dog,cat__dog,cat,dog,attn2_projection,14,value,head_mean,0.22932025790214539
cat__dog,cat__dog,cat,dog,attn2_projection,14,value,head_concat,0.22103150188922882
cat__dog,cat__dog,cat,dog,attn2_projection,17,key,head_mean,0.8982309103012085
cat__dog,cat__dog,cat,dog,attn2_projection,17,key,head_concat,0.9517550468444824
cat__dog,cat__dog,cat,dog,attn2_projection,17,value,head_mean,0.07956747710704803
cat__dog,cat__dog,cat,dog,attn2_projection,17,value,head_concat,0.08003240823745728
cat__dog,cat__dog,cat,dog,attn2_projection,20,key,head_mean,0.979863166809082
cat__dog,cat__dog,cat,dog,attn2_projection,20,key,head_concat,0.9911171793937683
cat__dog,cat__dog,cat,dog,attn2_projection,20,value,head_mean,0.31161224842071533
cat__dog,cat__dog,cat,dog,attn2_projection,20,value,head_concat,0.2962367832660675
cat__dog,cat__dog,cat,dog,attn2_projection,23,key,head_mean,0.9895325303077698
cat__dog,cat__dog,cat,dog,attn2_projection,23,key,head_concat,0.9965670108795166
cat__dog,cat__dog,cat,dog,attn2_projection,23,value,head_mean,0.41846299171447754
cat__dog,cat__dog,cat,dog,attn2_projection,23,value,head_concat,0.42674365639686584
cat__horse,cat__horse,cat,horse,t5_hidden,,hidden,subword_mean,0.41626662015914917
cat__horse,cat__horse,cat,horse,caption_projection,,projected,subword_mean,0.4105403423309326
cat__horse,cat__horse,cat,horse,attn2_projection,8,key,head_mean,0.8125393986701965
cat__horse,cat__horse,cat,horse,attn2_projection,8,key,head_concat,0.8680688738822937
cat__horse,cat__horse,cat,horse,attn2_projection,8,value,head_mean,0.14826034009456635
cat__horse,cat__horse,cat,horse,attn2_projection,8,value,head_concat,0.15341685712337494
cat__horse,cat__horse,cat,horse,attn2_projection,11,key,head_mean,0.7959010601043701
cat__horse,cat__horse,cat,horse,attn2_projection,11,key,head_concat,0.8898875117301941
cat__horse,cat__horse,cat,horse,attn2_projection,11,value,head_mean,0.12638919055461884
cat__horse,cat__horse,cat,horse,attn2_projection,11,value,head_concat,0.12478414177894592
cat__horse,cat__horse,cat,horse,attn2_projection,14,key,head_mean,0.8371204733848572
cat__horse,cat__horse,cat,horse,attn2_projection,14,key,head_concat,0.9373387098312378
cat__horse,cat__horse,cat,horse,attn2_projection,14,value,head_mean,0.04649016633629799
cat__horse,cat__horse,cat,horse,attn2_projection,14,value,head_concat,0.04745893552899361
cat__horse,cat__horse,cat,horse,attn2_projection,17,key,head_mean,0.8828331232070923
cat__horse,cat__horse,cat,horse,attn2_projection,17,key,head_concat,0.9435839056968689
cat__horse,cat__horse,cat,horse,attn2_projection,17,value,head_mean,0.04981236159801483
cat__horse,cat__horse,cat,horse,attn2_projection,17,value,head_concat,0.04776209592819214
cat__horse,cat__horse,cat,horse,attn2_projection,20,key,head_mean,0.9765454530715942
cat__horse,cat__horse,cat,horse,attn2_projection,20,key,head_concat,0.988888144493103
cat__horse,cat__horse,cat,horse,attn2_projection,20,value,head_mean,0.16282393038272858
cat__horse,cat__horse,cat,horse,attn2_projection,20,value,head_concat,0.14207065105438232
cat__horse,cat__horse,cat,horse,attn2_projection,23,key,head_mean,0.9854336380958557
cat__horse,cat__horse,cat,horse,attn2_projection,23,key,head_concat,0.9953001141548157
cat__horse,cat__horse,cat,horse,attn2_projection,23,value,head_mean,0.2732144296169281
cat__horse,cat__horse,cat,horse,attn2_projection,23,value,head_concat,0.2966468930244446
cat__panda,cat__panda,cat,panda,t5_hidden,,hidden,subword_mean,0.29816022515296936
cat__panda,cat__panda,cat,panda,caption_projection,,projected,subword_mean,0.46910360455513
cat__panda,cat__panda,cat,panda,attn2_projection,8,key,head_mean,0.8607103824615479
cat__panda,cat__panda,cat,panda,attn2_projection,8,key,head_concat,0.9121994972229004
cat__panda,cat__panda,cat,panda,attn2_projection,8,value,head_mean,0.3258146047592163
cat__panda,cat__panda,cat,panda,attn2_projection,8,value,head_concat,0.33281901478767395
cat__panda,cat__panda,cat,panda,attn2_projection,11,key,head_mean,0.8629716038703918
cat__panda,cat__panda,cat,panda,attn2_projection,11,key,head_concat,0.9313791394233704
cat__panda,cat__panda,cat,panda,attn2_projection,11,value,head_mean,0.2321750521659851
cat__panda,cat__panda,cat,panda,attn2_projection,11,value,head_concat,0.23817399144172668
cat__panda,cat__panda,cat,panda,attn2_projection,14,key,head_mean,0.8971707820892334
cat__panda,cat__panda,cat,panda,attn2_projection,14,key,head_concat,0.9632660746574402
cat__panda,cat__panda,cat,panda,attn2_projection,14,value,head_mean,0.15521293878555298
cat__panda,cat__panda,cat,panda,attn2_projection,14,value,head_concat,0.1431560516357422
cat__panda,cat__panda,cat,panda,attn2_projection,17,key,head_mean,0.9193581938743591
cat__panda,cat__panda,cat,panda,attn2_projection,17,key,head_concat,0.9602693915367126
cat__panda,cat__panda,cat,panda,attn2_projection,17,value,head_mean,0.07197802513837814
cat__panda,cat__panda,cat,panda,attn2_projection,17,value,head_concat,0.06948194652795792
cat__panda,cat__panda,cat,panda,attn2_projection,20,key,head_mean,0.9836153984069824
cat__panda,cat__panda,cat,panda,attn2_projection,20,key,head_concat,0.9926177859306335
cat__panda,cat__panda,cat,panda,attn2_projection,20,value,head_mean,0.257087767124176
cat__panda,cat__panda,cat,panda,attn2_projection,20,value,head_concat,0.24496617913246155
cat__panda,cat__panda,cat,panda,attn2_projection,23,key,head_mean,0.9891685247421265
cat__panda,cat__panda,cat,panda,attn2_projection,23,key,head_concat,0.996319591999054
cat__panda,cat__panda,cat,panda,attn2_projection,23,value,head_mean,0.3230975866317749
cat__panda,cat__panda,cat,panda,attn2_projection,23,value,head_concat,0.311635822057724
cat__pear,cat__pear,cat,pear,t5_hidden,,hidden,subword_mean,0.3457977771759033
cat__pear,cat__pear,cat,pear,caption_projection,,projected,subword_mean,0.4178493916988373
cat__pear,cat__pear,cat,pear,attn2_projection,8,key,head_mean,0.8373332023620605
cat__pear,cat__pear,cat,pear,attn2_projection,8,key,head_concat,0.892722487449646
cat__pear,cat__pear,cat,pear,attn2_projection,8,value,head_mean,0.1868208646774292
cat__pear,cat__pear,cat,pear,attn2_projection,8,value,head_concat,0.18493780493736267
cat__pear,cat__pear,cat,pear,attn2_projection,11,key,head_mean,0.8142957091331482
cat__pear,cat__pear,cat,pear,attn2_projection,11,key,head_concat,0.9067147970199585
cat__pear,cat__pear,cat,pear,attn2_projection,11,value,head_mean,0.1226864606142044
cat__pear,cat__pear,cat,pear,attn2_projection,11,value,head_concat,0.1161508709192276
cat__pear,cat__pear,cat,pear,attn2_projection,14,key,head_mean,0.8788442611694336
cat__pear,cat__pear,cat,pear,attn2_projection,14,key,head_concat,0.9560880661010742
cat__pear,cat__pear,cat,pear,attn2_projection,14,value,head_mean,0.09310328215360641
cat__pear,cat__pear,cat,pear,attn2_projection,14,value,head_concat,0.10110870003700256
cat__pear,cat__pear,cat,pear,attn2_projection,17,key,head_mean,0.9108983278274536
cat__pear,cat__pear,cat,pear,attn2_projection,17,key,head_concat,0.9593290090560913
cat__pear,cat__pear,cat,pear,attn2_projection,17,value,head_mean,0.10684714466333389
cat__pear,cat__pear,cat,pear,attn2_projection,17,value,head_concat,0.10528624802827835
cat__pear,cat__pear,cat,pear,attn2_projection,20,key,head_mean,0.9797961711883545
cat__pear,cat__pear,cat,pear,attn2_projection,20,key,head_concat,0.9906810522079468
cat__pear,cat__pear,cat,pear,attn2_projection,20,value,head_mean,0.14803242683410645
cat__pear,cat__pear,cat,pear,attn2_projection,20,value,head_concat,0.144903302192688
cat__pear,cat__pear,cat,pear,attn2_projection,23,key,head_mean,0.9860914349555969
cat__pear,cat__pear,cat,pear,attn2_projection,23,key,head_concat,0.9955307841300964
cat__pear,cat__pear,cat,pear,attn2_projection,23,value,head_mean,0.20622792840003967
cat__pear,cat__pear,cat,pear,attn2_projection,23,value,head_concat,0.17452634871006012
cat__pepper,cat__pepper,cat,pepper,t5_hidden,,hidden,subword_mean,0.31388968229293823
cat__pepper,cat__pepper,cat,pepper,caption_projection,,projected,subword_mean,0.3312687575817108
cat__pepper,cat__pepper,cat,pepper,attn2_projection,8,key,head_mean,0.8049704432487488
cat__pepper,cat__pepper,cat,pepper,attn2_projection,8,key,head_concat,0.8690910339355469
cat__pepper,cat__pepper,cat,pepper,attn2_projection,8,value,head_mean,0.1718793362379074
cat__pepper,cat__pepper,cat,pepper,attn2_projection,8,value,head_concat,0.16724669933319092
cat__pepper,cat__pepper,cat,pepper,attn2_projection,11,key,head_mean,0.7645898461341858
cat__pepper,cat__pepper,cat,pepper,attn2_projection,11,key,head_concat,0.8764873147010803
cat__pepper,cat__pepper,cat,pepper,attn2_projection,11,value,head_mean,0.12177052348852158
cat__pepper,cat__pepper,cat,pepper,attn2_projection,11,value,head_concat,0.11930464208126068
cat__pepper,cat__pepper,cat,pepper,attn2_projection,14,key,head_mean,0.849060595035553
cat__pepper,cat__pepper,cat,pepper,attn2_projection,14,key,head_concat,0.9425705671310425
cat__pepper,cat__pepper,cat,pepper,attn2_projection,14,value,head_mean,0.07897500693798065
cat__pepper,cat__pepper,cat,pepper,attn2_projection,14,value,head_concat,0.08181847631931305
cat__pepper,cat__pepper,cat,pepper,attn2_projection,17,key,head_mean,0.8996811509132385
cat__pepper,cat__pepper,cat,pepper,attn2_projection,17,key,head_concat,0.951470136642456
cat__pepper,cat__pepper,cat,pepper,attn2_projection,17,value,head_mean,0.053201355040073395
cat__pepper,cat__pepper,cat,pepper,attn2_projection,17,value,head_concat,0.05061904340982437
cat__pepper,cat__pepper,cat,pepper,attn2_projection,20,key,head_mean,0.9751526117324829
cat__pepper,cat__pepper,cat,pepper,attn2_projection,20,key,head_concat,0.988888680934906
cat__pepper,cat__pepper,cat,pepper,attn2_projection,20,value,head_mean,0.06215454638004303
cat__pepper,cat__pepper,cat,pepper,attn2_projection,20,value,head_concat,0.05845297500491142
cat__pepper,cat__pepper,cat,pepper,attn2_projection,23,key,head_mean,0.9828148484230042
cat__pepper,cat__pepper,cat,pepper,attn2_projection,23,key,head_concat,0.9942243695259094
cat__pepper,cat__pepper,cat,pepper,attn2_projection,23,value,head_mean,0.1200433224439621
cat__pepper,cat__pepper,cat,pepper,attn2_projection,23,value,head_concat,0.0749492347240448
cat__strawberry,cat__strawberry,cat,strawberry,t5_hidden,,hidden,subword_mean,0.32022181153297424
cat__strawberry,cat__strawberry,cat,strawberry,caption_projection,,projected,subword_mean,0.3139026463031769
cat__strawberry,cat__strawberry,cat,strawberry,attn2_projection,8,key,head_mean,0.787839949131012
cat__strawberry,cat__strawberry,cat,strawberry,attn2_projection,8,key,head_concat,0.8621652126312256
cat__strawberry,cat__strawberry,cat,strawberry,attn2_projection,8,value,head_mean,0.13882414996623993
cat__strawberry,cat__strawberry,cat,strawberry,attn2_projection,8,value,head_concat,0.13758911192417145
cat__strawberry,cat__strawberry,cat,strawberry,attn2_projection,11,key,head_mean,0.755634069442749
cat__strawberry,cat__strawberry,cat,strawberry,attn2_projection,11,key,head_concat,0.8672864437103271
cat__strawberry,cat__strawberry,cat,strawberry,attn2_projection,11,value,head_mean,0.050377264618873596
cat__strawberry,cat__strawberry,cat,strawberry,attn2_projection,11,value,head_concat,0.04487073794007301
cat__strawberry,cat__strawberry,cat,strawberry,attn2_projection,14,key,head_mean,0.8428322672843933
cat__strawberry,cat__strawberry,cat,strawberry,attn2_projection,14,key,head_concat,0.9363875985145569
cat__strawberry,cat__strawberry,cat,strawberry,attn2_projection,14,value,head_mean,0.038306158035993576
cat__strawberry,cat__strawberry,cat,strawberry,attn2_projection,14,value,head_concat,0.03481137752532959
cat__strawberry,cat__strawberry,cat,strawberry,attn2_projection,17,key,head_mean,0.8843372464179993
cat__strawberry,cat__strawberry,cat,strawberry,attn2_projection,17,key,head_concat,0.9425604343414307
cat__strawberry,cat__strawberry,cat,strawberry,attn2_projection,17,value,head_mean,-0.0015006177127361298
cat__strawberry,cat__strawberry,cat,strawberry,attn2_projection,17,value,head_concat,-0.004256721585988998
cat__strawberry,cat__strawberry,cat,strawberry,attn2_projection,20,key,head_mean,0.9700998663902283
cat__strawberry,cat__strawberry,cat,strawberry,attn2_projection,20,key,head_concat,0.9864100217819214
cat__strawberry,cat__strawberry,cat,strawberry,attn2_projection,20,value,head_mean,0.06754240393638611
cat__strawberry,cat__strawberry,cat,strawberry,attn2_projection,20,value,head_concat,0.05799436196684837
cat__strawberry,cat__strawberry,cat,strawberry,attn2_projection,23,key,head_mean,0.9819232821464539
cat__strawberry,cat__strawberry,cat,strawberry,attn2_projection,23,key,head_concat,0.9936037063598633
cat__strawberry,cat__strawberry,cat,strawberry,attn2_projection,23,value,head_mean,0.08382025361061096
cat__strawberry,cat__strawberry,cat,strawberry,attn2_projection,23,value,head_concat,0.06920446455478668
cat__turtle,cat__turtle,cat,turtle,t5_hidden,,hidden,subword_mean,0.38771337270736694
cat__turtle,cat__turtle,cat,turtle,caption_projection,,projected,subword_mean,0.3368455469608307
cat__turtle,cat__turtle,cat,turtle,attn2_projection,8,key,head_mean,0.7958702445030212
cat__turtle,cat__turtle,cat,turtle,attn2_projection,8,key,head_concat,0.8645414710044861
cat__turtle,cat__turtle,cat,turtle,attn2_projection,8,value,head_mean,0.16924355924129486
cat__turtle,cat__turtle,cat,turtle,attn2_projection,8,value,head_concat,0.16139353811740875
cat__turtle,cat__turtle,cat,turtle,attn2_projection,11,key,head_mean,0.755945086479187
cat__turtle,cat__turtle,cat,turtle,attn2_projection,11,key,head_concat,0.8767043352127075
cat__turtle,cat__turtle,cat,turtle,attn2_projection,11,value,head_mean,0.13306482136249542
cat__turtle,cat__turtle,cat,turtle,attn2_projection,11,value,head_concat,0.1297978311777115
cat__turtle,cat__turtle,cat,turtle,attn2_projection,14,key,head_mean,0.8425814509391785
cat__turtle,cat__turtle,cat,turtle,attn2_projection,14,key,head_concat,0.9397426247596741
cat__turtle,cat__turtle,cat,turtle,attn2_projection,14,value,head_mean,0.12898486852645874
cat__turtle,cat__turtle,cat,turtle,attn2_projection,14,value,head_concat,0.12175502628087997
cat__turtle,cat__turtle,cat,turtle,attn2_projection,17,key,head_mean,0.8884881734848022
cat__turtle,cat__turtle,cat,turtle,attn2_projection,17,key,head_concat,0.9440509080886841
cat__turtle,cat__turtle,cat,turtle,attn2_projection,17,value,head_mean,0.08688970655202866
cat__turtle,cat__turtle,cat,turtle,attn2_projection,17,value,head_concat,0.08509353548288345
cat__turtle,cat__turtle,cat,turtle,attn2_projection,20,key,head_mean,0.9757134318351746
cat__turtle,cat__turtle,cat,turtle,attn2_projection,20,key,head_concat,0.9880327582359314
cat__turtle,cat__turtle,cat,turtle,attn2_projection,20,value,head_mean,0.1138383224606514
cat__turtle,cat__turtle,cat,turtle,attn2_projection,20,value,head_concat,0.10740923136472702
cat__turtle,cat__turtle,cat,turtle,attn2_projection,23,key,head_mean,0.9821915030479431
cat__turtle,cat__turtle,cat,turtle,attn2_projection,23,key,head_concat,0.9940037727355957
cat__turtle,cat__turtle,cat,turtle,attn2_projection,23,value,head_mean,0.21678626537322998
cat__turtle,cat__turtle,cat,turtle,attn2_projection,23,value,head_concat,0.2236628383398056
cat__zebra,cat__zebra,cat,zebra,t5_hidden,,hidden,subword_mean,0.37295249104499817
cat__zebra,cat__zebra,cat,zebra,caption_projection,,projected,subword_mean,0.48665156960487366
cat__zebra,cat__zebra,cat,zebra,attn2_projection,8,key,head_mean,0.8745934963226318
cat__zebra,cat__zebra,cat,zebra,attn2_projection,8,key,head_concat,0.9178234338760376
cat__zebra,cat__zebra,cat,zebra,attn2_projection,8,value,head_mean,0.32766804099082947
cat__zebra,cat__zebra,cat,zebra,attn2_projection,8,value,head_concat,0.3299711346626282
cat__zebra,cat__zebra,cat,zebra,attn2_projection,11,key,head_mean,0.8711119890213013
cat__zebra,cat__zebra,cat,zebra,attn2_projection,11,key,head_concat,0.9362501502037048
cat__zebra,cat__zebra,cat,zebra,attn2_projection,11,value,head_mean,0.2666139304637909
cat__zebra,cat__zebra,cat,zebra,attn2_projection,11,value,head_concat,0.26447594165802
cat__zebra,cat__zebra,cat,zebra,attn2_projection,14,key,head_mean,0.8973998427391052
cat__zebra,cat__zebra,cat,zebra,attn2_projection,14,key,head_concat,0.9647625088691711
cat__zebra,cat__zebra,cat,zebra,attn2_projection,14,value,head_mean,0.1453590840101242
cat__zebra,cat__zebra,cat,zebra,attn2_projection,14,value,head_concat,0.14290064573287964
cat__zebra,cat__zebra,cat,zebra,attn2_projection,17,key,head_mean,0.9257216453552246
cat__zebra,cat__zebra,cat,zebra,attn2_projection,17,key,head_concat,0.96575927734375
cat__zebra,cat__zebra,cat,zebra,attn2_projection,17,value,head_mean,0.13514044880867004
cat__zebra,cat__zebra,cat,zebra,attn2_projection,17,value,head_concat,0.13771454989910126
cat__zebra,cat__zebra,cat,zebra,attn2_projection,20,key,head_mean,0.9847531318664551
cat__zebra,cat__zebra,cat,zebra,attn2_projection,20,key,head_concat,0.9929209351539612
cat__zebra,cat__zebra,cat,zebra,attn2_projection,20,value,head_mean,0.33089160919189453
cat__zebra,cat__zebra,cat,zebra,attn2_projection,20,value,head_concat,0.3261452615261078
cat__zebra,cat__zebra,cat,zebra,attn2_projection,23,key,head_mean,0.9896746873855591
cat__zebra,cat__zebra,cat,zebra,attn2_projection,23,key,head_concat,0.9966665506362915
cat__zebra,cat__zebra,cat,zebra,attn2_projection,23,value,head_mean,0.3998740017414093
cat__zebra,cat__zebra,cat,zebra,attn2_projection,23,value,head_concat,0.39238259196281433
dog__apple,dog__apple,dog,apple,t5_hidden,,hidden,subword_mean,0.3012910783290863
dog__apple,dog__apple,dog,apple,caption_projection,,projected,subword_mean,0.2971653342247009
dog__apple,dog__apple,dog,apple,attn2_projection,8,key,head_mean,0.7830408811569214
dog__apple,dog__apple,dog,apple,attn2_projection,8,key,head_concat,0.8576803207397461
dog__apple,dog__apple,dog,apple,attn2_projection,8,value,head_mean,0.08212187141180038
dog__apple,dog__apple,dog,apple,attn2_projection,8,value,head_concat,0.0793125256896019
dog__apple,dog__apple,dog,apple,attn2_projection,11,key,head_mean,0.7655171155929565
dog__apple,dog__apple,dog,apple,attn2_projection,11,key,head_concat,0.8665277361869812
dog__apple,dog__apple,dog,apple,attn2_projection,11,value,head_mean,0.05234706029295921
dog__apple,dog__apple,dog,apple,attn2_projection,11,value,head_concat,0.05409184470772743
dog__apple,dog__apple,dog,apple,attn2_projection,14,key,head_mean,0.8380352258682251
dog__apple,dog__apple,dog,apple,attn2_projection,14,key,head_concat,0.9369968175888062
dog__apple,dog__apple,dog,apple,attn2_projection,14,value,head_mean,0.014203641563653946
dog__apple,dog__apple,dog,apple,attn2_projection,14,value,head_concat,0.01697312481701374
dog__apple,dog__apple,dog,apple,attn2_projection,17,key,head_mean,0.8926173448562622
dog__apple,dog__apple,dog,apple,attn2_projection,17,key,head_concat,0.9463107585906982
dog__apple,dog__apple,dog,apple,attn2_projection,17,value,head_mean,-0.011428586207330227
dog__apple,dog__apple,dog,apple,attn2_projection,17,value,head_concat,-0.014868210069835186
dog__apple,dog__apple,dog,apple,attn2_projection,20,key,head_mean,0.9734702110290527
dog__apple,dog__apple,dog,apple,attn2_projection,20,key,head_concat,0.9881159067153931
dog__apple,dog__apple,dog,apple,attn2_projection,20,value,head_mean,0.06486266106367111
dog__apple,dog__apple,dog,apple,attn2_projection,20,value,head_concat,0.054941486567258835
dog__apple,dog__apple,dog,apple,attn2_projection,23,key,head_mean,0.9789265990257263
dog__apple,dog__apple,dog,apple,attn2_projection,23,key,head_concat,0.9929767847061157
dog__apple,dog__apple,dog,apple,attn2_projection,23,value,head_mean,0.10845524072647095
dog__apple,dog__apple,dog,apple,attn2_projection,23,value,head_concat,0.07774703204631805
dog__lemon,dog__lemon,dog,lemon,t5_hidden,,hidden,subword_mean,0.2510831952095032
dog__lemon,dog__lemon,dog,lemon,caption_projection,,projected,subword_mean,0.32754042744636536
dog__lemon,dog__lemon,dog,lemon,attn2_projection,8,key,head_mean,0.7830889821052551
dog__lemon,dog__lemon,dog,lemon,attn2_projection,8,key,head_concat,0.8598629832267761
dog__lemon,dog__lemon,dog,lemon,attn2_projection,8,value,head_mean,0.17930248379707336
dog__lemon,dog__lemon,dog,lemon,attn2_projection,8,value,head_concat,0.1680452823638916
dog__lemon,dog__lemon,dog,lemon,attn2_projection,11,key,head_mean,0.7678860425949097
dog__lemon,dog__lemon,dog,lemon,attn2_projection,11,key,head_concat,0.8729639649391174
dog__lemon,dog__lemon,dog,lemon,attn2_projection,11,value,head_mean,0.09329409897327423
dog__lemon,dog__lemon,dog,lemon,attn2_projection,11,value,head_concat,0.09148529917001724
dog__lemon,dog__lemon,dog,lemon,attn2_projection,14,key,head_mean,0.8439726233482361
dog__lemon,dog__lemon,dog,lemon,attn2_projection,14,key,head_concat,0.9371814727783203
dog__lemon,dog__lemon,dog,lemon,attn2_projection,14,value,head_mean,0.08887258917093277
dog__lemon,dog__lemon,dog,lemon,attn2_projection,14,value,head_concat,0.08341477811336517
dog__lemon,dog__lemon,dog,lemon,attn2_projection,17,key,head_mean,0.891999363899231
dog__lemon,dog__lemon,dog,lemon,attn2_projection,17,key,head_concat,0.9466646909713745
dog__lemon,dog__lemon,dog,lemon,attn2_projection,17,value,head_mean,0.03358035534620285
dog__lemon,dog__lemon,dog,lemon,attn2_projection,17,value,head_concat,0.0310690738260746
dog__lemon,dog__lemon,dog,lemon,attn2_projection,20,key,head_mean,0.9712467193603516
dog__lemon,dog__lemon,dog,lemon,attn2_projection,20,key,head_concat,0.9871705770492554
dog__lemon,dog__lemon,dog,lemon,attn2_projection,20,value,head_mean,0.09887275844812393
dog__lemon,dog__lemon,dog,lemon,attn2_projection,20,value,head_concat,0.09129100292921066
dog__lemon,dog__lemon,dog,lemon,attn2_projection,23,key,head_mean,0.9810226559638977
dog__lemon,dog__lemon,dog,lemon,attn2_projection,23,key,head_concat,0.9942643046379089
dog__lemon,dog__lemon,dog,lemon,attn2_projection,23,value,head_mean,0.11705734580755234
dog__lemon,dog__lemon,dog,lemon,attn2_projection,23,value,head_concat,0.07071921974420547
dog__pumpkin,dog__pumpkin,dog,pumpkin,t5_hidden,,hidden,subword_mean,0.23481884598731995
dog__pumpkin,dog__pumpkin,dog,pumpkin,caption_projection,,projected,subword_mean,0.3291754424571991
dog__pumpkin,dog__pumpkin,dog,pumpkin,attn2_projection,8,key,head_mean,0.8026231527328491
dog__pumpkin,dog__pumpkin,dog,pumpkin,attn2_projection,8,key,head_concat,0.867592990398407
dog__pumpkin,dog__pumpkin,dog,pumpkin,attn2_projection,8,value,head_mean,0.19744622707366943
dog__pumpkin,dog__pumpkin,dog,pumpkin,attn2_projection,8,value,head_concat,0.19831418991088867
dog__pumpkin,dog__pumpkin,dog,pumpkin,attn2_projection,11,key,head_mean,0.7679303288459778
dog__pumpkin,dog__pumpkin,dog,pumpkin,attn2_projection,11,key,head_concat,0.8696956038475037
dog__pumpkin,dog__pumpkin,dog,pumpkin,attn2_projection,11,value,head_mean,0.12947425246238708
dog__pumpkin,dog__pumpkin,dog,pumpkin,attn2_projection,11,value,head_concat,0.12151218950748444
dog__pumpkin,dog__pumpkin,dog,pumpkin,attn2_projection,14,key,head_mean,0.8440386652946472
dog__pumpkin,dog__pumpkin,dog,pumpkin,attn2_projection,14,key,head_concat,0.9368636608123779
dog__pumpkin,dog__pumpkin,dog,pumpkin,attn2_projection,14,value,head_mean,0.1031799390912056
dog__pumpkin,dog__pumpkin,dog,pumpkin,attn2_projection,14,value,head_concat,0.10511016100645065
dog__pumpkin,dog__pumpkin,dog,pumpkin,attn2_projection,17,key,head_mean,0.8913797736167908
dog__pumpkin,dog__pumpkin,dog,pumpkin,attn2_projection,17,key,head_concat,0.9449553489685059
dog__pumpkin,dog__pumpkin,dog,pumpkin,attn2_projection,17,value,head_mean,0.07610130310058594
dog__pumpkin,dog__pumpkin,dog,pumpkin,attn2_projection,17,value,head_concat,0.07607749849557877
dog__pumpkin,dog__pumpkin,dog,pumpkin,attn2_projection,20,key,head_mean,0.9756349921226501
dog__pumpkin,dog__pumpkin,dog,pumpkin,attn2_projection,20,key,head_concat,0.9877808094024658
dog__pumpkin,dog__pumpkin,dog,pumpkin,attn2_projection,20,value,head_mean,0.17169460654258728
dog__pumpkin,dog__pumpkin,dog,pumpkin,attn2_projection,20,value,head_concat,0.16655106842517853
dog__pumpkin,dog__pumpkin,dog,pumpkin,attn2_projection,23,key,head_mean,0.9794662594795227
dog__pumpkin,dog__pumpkin,dog,pumpkin,attn2_projection,23,key,head_concat,0.9941876530647278
dog__pumpkin,dog__pumpkin,dog,pumpkin,attn2_projection,23,value,head_mean,0.1405656933784485
dog__pumpkin,dog__pumpkin,dog,pumpkin,attn2_projection,23,value,head_concat,0.11275733262300491
dog__turtle,dog__turtle,dog,turtle,t5_hidden,,hidden,subword_mean,0.37996429204940796
dog__turtle,dog__turtle,dog,turtle,caption_projection,,projected,subword_mean,0.29929468035697937
dog__turtle,dog__turtle,dog,turtle,attn2_projection,8,key,head_mean,0.7932103872299194
dog__turtle,dog__turtle,dog,turtle,attn2_projection,8,key,head_concat,0.8705289959907532
dog__turtle,dog__turtle,dog,turtle,attn2_projection,8,value,head_mean,0.15332379937171936
dog__turtle,dog__turtle,dog,turtle,attn2_projection,8,value,head_concat,0.14945176243782043
dog__turtle,dog__turtle,dog,turtle,attn2_projection,11,key,head_mean,0.7498587369918823
dog__turtle,dog__turtle,dog,turtle,attn2_projection,11,key,head_concat,0.8705247044563293
dog__turtle,dog__turtle,dog,turtle,attn2_projection,11,value,head_mean,0.047728512436151505
dog__turtle,dog__turtle,dog,turtle,attn2_projection,11,value,head_concat,0.03872304782271385
dog__turtle,dog__turtle,dog,turtle,attn2_projection,14,key,head_mean,0.8330589532852173
dog__turtle,dog__turtle,dog,turtle,attn2_projection,14,key,head_concat,0.9330474734306335
dog__turtle,dog__turtle,dog,turtle,attn2_projection,14,value,head_mean,0.03508896380662918
dog__turtle,dog__turtle,dog,turtle,attn2_projection,14,value,head_concat,0.027117997407913208
dog__turtle,dog__turtle,dog,turtle,attn2_projection,17,key,head_mean,0.8736504316329956
dog__turtle,dog__turtle,dog,turtle,attn2_projection,17,key,head_concat,0.940159797668457
dog__turtle,dog__turtle,dog,turtle,attn2_projection,17,value,head_mean,-0.011283811181783676
dog__turtle,dog__turtle,dog,turtle,attn2_projection,17,value,head_concat,-0.010736454278230667
dog__turtle,dog__turtle,dog,turtle,attn2_projection,20,key,head_mean,0.9750921726226807
dog__turtle,dog__turtle,dog,turtle,attn2_projection,20,key,head_concat,0.9877023696899414
dog__turtle,dog__turtle,dog,turtle,attn2_projection,20,value,head_mean,0.07546290755271912
dog__turtle,dog__turtle,dog,turtle,attn2_projection,20,value,head_concat,0.07470262795686722
dog__turtle,dog__turtle,dog,turtle,attn2_projection,23,key,head_mean,0.9830658435821533
dog__turtle,dog__turtle,dog,turtle,attn2_projection,23,key,head_concat,0.9947272539138794
dog__turtle,dog__turtle,dog,turtle,attn2_projection,23,value,head_mean,0.18580977618694305
dog__turtle,dog__turtle,dog,turtle,attn2_projection,23,value,head_concat,0.17802385985851288
dog__zebra,dog__zebra,dog,zebra,t5_hidden,,hidden,subword_mean,0.3393401503562927
dog__zebra,dog__zebra,dog,zebra,caption_projection,,projected,subword_mean,0.44859570264816284
dog__zebra,dog__zebra,dog,zebra,attn2_projection,8,key,head_mean,0.8753299117088318
dog__zebra,dog__zebra,dog,zebra,attn2_projection,8,key,head_concat,0.923660159111023
dog__zebra,dog__zebra,dog,zebra,attn2_projection,8,value,head_mean,0.27476468682289124
dog__zebra,dog__zebra,dog,zebra,attn2_projection,8,value,head_concat,0.287866473197937
dog__zebra,dog__zebra,dog,zebra,attn2_projection,11,key,head_mean,0.863990843296051
dog__zebra,dog__zebra,dog,zebra,attn2_projection,11,key,head_concat,0.9289062023162842
dog__zebra,dog__zebra,dog,zebra,attn2_projection,11,value,head_mean,0.2377956360578537
dog__zebra,dog__zebra,dog,zebra,attn2_projection,11,value,head_concat,0.2247554212808609
dog__zebra,dog__zebra,dog,zebra,attn2_projection,14,key,head_mean,0.8957958221435547
dog__zebra,dog__zebra,dog,zebra,attn2_projection,14,key,head_concat,0.9615969061851501
dog__zebra,dog__zebra,dog,zebra,attn2_projection,14,value,head_mean,0.10500900447368622
dog__zebra,dog__zebra,dog,zebra,attn2_projection,14,value,head_concat,0.10171467065811157
dog__zebra,dog__zebra,dog,zebra,attn2_projection,17,key,head_mean,0.9159941077232361
dog__zebra,dog__zebra,dog,zebra,attn2_projection,17,key,head_concat,0.9640215039253235
dog__zebra,dog__zebra,dog,zebra,attn2_projection,17,value,head_mean,0.04910016804933548
dog__zebra,dog__zebra,dog,zebra,attn2_projection,17,value,head_concat,0.047737110406160355
dog__zebra,dog__zebra,dog,zebra,attn2_projection,20,key,head_mean,0.9845372438430786
dog__zebra,dog__zebra,dog,zebra,attn2_projection,20,key,head_concat,0.9928188323974609
dog__zebra,dog__zebra,dog,zebra,attn2_projection,20,value,head_mean,0.2459859848022461
dog__zebra,dog__zebra,dog,zebra,attn2_projection,20,value,head_concat,0.24058109521865845
dog__zebra,dog__zebra,dog,zebra,attn2_projection,23,key,head_mean,0.990435004234314
dog__zebra,dog__zebra,dog,zebra,attn2_projection,23,key,head_concat,0.9971040487289429
dog__zebra,dog__zebra,dog,zebra,attn2_projection,23,value,head_mean,0.35665076971054077
dog__zebra,dog__zebra,dog,zebra,attn2_projection,23,value,head_concat,0.34988513588905334
frog__apple,frog__apple,frog,apple,t5_hidden,,hidden,subword_mean,0.27743327617645264
frog__apple,frog__apple,frog,apple,caption_projection,,projected,subword_mean,0.3695363402366638
frog__apple,frog__apple,frog,apple,attn2_projection,8,key,head_mean,0.8457432985305786
frog__apple,frog__apple,frog,apple,attn2_projection,8,key,head_concat,0.9060284495353699
frog__apple,frog__apple,frog,apple,attn2_projection,8,value,head_mean,0.18656563758850098
frog__apple,frog__apple,frog,apple,attn2_projection,8,value,head_concat,0.18883222341537476
frog__apple,frog__apple,frog,apple,attn2_projection,11,key,head_mean,0.8323012590408325
frog__apple,frog__apple,frog,apple,attn2_projection,11,key,head_concat,0.9100097417831421
frog__apple,frog__apple,frog,apple,attn2_projection,11,value,head_mean,0.11624270677566528
frog__apple,frog__apple,frog,apple,attn2_projection,11,value,head_concat,0.1125580444931984
frog__apple,frog__apple,frog,apple,attn2_projection,14,key,head_mean,0.8798412680625916
frog__apple,frog__apple,frog,apple,attn2_projection,14,key,head_concat,0.9585391283035278
frog__apple,frog__apple,frog,apple,attn2_projection,14,value,head_mean,0.04987878352403641
frog__apple,frog__apple,frog,apple,attn2_projection,14,value,head_concat,0.04550332576036453
frog__apple,frog__apple,frog,apple,attn2_projection,17,key,head_mean,0.940678596496582
frog__apple,frog__apple,frog,apple,attn2_projection,17,key,head_concat,0.9694340825080872
frog__apple,frog__apple,frog,apple,attn2_projection,17,value,head_mean,0.07333284616470337
frog__apple,frog__apple,frog,apple,attn2_projection,17,value,head_concat,0.07823104411363602
frog__apple,frog__apple,frog,apple,attn2_projection,20,key,head_mean,0.9861132502555847
frog__apple,frog__apple,frog,apple,attn2_projection,20,key,head_concat,0.9935640096664429
frog__apple,frog__apple,frog,apple,attn2_projection,20,value,head_mean,0.18431153893470764
frog__apple,frog__apple,frog,apple,attn2_projection,20,value,head_concat,0.1760808378458023
frog__apple,frog__apple,frog,apple,attn2_projection,23,key,head_mean,0.9853395223617554
frog__apple,frog__apple,frog,apple,attn2_projection,23,key,head_concat,0.994981050491333
frog__apple,frog__apple,frog,apple,attn2_projection,23,value,head_mean,0.22472067177295685
frog__apple,frog__apple,frog,apple,attn2_projection,23,value,head_concat,0.21156620979309082
frog__lemon,frog__lemon,frog,lemon,t5_hidden,,hidden,subword_mean,0.2700884938240051
frog__lemon,frog__lemon,frog,lemon,caption_projection,,projected,subword_mean,0.357566773891449
frog__lemon,frog__lemon,frog,lemon,attn2_projection,8,key,head_mean,0.8494508266448975
frog__lemon,frog__lemon,frog,lemon,attn2_projection,8,key,head_concat,0.9063733220100403
frog__lemon,frog__lemon,frog,lemon,attn2_projection,8,value,head_mean,0.18583111464977264
frog__lemon,frog__lemon,frog,lemon,attn2_projection,8,value,head_concat,0.184907928109169
frog__lemon,frog__lemon,frog,lemon,attn2_projection,11,key,head_mean,0.8173432946205139
frog__lemon,frog__lemon,frog,lemon,attn2_projection,11,key,head_concat,0.9087882041931152
frog__lemon,frog__lemon,frog,lemon,attn2_projection,11,value,head_mean,0.10870915651321411
frog__lemon,frog__lemon,frog,lemon,attn2_projection,11,value,head_concat,0.10399841517210007
frog__lemon,frog__lemon,frog,lemon,attn2_projection,14,key,head_mean,0.8926499485969543
frog__lemon,frog__lemon,frog,lemon,attn2_projection,14,key,head_concat,0.9582266211509705
frog__lemon,frog__lemon,frog,lemon,attn2_projection,14,value,head_mean,0.04318434000015259
frog__lemon,frog__lemon,frog,lemon,attn2_projection,14,value,head_concat,0.035978566855192184
frog__lemon,frog__lemon,frog,lemon,attn2_projection,17,key,head_mean,0.9315392971038818
frog__lemon,frog__lemon,frog,lemon,attn2_projection,17,key,head_concat,0.9662155508995056
frog__lemon,frog__lemon,frog,lemon,attn2_projection,17,value,head_mean,0.02789800427854061
frog__lemon,frog__lemon,frog,lemon,attn2_projection,17,value,head_concat,0.02479337342083454
frog__lemon,frog__lemon,frog,lemon,attn2_projection,20,key,head_mean,0.9820529818534851
frog__lemon,frog__lemon,frog,lemon,attn2_projection,20,key,head_concat,0.9922786355018616
frog__lemon,frog__lemon,frog,lemon,attn2_projection,20,value,head_mean,0.16384142637252808
frog__lemon,frog__lemon,frog,lemon,attn2_projection,20,value,head_concat,0.1686820238828659
frog__lemon,frog__lemon,frog,lemon,attn2_projection,23,key,head_mean,0.9852214455604553
frog__lemon,frog__lemon,frog,lemon,attn2_projection,23,key,head_concat,0.995542049407959
frog__lemon,frog__lemon,frog,lemon,attn2_projection,23,value,head_mean,0.19469285011291504
frog__lemon,frog__lemon,frog,lemon,attn2_projection,23,value,head_concat,0.17474620044231415
frog__peach,frog__peach,frog,peach,t5_hidden,,hidden,subword_mean,0.40949803590774536
frog__peach,frog__peach,frog,peach,caption_projection,,projected,subword_mean,0.4631834626197815
frog__peach,frog__peach,frog,peach,attn2_projection,8,key,head_mean,0.8922269940376282
frog__peach,frog__peach,frog,peach,attn2_projection,8,key,head_concat,0.9392908215522766
frog__peach,frog__peach,frog,peach,attn2_projection,8,value,head_mean,0.2153492122888565
frog__peach,frog__peach,frog,peach,attn2_projection,8,value,head_concat,0.21566566824913025
frog__peach,frog__peach,frog,peach,attn2_projection,11,key,head_mean,0.8770555853843689
frog__peach,frog__peach,frog,peach,attn2_projection,11,key,head_concat,0.9393296837806702
frog__peach,frog__peach,frog,peach,attn2_projection,11,value,head_mean,0.1603689044713974
frog__peach,frog__peach,frog,peach,attn2_projection,11,value,head_concat,0.15561816096305847
frog__peach,frog__peach,frog,peach,attn2_projection,14,key,head_mean,0.9182722568511963
frog__peach,frog__peach,frog,peach,attn2_projection,14,key,head_concat,0.9708693623542786
frog__peach,frog__peach,frog,peach,attn2_projection,14,value,head_mean,0.13027574121952057
frog__peach,frog__peach,frog,peach,attn2_projection,14,value,head_concat,0.13012464344501495
frog__peach,frog__peach,frog,peach,attn2_projection,17,key,head_mean,0.9539268612861633
frog__peach,frog__peach,frog,peach,attn2_projection,17,key,head_concat,0.9784064292907715
frog__peach,frog__peach,frog,peach,attn2_projection,17,value,head_mean,0.10406085848808289
frog__peach,frog__peach,frog,peach,attn2_projection,17,value,head_concat,0.10329491645097733
frog__peach,frog__peach,frog,peach,attn2_projection,20,key,head_mean,0.9897717833518982
frog__peach,frog__peach,frog,peach,attn2_projection,20,key,head_concat,0.9951373338699341
frog__peach,frog__peach,frog,peach,attn2_projection,20,value,head_mean,0.24329522252082825
frog__peach,frog__peach,frog,peach,attn2_projection,20,value,head_concat,0.2447223961353302
frog__peach,frog__peach,frog,peach,attn2_projection,23,key,head_mean,0.9897310137748718
frog__peach,frog__peach,frog,peach,attn2_projection,23,key,head_concat,0.9970694184303284
frog__peach,frog__peach,frog,peach,attn2_projection,23,value,head_mean,0.29811519384384155
frog__peach,frog__peach,frog,peach,attn2_projection,23,value,head_concat,0.2861650288105011
frog__pepper,frog__pepper,frog,pepper,t5_hidden,,hidden,subword_mean,0.3315148949623108
frog__pepper,frog__pepper,frog,pepper,caption_projection,,projected,subword_mean,0.41218623518943787
frog__pepper,frog__pepper,frog,pepper,attn2_projection,8,key,head_mean,0.8725253343582153
frog__pepper,frog__pepper,frog,pepper,attn2_projection,8,key,head_concat,0.9261103272438049
frog__pepper,frog__pepper,frog,pepper,attn2_projection,8,value,head_mean,0.2261899709701538
frog__pepper,frog__pepper,frog,pepper,attn2_projection,8,value,head_concat,0.2249927520751953
frog__pepper,frog__pepper,frog,pepper,attn2_projection,11,key,head_mean,0.8512979745864868
frog__pepper,frog__pepper,frog,pepper,attn2_projection,11,key,head_concat,0.926563560962677
frog__pepper,frog__pepper,frog,pepper,attn2_projection,11,value,head_mean,0.23586386442184448
frog__pepper,frog__pepper,frog,pepper,attn2_projection,11,value,head_concat,0.23264794051647186
frog__pepper,frog__pepper,frog,pepper,attn2_projection,14,key,head_mean,0.9092731475830078
frog__pepper,frog__pepper,frog,pepper,attn2_projection,14,key,head_concat,0.9653659462928772
frog__pepper,frog__pepper,frog,pepper,attn2_projection,14,value,head_mean,0.21033650636672974
frog__pepper,frog__pepper,frog,pepper,attn2_projection,14,value,head_concat,0.2077125608921051
frog__pepper,frog__pepper,frog,pepper,attn2_projection,17,key,head_mean,0.9517393112182617
frog__pepper,frog__pepper,frog,pepper,attn2_projection,17,key,head_concat,0.9771358966827393
frog__pepper,frog__pepper,frog,pepper,attn2_projection,17,value,head_mean,0.20305512845516205
frog__pepper,frog__pepper,frog,pepper,attn2_projection,17,value,head_concat,0.19849200546741486
frog__pepper,frog__pepper,frog,pepper,attn2_projection,20,key,head_mean,0.9875138998031616
frog__pepper,frog__pepper,frog,pepper,attn2_projection,20,key,head_concat,0.9940975904464722
frog__pepper,frog__pepper,frog,pepper,attn2_projection,20,value,head_mean,0.29061752557754517
frog__pepper,frog__pepper,frog,pepper,attn2_projection,20,value,head_concat,0.28032752871513367
frog__pepper,frog__pepper,frog,pepper,attn2_projection,23,key,head_mean,0.9881331920623779
frog__pepper,frog__pepper,frog,pepper,attn2_projection,23,key,head_concat,0.9962680339813232
frog__pepper,frog__pepper,frog,pepper,attn2_projection,23,value,head_mean,0.3167334496974945
frog__pepper,frog__pepper,frog,pepper,attn2_projection,23,value,head_concat,0.29543566703796387
frog__tomato,frog__tomato,frog,tomato,t5_hidden,,hidden,subword_mean,0.3164839744567871
frog__tomato,frog__tomato,frog,tomato,caption_projection,,projected,subword_mean,0.40959432721138
frog__tomato,frog__tomato,frog,tomato,attn2_projection,8,key,head_mean,0.868864119052887
frog__tomato,frog__tomato,frog,tomato,attn2_projection,8,key,head_concat,0.9204398989677429
frog__tomato,frog__tomato,frog,tomato,attn2_projection,8,value,head_mean,0.24795041978359222
frog__tomato,frog__tomato,frog,tomato,attn2_projection,8,value,head_concat,0.25178784132003784
frog__tomato,frog__tomato,frog,tomato,attn2_projection,11,key,head_mean,0.8391691446304321
frog__tomato,frog__tomato,frog,tomato,attn2_projection,11,key,head_concat,0.9105542898178101
frog__tomato,frog__tomato,frog,tomato,attn2_projection,11,value,head_mean,0.1986035406589508
frog__tomato,frog__tomato,frog,tomato,attn2_projection,11,value,head_concat,0.18775667250156403
frog__tomato,frog__tomato,frog,tomato,attn2_projection,14,key,head_mean,0.8918018937110901
frog__tomato,frog__tomato,frog,tomato,attn2_projection,14,key,head_concat,0.956264078617096
frog__tomato,frog__tomato,frog,tomato,attn2_projection,14,value,head_mean,0.13813279569149017
frog__tomato,frog__tomato,frog,tomato,attn2_projection,14,value,head_concat,0.13571655750274658
frog__tomato,frog__tomato,frog,tomato,attn2_projection,17,key,head_mean,0.9409840106964111
frog__tomato,frog__tomato,frog,tomato,attn2_projection,17,key,head_concat,0.9690124988555908
frog__tomato,frog__tomato,frog,tomato,attn2_projection,17,value,head_mean,0.12077755481004715
frog__tomato,frog__tomato,frog,tomato,attn2_projection,17,value,head_concat,0.11350918561220169
frog__tomato,frog__tomato,frog,tomato,attn2_projection,20,key,head_mean,0.9823967218399048
frog__tomato,frog__tomato,frog,tomato,attn2_projection,20,key,head_concat,0.9916841983795166
frog__tomato,frog__tomato,frog,tomato,attn2_projection,20,value,head_mean,0.26975029706954956
frog__tomato,frog__tomato,frog,tomato,attn2_projection,20,value,head_concat,0.2626244127750397
frog__tomato,frog__tomato,frog,tomato,attn2_projection,23,key,head_mean,0.9849961996078491
frog__tomato,frog__tomato,frog,tomato,attn2_projection,23,key,head_concat,0.9951215386390686
frog__tomato,frog__tomato,frog,tomato,attn2_projection,23,value,head_mean,0.2609114646911621
frog__tomato,frog__tomato,frog,tomato,attn2_projection,23,value,head_concat,0.25572603940963745
frog__turtle,frog__turtle,frog,turtle,t5_hidden,,hidden,subword_mean,0.4606800675392151
frog__turtle,frog__turtle,frog,turtle,caption_projection,,projected,subword_mean,0.4526022970676422
frog__turtle,frog__turtle,frog,turtle,attn2_projection,8,key,head_mean,0.8779562711715698
frog__turtle,frog__turtle,frog,turtle,attn2_projection,8,key,head_concat,0.9289668798446655
frog__turtle,frog__turtle,frog,turtle,attn2_projection,8,value,head_mean,0.38183122873306274
frog__turtle,frog__turtle,frog,turtle,attn2_projection,8,value,head_concat,0.37695786356925964
frog__turtle,frog__turtle,frog,turtle,attn2_projection,11,key,head_mean,0.8524476289749146
frog__turtle,frog__turtle,frog,turtle,attn2_projection,11,key,head_concat,0.9296581745147705
frog__turtle,frog__turtle,frog,turtle,attn2_projection,11,value,head_mean,0.37789323925971985
frog__turtle,frog__turtle,frog,turtle,attn2_projection,11,value,head_concat,0.3650790750980377
frog__turtle,frog__turtle,frog,turtle,attn2_projection,14,key,head_mean,0.9076462984085083
frog__turtle,frog__turtle,frog,turtle,attn2_projection,14,key,head_concat,0.9646838307380676
frog__turtle,frog__turtle,frog,turtle,attn2_projection,14,value,head_mean,0.29549452662467957
frog__turtle,frog__turtle,frog,turtle,attn2_projection,14,value,head_concat,0.2953953146934509
frog__turtle,frog__turtle,frog,turtle,attn2_projection,17,key,head_mean,0.9406391382217407
frog__turtle,frog__turtle,frog,turtle,attn2_projection,17,key,head_concat,0.9715600609779358
frog__turtle,frog__turtle,frog,turtle,attn2_projection,17,value,head_mean,0.2729116380214691
frog__turtle,frog__turtle,frog,turtle,attn2_projection,17,value,head_concat,0.26874980330467224
frog__turtle,frog__turtle,frog,turtle,attn2_projection,20,key,head_mean,0.9871273040771484
frog__turtle,frog__turtle,frog,turtle,attn2_projection,20,key,head_concat,0.9935880303382874
frog__turtle,frog__turtle,frog,turtle,attn2_projection,20,value,head_mean,0.31529444456100464
frog__turtle,frog__turtle,frog,turtle,attn2_projection,20,value,head_concat,0.31321480870246887
frog__turtle,frog__turtle,frog,turtle,attn2_projection,23,key,head_mean,0.9884307384490967
frog__turtle,frog__turtle,frog,turtle,attn2_projection,23,key,head_concat,0.9964296817779541
frog__turtle,frog__turtle,frog,turtle,attn2_projection,23,value,head_mean,0.38557764887809753
frog__turtle,frog__turtle,frog,turtle,attn2_projection,23,value,head_concat,0.3830878734588623
horse__apple,horse__apple,horse,apple,t5_hidden,,hidden,subword_mean,0.2734152674674988
horse__apple,horse__apple,horse,apple,caption_projection,,projected,subword_mean,0.29821187257766724
horse__apple,horse__apple,horse,apple,attn2_projection,8,key,head_mean,0.7954504489898682
horse__apple,horse__apple,horse,apple,attn2_projection,8,key,head_concat,0.865104615688324
horse__apple,horse__apple,horse,apple,attn2_projection,8,value,head_mean,0.09816548973321915
horse__apple,horse__apple,horse,apple,attn2_projection,8,value,head_concat,0.09699471294879913
horse__apple,horse__apple,horse,apple,attn2_projection,11,key,head_mean,0.7643336653709412
horse__apple,horse__apple,horse,apple,attn2_projection,11,key,head_concat,0.8690531253814697
horse__apple,horse__apple,horse,apple,attn2_projection,11,value,head_mean,0.058106694370508194
horse__apple,horse__apple,horse,apple,attn2_projection,11,value,head_concat,0.06841951608657837
horse__apple,horse__apple,horse,apple,attn2_projection,14,key,head_mean,0.8193938732147217
horse__apple,horse__apple,horse,apple,attn2_projection,14,key,head_concat,0.9333745241165161
horse__apple,horse__apple,horse,apple,attn2_projection,14,value,head_mean,-0.008786715567111969
horse__apple,horse__apple,horse,apple,attn2_projection,14,value,head_concat,-0.007433288265019655
horse__apple,horse__apple,horse,apple,attn2_projection,17,key,head_mean,0.8905363082885742
horse__apple,horse__apple,horse,apple,attn2_projection,17,key,head_concat,0.9453048706054688
horse__apple,horse__apple,horse,apple,attn2_projection,17,value,head_mean,0.10322843492031097
horse__apple,horse__apple,horse,apple,attn2_projection,17,value,head_concat,0.09772616624832153
horse__apple,horse__apple,horse,apple,attn2_projection,20,key,head_mean,0.9775654077529907
horse__apple,horse__apple,horse,apple,attn2_projection,20,key,head_concat,0.9892067313194275
horse__apple,horse__apple,horse,apple,attn2_projection,20,value,head_mean,0.11102766543626785
horse__apple,horse__apple,horse,apple,attn2_projection,20,value,head_concat,0.1117621660232544
horse__apple,horse__apple,horse,apple,attn2_projection,23,key,head_mean,0.9828161001205444
horse__apple,horse__apple,horse,apple,attn2_projection,23,key,head_concat,0.9939062595367432
horse__apple,horse__apple,horse,apple,attn2_projection,23,value,head_mean,0.22474528849124908
horse__apple,horse__apple,horse,apple,attn2_projection,23,value,head_concat,0.21646080911159515
horse__frog,horse__frog,horse,frog,t5_hidden,,hidden,subword_mean,0.3598017692565918
horse__frog,horse__frog,horse,frog,caption_projection,,projected,subword_mean,0.4301697015762329
horse__frog,horse__frog,horse,frog,attn2_projection,8,key,head_mean,0.8548927307128906
horse__frog,horse__frog,horse,frog,attn2_projection,8,key,head_concat,0.9044545888900757
horse__frog,horse__frog,horse,frog,attn2_projection,8,value,head_mean,0.1689530611038208
horse__frog,horse__frog,horse,frog,attn2_projection,8,value,head_concat,0.17346088588237762
horse__frog,horse__frog,horse,frog,attn2_projection,11,key,head_mean,0.8437211513519287
horse__frog,horse__frog,horse,frog,attn2_projection,11,key,head_concat,0.9203372597694397
horse__frog,horse__frog,horse,frog,attn2_projection,11,value,head_mean,0.11178494244813919
horse__frog,horse__frog,horse,frog,attn2_projection,11,value,head_concat,0.11730124801397324
horse__frog,horse__frog,horse,frog,attn2_projection,14,key,head_mean,0.8787416815757751
horse__frog,horse__frog,horse,frog,attn2_projection,14,key,head_concat,0.9555975198745728
horse__frog,horse__frog,horse,frog,attn2_projection,14,value,head_mean,0.013865400105714798
horse__frog,horse__frog,horse,frog,attn2_projection,14,value,head_concat,0.011086802929639816
horse__frog,horse__frog,horse,frog,attn2_projection,17,key,head_mean,0.9196228981018066
horse__frog,horse__frog,horse,frog,attn2_projection,17,key,head_concat,0.9610894918441772
horse__frog,horse__frog,horse,frog,attn2_projection,17,value,head_mean,0.05872668698430061
horse__frog,horse__frog,horse,frog,attn2_projection,17,value,head_concat,0.05428003519773483
horse__frog,horse__frog,horse,frog,attn2_projection,20,key,head_mean,0.9853567481040955
horse__frog,horse__frog,horse,frog,attn2_projection,20,key,head_concat,0.9929755926132202
horse__frog,horse__frog,horse,frog,attn2_projection,20,value,head_mean,0.13296951353549957
horse__frog,horse__frog,horse,frog,attn2_projection,20,value,head_concat,0.13965235650539398
horse__frog,horse__frog,horse,frog,attn2_projection,23,key,head_mean,0.9895078539848328
horse__frog,horse__frog,horse,frog,attn2_projection,23,key,head_concat,0.9970062971115112
horse__frog,horse__frog,horse,frog,attn2_projection,23,value,head_mean,0.2104833573102951
horse__frog,horse__frog,horse,frog,attn2_projection,23,value,head_concat,0.2262790948152542
horse__panda,horse__panda,horse,panda,t5_hidden,,hidden,subword_mean,0.24523626267910004
horse__panda,horse__panda,horse,panda,caption_projection,,projected,subword_mean,0.399346262216568
horse__panda,horse__panda,horse,panda,attn2_projection,8,key,head_mean,0.8546593189239502
horse__panda,horse__panda,horse,panda,attn2_projection,8,key,head_concat,0.904366672039032
horse__panda,horse__panda,horse,panda,attn2_projection,8,value,head_mean,0.24790683388710022
horse__panda,horse__panda,horse,panda,attn2_projection,8,value,head_concat,0.25040075182914734
horse__panda,horse__panda,horse,panda,attn2_projection,11,key,head_mean,0.83116614818573
horse__panda,horse__panda,horse,panda,attn2_projection,11,key,head_concat,0.9108114838600159
horse__panda,horse__panda,horse,panda,attn2_projection,11,value,head_mean,0.10350850224494934
horse__panda,horse__panda,horse,panda,attn2_projection,11,value,head_concat,0.10462409257888794
horse__panda,horse__panda,horse,panda,attn2_projection,14,key,head_mean,0.8782331347465515
horse__panda,horse__panda,horse,panda,attn2_projection,14,key,head_concat,0.9531249403953552
horse__panda,horse__panda,horse,panda,attn2_projection,14,value,head_mean,0.004090303089469671
horse__panda,horse__panda,horse,panda,attn2_projection,14,value,head_concat,0.002176848705857992
horse__panda,horse__panda,horse,panda,attn2_projection,17,key,head_mean,0.9066603183746338
horse__panda,horse__panda,horse,panda,attn2_projection,17,key,head_concat,0.9537644982337952
horse__panda,horse__panda,horse,panda,attn2_projection,17,value,head_mean,0.027652226388454437
horse__panda,horse__panda,horse,panda,attn2_projection,17,value,head_concat,0.020670928061008453
horse__panda,horse__panda,horse,panda,attn2_projection,20,key,head_mean,0.9841799736022949
horse__panda,horse__panda,horse,panda,attn2_projection,20,key,head_concat,0.9924603700637817
horse__panda,horse__panda,horse,panda,attn2_projection,20,value,head_mean,0.21586845815181732
horse__panda,horse__panda,horse,panda,attn2_projection,20,value,head_concat,0.2197647988796234
horse__panda,horse__panda,horse,panda,attn2_projection,23,key,head_mean,0.9899547696113586
horse__panda,horse__panda,horse,panda,attn2_projection,23,key,head_concat,0.9967987537384033
horse__panda,horse__panda,horse,panda,attn2_projection,23,value,head_mean,0.2987828254699707
horse__panda,horse__panda,horse,panda,attn2_projection,23,value,head_concat,0.307699590921402
horse__pumpkin,horse__pumpkin,horse,pumpkin,t5_hidden,,hidden,subword_mean,0.22216586768627167
horse__pumpkin,horse__pumpkin,horse,pumpkin,caption_projection,,projected,subword_mean,0.28176602721214294
horse__pumpkin,horse__pumpkin,horse,pumpkin,attn2_projection,8,key,head_mean,0.7840631008148193
horse__pumpkin,horse__pumpkin,horse,pumpkin,attn2_projection,8,key,head_concat,0.8534157872200012
horse__pumpkin,horse__pumpkin,horse,pumpkin,attn2_projection,8,value,head_mean,0.08266103267669678
horse__pumpkin,horse__pumpkin,horse,pumpkin,attn2_projection,8,value,head_concat,0.08126277476549149
horse__pumpkin,horse__pumpkin,horse,pumpkin,attn2_projection,11,key,head_mean,0.7455304861068726
horse__pumpkin,horse__pumpkin,horse,pumpkin,attn2_projection,11,key,head_concat,0.8606317639350891
horse__pumpkin,horse__pumpkin,horse,pumpkin,attn2_projection,11,value,head_mean,0.014381141401827335
horse__pumpkin,horse__pumpkin,horse,pumpkin,attn2_projection,11,value,head_concat,0.02202298864722252
horse__pumpkin,horse__pumpkin,horse,pumpkin,attn2_projection,14,key,head_mean,0.8168910145759583
horse__pumpkin,horse__pumpkin,horse,pumpkin,attn2_projection,14,key,head_concat,0.928458571434021
horse__pumpkin,horse__pumpkin,horse,pumpkin,attn2_projection,14,value,head_mean,-0.0014598374255001545
horse__pumpkin,horse__pumpkin,horse,pumpkin,attn2_projection,14,value,head_concat,-0.0013414332643151283
horse__pumpkin,horse__pumpkin,horse,pumpkin,attn2_projection,17,key,head_mean,0.8792371153831482
horse__pumpkin,horse__pumpkin,horse,pumpkin,attn2_projection,17,key,head_concat,0.9380338788032532
horse__pumpkin,horse__pumpkin,horse,pumpkin,attn2_projection,17,value,head_mean,0.008239598013460636
horse__pumpkin,horse__pumpkin,horse,pumpkin,attn2_projection,17,value,head_concat,0.007835025899112225
horse__pumpkin,horse__pumpkin,horse,pumpkin,attn2_projection,20,key,head_mean,0.9752905368804932
horse__pumpkin,horse__pumpkin,horse,pumpkin,attn2_projection,20,key,head_concat,0.9876320958137512
horse__pumpkin,horse__pumpkin,horse,pumpkin,attn2_projection,20,value,head_mean,0.0974772647023201
horse__pumpkin,horse__pumpkin,horse,pumpkin,attn2_projection,20,value,head_concat,0.09155148267745972
horse__pumpkin,horse__pumpkin,horse,pumpkin,attn2_projection,23,key,head_mean,0.9796889424324036
horse__pumpkin,horse__pumpkin,horse,pumpkin,attn2_projection,23,key,head_concat,0.9941099882125854
horse__pumpkin,horse__pumpkin,horse,pumpkin,attn2_projection,23,value,head_mean,0.1325104981660843
horse__pumpkin,horse__pumpkin,horse,pumpkin,attn2_projection,23,value,head_concat,0.12717851996421814
horse__tomato,horse__tomato,horse,tomato,t5_hidden,,hidden,subword_mean,0.30142641067504883
horse__tomato,horse__tomato,horse,tomato,caption_projection,,projected,subword_mean,0.29684385657310486
horse__tomato,horse__tomato,horse,tomato,attn2_projection,8,key,head_mean,0.8037658929824829
horse__tomato,horse__tomato,horse,tomato,attn2_projection,8,key,head_concat,0.8704951405525208
horse__tomato,horse__tomato,horse,tomato,attn2_projection,8,value,head_mean,0.10471922159194946
horse__tomato,horse__tomato,horse,tomato,attn2_projection,8,value,head_concat,0.10700864344835281
horse__tomato,horse__tomato,horse,tomato,attn2_projection,11,key,head_mean,0.7623772621154785
horse__tomato,horse__tomato,horse,tomato,attn2_projection,11,key,head_concat,0.8643969893455505
horse__tomato,horse__tomato,horse,tomato,attn2_projection,11,value,head_mean,0.08234774321317673
horse__tomato,horse__tomato,horse,tomato,attn2_projection,11,value,head_concat,0.0787622407078743
horse__tomato,horse__tomato,horse,tomato,attn2_projection,14,key,head_mean,0.8235477209091187
horse__tomato,horse__tomato,horse,tomato,attn2_projection,14,key,head_concat,0.9276162981987
horse__tomato,horse__tomato,horse,tomato,attn2_projection,14,value,head_mean,0.04224805906414986
horse__tomato,horse__tomato,horse,tomato,attn2_projection,14,value,head_concat,0.040816277265548706
horse__tomato,horse__tomato,horse,tomato,attn2_projection,17,key,head_mean,0.8888314962387085
horse__tomato,horse__tomato,horse,tomato,attn2_projection,17,key,head_concat,0.9416585564613342
horse__tomato,horse__tomato,horse,tomato,attn2_projection,17,value,head_mean,0.07896453142166138
horse__tomato,horse__tomato,horse,tomato,attn2_projection,17,value,head_concat,0.07594947516918182
horse__tomato,horse__tomato,horse,tomato,attn2_projection,20,key,head_mean,0.9713775515556335
horse__tomato,horse__tomato,horse,tomato,attn2_projection,20,key,head_concat,0.9864501357078552
horse__tomato,horse__tomato,horse,tomato,attn2_projection,20,value,head_mean,0.06471383571624756
horse__tomato,horse__tomato,horse,tomato,attn2_projection,20,value,head_concat,0.06211144104599953
horse__tomato,horse__tomato,horse,tomato,attn2_projection,23,key,head_mean,0.9818063378334045
horse__tomato,horse__tomato,horse,tomato,attn2_projection,23,key,head_concat,0.9938867688179016
horse__tomato,horse__tomato,horse,tomato,attn2_projection,23,value,head_mean,0.15097321569919586
horse__tomato,horse__tomato,horse,tomato,attn2_projection,23,value,head_concat,0.11554081737995148
leopard__cat,leopard__cat,leopard,cat,t5_hidden,,hidden,subword_mean,0.47264420986175537
leopard__cat,leopard__cat,leopard,cat,caption_projection,,projected,subword_mean,0.42725250124931335
leopard__cat,leopard__cat,leopard,cat,attn2_projection,8,key,head_mean,0.8662526607513428
leopard__cat,leopard__cat,leopard,cat,attn2_projection,8,key,head_concat,0.910420835018158
leopard__cat,leopard__cat,leopard,cat,attn2_projection,8,value,head_mean,0.39379990100860596
leopard__cat,leopard__cat,leopard,cat,attn2_projection,8,value,head_concat,0.3874410092830658
leopard__cat,leopard__cat,leopard,cat,attn2_projection,11,key,head_mean,0.8694339394569397
leopard__cat,leopard__cat,leopard,cat,attn2_projection,11,key,head_concat,0.9337846636772156
leopard__cat,leopard__cat,leopard,cat,attn2_projection,11,value,head_mean,0.36472710967063904
leopard__cat,leopard__cat,leopard,cat,attn2_projection,11,value,head_concat,0.36559009552001953
leopard__cat,leopard__cat,leopard,cat,attn2_projection,14,key,head_mean,0.8934307098388672
leopard__cat,leopard__cat,leopard,cat,attn2_projection,14,key,head_concat,0.9648007750511169
leopard__cat,leopard__cat,leopard,cat,attn2_projection,14,value,head_mean,0.23020321130752563
leopard__cat,leopard__cat,leopard,cat,attn2_projection,14,value,head_concat,0.2275729775428772
leopard__cat,leopard__cat,leopard,cat,attn2_projection,17,key,head_mean,0.912899374961853
leopard__cat,leopard__cat,leopard,cat,attn2_projection,17,key,head_concat,0.9580385088920593
leopard__cat,leopard__cat,leopard,cat,attn2_projection,17,value,head_mean,0.14128118753433228
leopard__cat,leopard__cat,leopard,cat,attn2_projection,17,value,head_concat,0.1405734419822693
leopard__cat,leopard__cat,leopard,cat,attn2_projection,20,key,head_mean,0.9839383363723755
leopard__cat,leopard__cat,leopard,cat,attn2_projection,20,key,head_concat,0.9927211403846741
leopard__cat,leopard__cat,leopard,cat,attn2_projection,20,value,head_mean,0.33884838223457336
leopard__cat,leopard__cat,leopard,cat,attn2_projection,20,value,head_concat,0.34084540605545044
leopard__cat,leopard__cat,leopard,cat,attn2_projection,23,key,head_mean,0.9882507920265198
leopard__cat,leopard__cat,leopard,cat,attn2_projection,23,key,head_concat,0.9963464736938477
leopard__cat,leopard__cat,leopard,cat,attn2_projection,23,value,head_mean,0.32244643568992615
leopard__cat,leopard__cat,leopard,cat,attn2_projection,23,value,head_concat,0.3151780962944031
leopard__lemon,leopard__lemon,leopard,lemon,t5_hidden,,hidden,subword_mean,0.321977436542511
leopard__lemon,leopard__lemon,leopard,lemon,caption_projection,,projected,subword_mean,0.2936498820781708
leopard__lemon,leopard__lemon,leopard,lemon,attn2_projection,8,key,head_mean,0.8175294995307922
leopard__lemon,leopard__lemon,leopard,lemon,attn2_projection,8,key,head_concat,0.8844774961471558
leopard__lemon,leopard__lemon,leopard,lemon,attn2_projection,8,value,head_mean,0.16663232445716858
leopard__lemon,leopard__lemon,leopard,lemon,attn2_projection,8,value,head_concat,0.16613952815532684
leopard__lemon,leopard__lemon,leopard,lemon,attn2_projection,11,key,head_mean,0.815977156162262
leopard__lemon,leopard__lemon,leopard,lemon,attn2_projection,11,key,head_concat,0.9056581854820251
leopard__lemon,leopard__lemon,leopard,lemon,attn2_projection,11,value,head_mean,0.06023576483130455
leopard__lemon,leopard__lemon,leopard,lemon,attn2_projection,11,value,head_concat,0.0608593188226223
leopard__lemon,leopard__lemon,leopard,lemon,attn2_projection,14,key,head_mean,0.8711315393447876
leopard__lemon,leopard__lemon,leopard,lemon,attn2_projection,14,key,head_concat,0.9502639174461365
leopard__lemon,leopard__lemon,leopard,lemon,attn2_projection,14,value,head_mean,0.08973711729049683
leopard__lemon,leopard__lemon,leopard,lemon,attn2_projection,14,value,head_concat,0.0877377912402153
leopard__lemon,leopard__lemon,leopard,lemon,attn2_projection,17,key,head_mean,0.9067481160163879
leopard__lemon,leopard__lemon,leopard,lemon,attn2_projection,17,key,head_concat,0.9566253423690796
leopard__lemon,leopard__lemon,leopard,lemon,attn2_projection,17,value,head_mean,0.10098783671855927
leopard__lemon,leopard__lemon,leopard,lemon,attn2_projection,17,value,head_concat,0.10172825306653976
leopard__lemon,leopard__lemon,leopard,lemon,attn2_projection,20,key,head_mean,0.9773844480514526
leopard__lemon,leopard__lemon,leopard,lemon,attn2_projection,20,key,head_concat,0.9901019334793091
leopard__lemon,leopard__lemon,leopard,lemon,attn2_projection,20,value,head_mean,0.0943801999092102
leopard__lemon,leopard__lemon,leopard,lemon,attn2_projection,20,value,head_concat,0.09881449490785599
leopard__lemon,leopard__lemon,leopard,lemon,attn2_projection,23,key,head_mean,0.9842051267623901
leopard__lemon,leopard__lemon,leopard,lemon,attn2_projection,23,key,head_concat,0.994868278503418
leopard__lemon,leopard__lemon,leopard,lemon,attn2_projection,23,value,head_mean,0.13676132261753082
leopard__lemon,leopard__lemon,leopard,lemon,attn2_projection,23,value,head_concat,0.10649502277374268
leopard__peach,leopard__peach,leopard,peach,t5_hidden,,hidden,subword_mean,0.36963599920272827
leopard__peach,leopard__peach,leopard,peach,caption_projection,,projected,subword_mean,0.30332350730895996
leopard__peach,leopard__peach,leopard,peach,attn2_projection,8,key,head_mean,0.8407906293869019
leopard__peach,leopard__peach,leopard,peach,attn2_projection,8,key,head_concat,0.9064057469367981
leopard__peach,leopard__peach,leopard,peach,attn2_projection,8,value,head_mean,0.12802517414093018
leopard__peach,leopard__peach,leopard,peach,attn2_projection,8,value,head_concat,0.12778332829475403
leopard__peach,leopard__peach,leopard,peach,attn2_projection,11,key,head_mean,0.8419392108917236
leopard__peach,leopard__peach,leopard,peach,attn2_projection,11,key,head_concat,0.9225796461105347
leopard__peach,leopard__peach,leopard,peach,attn2_projection,11,value,head_mean,0.06645550578832626
leopard__peach,leopard__peach,leopard,peach,attn2_projection,11,value,head_concat,0.058265578001737595
leopard__peach,leopard__peach,leopard,peach,attn2_projection,14,key,head_mean,0.8820374011993408
leopard__peach,leopard__peach,leopard,peach,attn2_projection,14,key,head_concat,0.9592507481575012
leopard__peach,leopard__peach,leopard,peach,attn2_projection,14,value,head_mean,0.03257616609334946
leopard__peach,leopard__peach,leopard,peach,attn2_projection,14,value,head_concat,0.041320912539958954
leopard__peach,leopard__peach,leopard,peach,attn2_projection,17,key,head_mean,0.9177311658859253
leopard__peach,leopard__peach,leopard,peach,attn2_projection,17,key,head_concat,0.9637532234191895
leopard__peach,leopard__peach,leopard,peach,attn2_projection,17,value,head_mean,0.08884619921445847
leopard__peach,leopard__peach,leopard,peach,attn2_projection,17,value,head_concat,0.08432767540216446
leopard__peach,leopard__peach,leopard,peach,attn2_projection,20,key,head_mean,0.9831923246383667
leopard__peach,leopard__peach,leopard,peach,attn2_projection,20,key,head_concat,0.9923427700996399
leopard__peach,leopard__peach,leopard,peach,attn2_projection,20,value,head_mean,0.0933155044913292
leopard__peach,leopard__peach,leopard,peach,attn2_projection,20,value,head_concat,0.09286876767873764
leopard__peach,leopard__peach,leopard,peach,attn2_projection,23,key,head_mean,0.9865438342094421
leopard__peach,leopard__peach,leopard,peach,attn2_projection,23,key,head_concat,0.9957960247993469
leopard__peach,leopard__peach,leopard,peach,attn2_projection,23,value,head_mean,0.18752627074718475
leopard__peach,leopard__peach,leopard,peach,attn2_projection,23,value,head_concat,0.17138664424419403
leopard__pepper,leopard__pepper,leopard,pepper,t5_hidden,,hidden,subword_mean,0.3302730619907379
leopard__pepper,leopard__pepper,leopard,pepper,caption_projection,,projected,subword_mean,0.31424617767333984
leopard__pepper,leopard__pepper,leopard,pepper,attn2_projection,8,key,head_mean,0.8374464511871338
leopard__pepper,leopard__pepper,leopard,pepper,attn2_projection,8,key,head_concat,0.8991752862930298
leopard__pepper,leopard__pepper,leopard,pepper,attn2_projection,8,value,head_mean,0.12868282198905945
leopard__pepper,leopard__pepper,leopard,pepper,attn2_projection,8,value,head_concat,0.12770044803619385
leopard__pepper,leopard__pepper,leopard,pepper,attn2_projection,11,key,head_mean,0.8192190527915955
leopard__pepper,leopard__pepper,leopard,pepper,attn2_projection,11,key,head_concat,0.9091756343841553
leopard__pepper,leopard__pepper,leopard,pepper,attn2_projection,11,value,head_mean,0.08911770582199097
leopard__pepper,leopard__pepper,leopard,pepper,attn2_projection,11,value,head_concat,0.08743293583393097
leopard__pepper,leopard__pepper,leopard,pepper,attn2_projection,14,key,head_mean,0.883147120475769
leopard__pepper,leopard__pepper,leopard,pepper,attn2_projection,14,key,head_concat,0.9576177000999451
leopard__pepper,leopard__pepper,leopard,pepper,attn2_projection,14,value,head_mean,0.1041935384273529
leopard__pepper,leopard__pepper,leopard,pepper,attn2_projection,14,value,head_concat,0.10275395214557648
leopard__pepper,leopard__pepper,leopard,pepper,attn2_projection,17,key,head_mean,0.9195164442062378
leopard__pepper,leopard__pepper,leopard,pepper,attn2_projection,17,key,head_concat,0.9638303518295288
leopard__pepper,leopard__pepper,leopard,pepper,attn2_projection,17,value,head_mean,0.07786727696657181
leopard__pepper,leopard__pepper,leopard,pepper,attn2_projection,17,value,head_concat,0.075100839138031
leopard__pepper,leopard__pepper,leopard,pepper,attn2_projection,20,key,head_mean,0.9823237657546997
leopard__pepper,leopard__pepper,leopard,pepper,attn2_projection,20,key,head_concat,0.9915482997894287
leopard__pepper,leopard__pepper,leopard,pepper,attn2_projection,20,value,head_mean,0.11297614872455597
leopard__pepper,leopard__pepper,leopard,pepper,attn2_projection,20,value,head_concat,0.11190654337406158
leopard__pepper,leopard__pepper,leopard,pepper,attn2_projection,23,key,head_mean,0.985288143157959
leopard__pepper,leopard__pepper,leopard,pepper,attn2_projection,23,key,head_concat,0.995168924331665
leopard__pepper,leopard__pepper,leopard,pepper,attn2_projection,23,value,head_mean,0.1679869145154953
leopard__pepper,leopard__pepper,leopard,pepper,attn2_projection,23,value,head_concat,0.14250895380973816
leopard__strawberry,leopard__strawberry,leopard,strawberry,t5_hidden,,hidden,subword_mean,0.4080820381641388
leopard__strawberry,leopard__strawberry,leopard,strawberry,caption_projection,,projected,subword_mean,0.2776794731616974
leopard__strawberry,leopard__strawberry,leopard,strawberry,attn2_projection,8,key,head_mean,0.8089442849159241
leopard__strawberry,leopard__strawberry,leopard,strawberry,attn2_projection,8,key,head_concat,0.8888365626335144
leopard__strawberry,leopard__strawberry,leopard,strawberry,attn2_projection,8,value,head_mean,0.1265464872121811
leopard__strawberry,leopard__strawberry,leopard,strawberry,attn2_projection,8,value,head_concat,0.12793897092342377
leopard__strawberry,leopard__strawberry,leopard,strawberry,attn2_projection,11,key,head_mean,0.8127830028533936
leopard__strawberry,leopard__strawberry,leopard,strawberry,attn2_projection,11,key,head_concat,0.9012250304222107
leopard__strawberry,leopard__strawberry,leopard,strawberry,attn2_projection,11,value,head_mean,0.0416523739695549
leopard__strawberry,leopard__strawberry,leopard,strawberry,attn2_projection,11,value,head_concat,0.037261009216308594
leopard__strawberry,leopard__strawberry,leopard,strawberry,attn2_projection,14,key,head_mean,0.8628513813018799
leopard__strawberry,leopard__strawberry,leopard,strawberry,attn2_projection,14,key,head_concat,0.9487601518630981
leopard__strawberry,leopard__strawberry,leopard,strawberry,attn2_projection,14,value,head_mean,-0.0011486904695630074
leopard__strawberry,leopard__strawberry,leopard,strawberry,attn2_projection,14,value,head_concat,-0.0013058963231742382
leopard__strawberry,leopard__strawberry,leopard,strawberry,attn2_projection,17,key,head_mean,0.9018312096595764
leopard__strawberry,leopard__strawberry,leopard,strawberry,attn2_projection,17,key,head_concat,0.9534146785736084
leopard__strawberry,leopard__strawberry,leopard,strawberry,attn2_projection,17,value,head_mean,0.0011153006926178932
leopard__strawberry,leopard__strawberry,leopard,strawberry,attn2_projection,17,value,head_concat,-0.0014269081875681877
leopard__strawberry,leopard__strawberry,leopard,strawberry,attn2_projection,20,key,head_mean,0.9758046865463257
leopard__strawberry,leopard__strawberry,leopard,strawberry,attn2_projection,20,key,head_concat,0.9890841841697693
leopard__strawberry,leopard__strawberry,leopard,strawberry,attn2_projection,20,value,head_mean,0.05025950446724892
leopard__strawberry,leopard__strawberry,leopard,strawberry,attn2_projection,20,value,head_concat,0.038571760058403015
leopard__strawberry,leopard__strawberry,leopard,strawberry,attn2_projection,23,key,head_mean,0.9836832284927368
leopard__strawberry,leopard__strawberry,leopard,strawberry,attn2_projection,23,key,head_concat,0.9946144819259644
leopard__strawberry,leopard__strawberry,leopard,strawberry,attn2_projection,23,value,head_mean,0.11496108025312424
leopard__strawberry,leopard__strawberry,leopard,strawberry,attn2_projection,23,value,head_concat,0.10304389894008636
leopard__tomato,leopard__tomato,leopard,tomato,t5_hidden,,hidden,subword_mean,0.31158268451690674
leopard__tomato,leopard__tomato,leopard,tomato,caption_projection,,projected,subword_mean,0.29535770416259766
leopard__tomato,leopard__tomato,leopard,tomato,attn2_projection,8,key,head_mean,0.8106436729431152
leopard__tomato,leopard__tomato,leopard,tomato,attn2_projection,8,key,head_concat,0.883457362651825
leopard__tomato,leopard__tomato,leopard,tomato,attn2_projection,8,value,head_mean,0.13842037320137024
leopard__tomato,leopard__tomato,leopard,tomato,attn2_projection,8,value,head_concat,0.14323163032531738
leopard__tomato,leopard__tomato,leopard,tomato,attn2_projection,11,key,head_mean,0.7977129220962524
leopard__tomato,leopard__tomato,leopard,tomato,attn2_projection,11,key,head_concat,0.8896788954734802
leopard__tomato,leopard__tomato,leopard,tomato,attn2_projection,11,value,head_mean,0.08212120085954666
leopard__tomato,leopard__tomato,leopard,tomato,attn2_projection,11,value,head_concat,0.07682216167449951
leopard__tomato,leopard__tomato,leopard,tomato,attn2_projection,14,key,head_mean,0.8684952855110168
leopard__tomato,leopard__tomato,leopard,tomato,attn2_projection,14,key,head_concat,0.9468753933906555
leopard__tomato,leopard__tomato,leopard,tomato,attn2_projection,14,value,head_mean,0.07290679961442947
leopard__tomato,leopard__tomato,leopard,tomato,attn2_projection,14,value,head_concat,0.07359441369771957
leopard__tomato,leopard__tomato,leopard,tomato,attn2_projection,17,key,head_mean,0.9104928374290466
leopard__tomato,leopard__tomato,leopard,tomato,attn2_projection,17,key,head_concat,0.9550679922103882
leopard__tomato,leopard__tomato,leopard,tomato,attn2_projection,17,value,head_mean,0.049150340259075165
leopard__tomato,leopard__tomato,leopard,tomato,attn2_projection,17,value,head_concat,0.0388411320745945
leopard__tomato,leopard__tomato,leopard,tomato,attn2_projection,20,key,head_mean,0.9775962829589844
leopard__tomato,leopard__tomato,leopard,tomato,attn2_projection,20,key,head_concat,0.9891452789306641
leopard__tomato,leopard__tomato,leopard,tomato,attn2_projection,20,value,head_mean,0.09864913672208786
leopard__tomato,leopard__tomato,leopard,tomato,attn2_projection,20,value,head_concat,0.09552327543497086
leopard__tomato,leopard__tomato,leopard,tomato,attn2_projection,23,key,head_mean,0.9816620349884033
leopard__tomato,leopard__tomato,leopard,tomato,attn2_projection,23,key,head_concat,0.9935643076896667
leopard__tomato,leopard__tomato,leopard,tomato,attn2_projection,23,value,head_mean,0.15687775611877441
leopard__tomato,leopard__tomato,leopard,tomato,attn2_projection,23,value,head_concat,0.13854838907718658
lion__bear,lion__bear,lion,bear,t5_hidden,,hidden,subword_mean,0.4772859215736389
lion__bear,lion__bear,lion,bear,caption_projection,,projected,subword_mean,0.46797341108322144
lion__bear,lion__bear,lion,bear,attn2_projection,8,key,head_mean,0.8727914690971375
lion__bear,lion__bear,lion,bear,attn2_projection,8,key,head_concat,0.9240201711654663
lion__bear,lion__bear,lion,bear,attn2_projection,8,value,head_mean,0.42865419387817383
lion__bear,lion__bear,lion,bear,attn2_projection,8,value,head_concat,0.4291480481624603
lion__bear,lion__bear,lion,bear,attn2_projection,11,key,head_mean,0.8730995059013367
lion__bear,lion__bear,lion,bear,attn2_projection,11,key,head_concat,0.9326096773147583
lion__bear,lion__bear,lion,bear,attn2_projection,11,value,head_mean,0.3420332670211792
lion__bear,lion__bear,lion,bear,attn2_projection,11,value,head_concat,0.342526912689209
lion__bear,lion__bear,lion,bear,attn2_projection,14,key,head_mean,0.8891475200653076
lion__bear,lion__bear,lion,bear,attn2_projection,14,key,head_concat,0.9579588174819946
lion__bear,lion__bear,lion,bear,attn2_projection,14,value,head_mean,0.22614720463752747
lion__bear,lion__bear,lion,bear,attn2_projection,14,value,head_concat,0.2220020741224289
lion__bear,lion__bear,lion,bear,attn2_projection,17,key,head_mean,0.9241679906845093
lion__bear,lion__bear,lion,bear,attn2_projection,17,key,head_concat,0.9654005169868469
lion__bear,lion__bear,lion,bear,attn2_projection,17,value,head_mean,0.217332661151886
lion__bear,lion__bear,lion,bear,attn2_projection,17,value,head_concat,0.2117692083120346
lion__bear,lion__bear,lion,bear,attn2_projection,20,key,head_mean,0.9850658178329468
lion__bear,lion__bear,lion,bear,attn2_projection,20,key,head_concat,0.9934343099594116
lion__bear,lion__bear,lion,bear,attn2_projection,20,value,head_mean,0.35334059596061707
lion__bear,lion__bear,lion,bear,attn2_projection,20,value,head_concat,0.34527361392974854
lion__bear,lion__bear,lion,bear,attn2_projection,23,key,head_mean,0.9905325770378113
lion__bear,lion__bear,lion,bear,attn2_projection,23,key,head_concat,0.9968556761741638
lion__bear,lion__bear,lion,bear,attn2_projection,23,value,head_mean,0.3738393783569336
lion__bear,lion__bear,lion,bear,attn2_projection,23,value,head_concat,0.36838796734809875
lion__dog,lion__dog,lion,dog,t5_hidden,,hidden,subword_mean,0.39155328273773193
lion__dog,lion__dog,lion,dog,caption_projection,,projected,subword_mean,0.46414852142333984
lion__dog,lion__dog,lion,dog,attn2_projection,8,key,head_mean,0.8653993606567383
lion__dog,lion__dog,lion,dog,attn2_projection,8,key,head_concat,0.9168906807899475
lion__dog,lion__dog,lion,dog,attn2_projection,8,value,head_mean,0.30242815613746643
lion__dog,lion__dog,lion,dog,attn2_projection,8,value,head_concat,0.3069830536842346
lion__dog,lion__dog,lion,dog,attn2_projection,11,key,head_mean,0.8592483997344971
lion__dog,lion__dog,lion,dog,attn2_projection,11,key,head_concat,0.9221624732017517
lion__dog,lion__dog,lion,dog,attn2_projection,11,value,head_mean,0.30157801508903503
lion__dog,lion__dog,lion,dog,attn2_projection,11,value,head_concat,0.29750627279281616
lion__dog,lion__dog,lion,dog,attn2_projection,14,key,head_mean,0.8894817233085632
lion__dog,lion__dog,lion,dog,attn2_projection,14,key,head_concat,0.9594552516937256
lion__dog,lion__dog,lion,dog,attn2_projection,14,value,head_mean,0.13275748491287231
lion__dog,lion__dog,lion,dog,attn2_projection,14,value,head_concat,0.13251125812530518
lion__dog,lion__dog,lion,dog,attn2_projection,17,key,head_mean,0.9198365211486816
lion__dog,lion__dog,lion,dog,attn2_projection,17,key,head_concat,0.9645135998725891
lion__dog,lion__dog,lion,dog,attn2_projection,17,value,head_mean,0.07934877276420593
lion__dog,lion__dog,lion,dog,attn2_projection,17,value,head_concat,0.07959435880184174
lion__dog,lion__dog,lion,dog,attn2_projection,20,key,head_mean,0.9843261241912842
lion__dog,lion__dog,lion,dog,attn2_projection,20,key,head_concat,0.9927863478660583
lion__dog,lion__dog,lion,dog,attn2_projection,20,value,head_mean,0.2195741832256317
lion__dog,lion__dog,lion,dog,attn2_projection,20,value,head_concat,0.22294485569000244
lion__dog,lion__dog,lion,dog,attn2_projection,23,key,head_mean,0.9892295598983765
lion__dog,lion__dog,lion,dog,attn2_projection,23,key,head_concat,0.9966511130332947
lion__dog,lion__dog,lion,dog,attn2_projection,23,value,head_mean,0.26278185844421387
lion__dog,lion__dog,lion,dog,attn2_projection,23,value,head_concat,0.24523578584194183
lion__frog,lion__frog,lion,frog,t5_hidden,,hidden,subword_mean,0.5358666181564331
lion__frog,lion__frog,lion,frog,caption_projection,,projected,subword_mean,0.6069212555885315
lion__frog,lion__frog,lion,frog,attn2_projection,8,key,head_mean,0.918380618095398
lion__frog,lion__frog,lion,frog,attn2_projection,8,key,head_concat,0.9572583436965942
lion__frog,lion__frog,lion,frog,attn2_projection,8,value,head_mean,0.3350379168987274
lion__frog,lion__frog,lion,frog,attn2_projection,8,value,head_concat,0.3315981328487396
lion__frog,lion__frog,lion,frog,attn2_projection,11,key,head_mean,0.9270297288894653
lion__frog,lion__frog,lion,frog,attn2_projection,11,key,head_concat,0.9658351540565491
lion__frog,lion__frog,lion,frog,attn2_projection,11,value,head_mean,0.2375084012746811
lion__frog,lion__frog,lion,frog,attn2_projection,11,value,head_concat,0.23251503705978394
lion__frog,lion__frog,lion,frog,attn2_projection,14,key,head_mean,0.9429248571395874
lion__frog,lion__frog,lion,frog,attn2_projection,14,key,head_concat,0.9819819927215576
lion__frog,lion__frog,lion,frog,attn2_projection,14,value,head_mean,0.22197073698043823
lion__frog,lion__frog,lion,frog,attn2_projection,14,value,head_concat,0.2118532359600067
lion__frog,lion__frog,lion,frog,attn2_projection,17,key,head_mean,0.9608713984489441
lion__frog,lion__frog,lion,frog,attn2_projection,17,key,head_concat,0.9825708270072937
lion__frog,lion__frog,lion,frog,attn2_projection,17,value,head_mean,0.15102598071098328
lion__frog,lion__frog,lion,frog,attn2_projection,17,value,head_concat,0.14558909833431244
lion__frog,lion__frog,lion,frog,attn2_projection,20,key,head_mean,0.9932001829147339
lion__frog,lion__frog,lion,frog,attn2_projection,20,key,head_concat,0.9968066215515137
lion__frog,lion__frog,lion,frog,attn2_projection,20,value,head_mean,0.3346003293991089
lion__frog,lion__frog,lion,frog,attn2_projection,20,value,head_concat,0.33160075545310974
lion__frog,lion__frog,lion,frog,attn2_projection,23,key,head_mean,0.9952340722084045
lion__frog,lion__frog,lion,frog,attn2_projection,23,key,head_concat,0.998454213142395
lion__frog,lion__frog,lion,frog,attn2_projection,23,value,head_mean,0.5070697069168091
lion__frog,lion__frog,lion,frog,attn2_projection,23,value,head_concat,0.5153520107269287
lion__horse,lion__horse,lion,horse,t5_hidden,,hidden,subword_mean,0.44334548711776733
lion__horse,lion__horse,lion,horse,caption_projection,,projected,subword_mean,0.4452073872089386
lion__horse,lion__horse,lion,horse,attn2_projection,8,key,head_mean,0.846050500869751
lion__horse,lion__horse,lion,horse,attn2_projection,8,key,head_concat,0.9023358821868896
lion__horse,lion__horse,lion,horse,attn2_projection,8,value,head_mean,0.25171464681625366
lion__horse,lion__horse,lion,horse,attn2_projection,8,value,head_concat,0.24747982621192932
lion__horse,lion__horse,lion,horse,attn2_projection,11,key,head_mean,0.8431812524795532
lion__horse,lion__horse,lion,horse,attn2_projection,11,key,head_concat,0.9186144471168518
lion__horse,lion__horse,lion,horse,attn2_projection,11,value,head_mean,0.2179340422153473
lion__horse,lion__horse,lion,horse,attn2_projection,11,value,head_concat,0.21238578855991364
lion__horse,lion__horse,lion,horse,attn2_projection,14,key,head_mean,0.8739947080612183
lion__horse,lion__horse,lion,horse,attn2_projection,14,key,head_concat,0.9545854330062866
lion__horse,lion__horse,lion,horse,attn2_projection,14,value,head_mean,0.07120997458696365
lion__horse,lion__horse,lion,horse,attn2_projection,14,value,head_concat,0.06670978665351868
lion__horse,lion__horse,lion,horse,attn2_projection,17,key,head_mean,0.9113481044769287
lion__horse,lion__horse,lion,horse,attn2_projection,17,key,head_concat,0.9571807980537415
lion__horse,lion__horse,lion,horse,attn2_projection,17,value,head_mean,0.07244525849819183
lion__horse,lion__horse,lion,horse,attn2_projection,17,value,head_concat,0.0736914724111557
lion__horse,lion__horse,lion,horse,attn2_projection,20,key,head_mean,0.9837476015090942
lion__horse,lion__horse,lion,horse,attn2_projection,20,key,head_concat,0.9923831224441528
lion__horse,lion__horse,lion,horse,attn2_projection,20,value,head_mean,0.21643376350402832
lion__horse,lion__horse,lion,horse,attn2_projection,20,value,head_concat,0.2213389277458191
lion__horse,lion__horse,lion,horse,attn2_projection,23,key,head_mean,0.9881678819656372
lion__horse,lion__horse,lion,horse,attn2_projection,23,key,head_concat,0.9965881109237671
lion__horse,lion__horse,lion,horse,attn2_projection,23,value,head_mean,0.22713005542755127
lion__horse,lion__horse,lion,horse,attn2_projection,23,value,head_concat,0.22335168719291687
lion__leopard,lion__leopard,lion,leopard,t5_hidden,,hidden,subword_mean,0.6176846623420715
lion__leopard,lion__leopard,lion,leopard,caption_projection,,projected,subword_mean,0.5241560935974121
lion__leopard,lion__leopard,lion,leopard,attn2_projection,8,key,head_mean,0.916872501373291
lion__leopard,lion__leopard,lion,leopard,attn2_projection,8,key,head_concat,0.9527631998062134
lion__leopard,lion__leopard,lion,leopard,attn2_projection,8,value,head_mean,0.5393981337547302
lion__leopard,lion__leopard,lion,leopard,attn2_projection,8,value,head_concat,0.5406861305236816
lion__leopard,lion__leopard,lion,leopard,attn2_projection,11,key,head_mean,0.9189167022705078
lion__leopard,lion__leopard,lion,leopard,attn2_projection,11,key,head_concat,0.9629981517791748
lion__leopard,lion__leopard,lion,leopard,attn2_projection,11,value,head_mean,0.5523295402526855
lion__leopard,lion__leopard,lion,leopard,attn2_projection,11,value,head_concat,0.5484818816184998
lion__leopard,lion__leopard,lion,leopard,attn2_projection,14,key,head_mean,0.9418283700942993
lion__leopard,lion__leopard,lion,leopard,attn2_projection,14,key,head_concat,0.9816840291023254
lion__leopard,lion__leopard,lion,leopard,attn2_projection,14,value,head_mean,0.4744592607021332
lion__leopard,lion__leopard,lion,leopard,attn2_projection,14,value,head_concat,0.4716472029685974
lion__leopard,lion__leopard,lion,leopard,attn2_projection,17,key,head_mean,0.9582918882369995
lion__leopard,lion__leopard,lion,leopard,attn2_projection,17,key,head_concat,0.981002926826477
lion__leopard,lion__leopard,lion,leopard,attn2_projection,17,value,head_mean,0.38352471590042114
lion__leopard,lion__leopard,lion,leopard,attn2_projection,17,value,head_concat,0.3865017294883728
lion__leopard,lion__leopard,lion,leopard,attn2_projection,20,key,head_mean,0.9922018051147461
lion__leopard,lion__leopard,lion,leopard,attn2_projection,20,key,head_concat,0.9967067241668701
lion__leopard,lion__leopard,lion,leopard,attn2_projection,20,value,head_mean,0.5346379280090332
lion__leopard,lion__leopard,lion,leopard,attn2_projection,20,value,head_concat,0.545137345790863
lion__leopard,lion__leopard,lion,leopard,attn2_projection,23,key,head_mean,0.9927812814712524
lion__leopard,lion__leopard,lion,leopard,attn2_projection,23,key,head_concat,0.9977095127105713
lion__leopard,lion__leopard,lion,leopard,attn2_projection,23,value,head_mean,0.5398410558700562
lion__leopard,lion__leopard,lion,leopard,attn2_projection,23,value,head_concat,0.5208175778388977
lion__panda,lion__panda,lion,panda,t5_hidden,,hidden,subword_mean,0.4359521269798279
lion__panda,lion__panda,lion,panda,caption_projection,,projected,subword_mean,0.5165131688117981
lion__panda,lion__panda,lion,panda,attn2_projection,8,key,head_mean,0.9126214981079102
lion__panda,lion__panda,lion,panda,attn2_projection,8,key,head_concat,0.9505186080932617
lion__panda,lion__panda,lion,panda,attn2_projection,8,value,head_mean,0.3771851062774658
lion__panda,lion__panda,lion,panda,attn2_projection,8,value,head_concat,0.37777215242385864
lion__panda,lion__panda,lion,panda,attn2_projection,11,key,head_mean,0.8999456167221069
lion__panda,lion__panda,lion,panda,attn2_projection,11,key,head_concat,0.953533947467804
lion__panda,lion__panda,lion,panda,attn2_projection,11,value,head_mean,0.29598256945610046
lion__panda,lion__panda,lion,panda,attn2_projection,11,value,head_concat,0.2925296127796173
lion__panda,lion__panda,lion,panda,attn2_projection,14,key,head_mean,0.922569751739502
lion__panda,lion__panda,lion,panda,attn2_projection,14,key,head_concat,0.9739206433296204
lion__panda,lion__panda,lion,panda,attn2_projection,14,value,head_mean,0.14620542526245117
lion__panda,lion__panda,lion,panda,attn2_projection,14,value,head_concat,0.13682414591312408
lion__panda,lion__panda,lion,panda,attn2_projection,17,key,head_mean,0.9511314630508423
lion__panda,lion__panda,lion,panda,attn2_projection,17,key,head_concat,0.9767856597900391
lion__panda,lion__panda,lion,panda,attn2_projection,17,value,head_mean,0.13109415769577026
lion__panda,lion__panda,lion,panda,attn2_projection,17,value,head_concat,0.12683247029781342
lion__panda,lion__panda,lion,panda,attn2_projection,20,key,head_mean,0.9909636974334717
lion__panda,lion__panda,lion,panda,attn2_projection,20,key,head_concat,0.9959932565689087
lion__panda,lion__panda,lion,panda,attn2_projection,20,value,head_mean,0.3026616871356964
lion__panda,lion__panda,lion,panda,attn2_projection,20,value,head_concat,0.29936110973358154
lion__panda,lion__panda,lion,panda,attn2_projection,23,key,head_mean,0.9930874705314636
lion__panda,lion__panda,lion,panda,attn2_projection,23,key,head_concat,0.9977597594261169
lion__panda,lion__panda,lion,panda,attn2_projection,23,value,head_mean,0.3837621808052063
lion__panda,lion__panda,lion,panda,attn2_projection,23,value,head_concat,0.37361830472946167
lion__pear,lion__pear,lion,pear,t5_hidden,,hidden,subword_mean,0.4075501263141632
lion__pear,lion__pear,lion,pear,caption_projection,,projected,subword_mean,0.4427019953727722
lion__pear,lion__pear,lion,pear,attn2_projection,8,key,head_mean,0.8804484009742737
lion__pear,lion__pear,lion,pear,attn2_projection,8,key,head_concat,0.9340726733207703
lion__pear,lion__pear,lion,pear,attn2_projection,8,value,head_mean,0.10610993206501007
lion__pear,lion__pear,lion,pear,attn2_projection,8,value,head_concat,0.10422368347644806
lion__pear,lion__pear,lion,pear,attn2_projection,11,key,head_mean,0.8641886711120605
lion__pear,lion__pear,lion,pear,attn2_projection,11,key,head_concat,0.9339008927345276
lion__pear,lion__pear,lion,pear,attn2_projection,11,value,head_mean,0.056548237800598145
lion__pear,lion__pear,lion,pear,attn2_projection,11,value,head_concat,0.052112363278865814
lion__pear,lion__pear,lion,pear,attn2_projection,14,key,head_mean,0.9046927690505981
lion__pear,lion__pear,lion,pear,attn2_projection,14,key,head_concat,0.9684798717498779
lion__pear,lion__pear,lion,pear,attn2_projection,14,value,head_mean,0.028024977073073387
lion__pear,lion__pear,lion,pear,attn2_projection,14,value,head_concat,0.028841013088822365
lion__pear,lion__pear,lion,pear,attn2_projection,17,key,head_mean,0.944148600101471
lion__pear,lion__pear,lion,pear,attn2_projection,17,key,head_concat,0.9750006794929504
lion__pear,lion__pear,lion,pear,attn2_projection,17,value,head_mean,0.03325576335191727
lion__pear,lion__pear,lion,pear,attn2_projection,17,value,head_concat,0.027814675122499466
lion__pear,lion__pear,lion,pear,attn2_projection,20,key,head_mean,0.9885374903678894
lion__pear,lion__pear,lion,pear,attn2_projection,20,key,head_concat,0.9946025609970093
lion__pear,lion__pear,lion,pear,attn2_projection,20,value,head_mean,0.16212324798107147
lion__pear,lion__pear,lion,pear,attn2_projection,20,value,head_concat,0.1650090515613556
lion__pear,lion__pear,lion,pear,attn2_projection,23,key,head_mean,0.9903010129928589
lion__pear,lion__pear,lion,pear,attn2_projection,23,key,head_concat,0.9970564842224121
lion__pear,lion__pear,lion,pear,attn2_projection,23,value,head_mean,0.28128984570503235
lion__pear,lion__pear,lion,pear,attn2_projection,23,value,head_concat,0.2726047933101654
lion__pepper,lion__pepper,lion,pepper,t5_hidden,,hidden,subword_mean,0.25990307331085205
lion__pepper,lion__pepper,lion,pepper,caption_projection,,projected,subword_mean,0.3335992395877838
lion__pepper,lion__pepper,lion,pepper,attn2_projection,8,key,head_mean,0.8363639116287231
lion__pepper,lion__pepper,lion,pepper,attn2_projection,8,key,head_concat,0.9061192870140076
lion__pepper,lion__pepper,lion,pepper,attn2_projection,8,value,head_mean,0.04689739644527435
lion__pepper,lion__pepper,lion,pepper,attn2_projection,8,value,head_concat,0.051699306815862656
lion__pepper,lion__pepper,lion,pepper,attn2_projection,11,key,head_mean,0.8082947731018066
lion__pepper,lion__pepper,lion,pepper,attn2_projection,11,key,head_concat,0.902962863445282
lion__pepper,lion__pepper,lion,pepper,attn2_projection,11,value,head_mean,0.03931472450494766
lion__pepper,lion__pepper,lion,pepper,attn2_projection,11,value,head_concat,0.034925512969493866
lion__pepper,lion__pepper,lion,pepper,attn2_projection,14,key,head_mean,0.8819721937179565
lion__pepper,lion__pepper,lion,pepper,attn2_projection,14,key,head_concat,0.9557084441184998
lion__pepper,lion__pepper,lion,pepper,attn2_projection,14,value,head_mean,0.07344818860292435
lion__pepper,lion__pepper,lion,pepper,attn2_projection,14,value,head_concat,0.06880613416433334
lion__pepper,lion__pepper,lion,pepper,attn2_projection,17,key,head_mean,0.9297614097595215
lion__pepper,lion__pepper,lion,pepper,attn2_projection,17,key,head_concat,0.9655637145042419
lion__pepper,lion__pepper,lion,pepper,attn2_projection,17,value,head_mean,-0.015616830438375473
lion__pepper,lion__pepper,lion,pepper,attn2_projection,17,value,head_concat,-0.013388351537287235
lion__pepper,lion__pepper,lion,pepper,attn2_projection,20,key,head_mean,0.9823467135429382
lion__pepper,lion__pepper,lion,pepper,attn2_projection,20,key,head_concat,0.9917486310005188
lion__pepper,lion__pepper,lion,pepper,attn2_projection,20,value,head_mean,0.08826280385255814
lion__pepper,lion__pepper,lion,pepper,attn2_projection,20,value,head_concat,0.10310743749141693
lion__pepper,lion__pepper,lion,pepper,attn2_projection,23,key,head_mean,0.9847226738929749
lion__pepper,lion__pepper,lion,pepper,attn2_projection,23,key,head_concat,0.9950977563858032
lion__pepper,lion__pepper,lion,pepper,attn2_projection,23,value,head_mean,0.2092726230621338
lion__pepper,lion__pepper,lion,pepper,attn2_projection,23,value,head_concat,0.1800866276025772
lion__tiger,lion__tiger,lion,tiger,t5_hidden,,hidden,subword_mean,0.7106428146362305
lion__tiger,lion__tiger,lion,tiger,caption_projection,,projected,subword_mean,0.7452768683433533
lion__tiger,lion__tiger,lion,tiger,attn2_projection,8,key,head_mean,0.9561702013015747
lion__tiger,lion__tiger,lion,tiger,attn2_projection,8,key,head_concat,0.9763270616531372
lion__tiger,lion__tiger,lion,tiger,attn2_projection,8,value,head_mean,0.685369074344635
lion__tiger,lion__tiger,lion,tiger,attn2_projection,8,value,head_concat,0.6867526769638062
lion__tiger,lion__tiger,lion,tiger,attn2_projection,11,key,head_mean,0.9606629610061646
lion__tiger,lion__tiger,lion,tiger,attn2_projection,11,key,head_concat,0.9820846915245056
lion__tiger,lion__tiger,lion,tiger,attn2_projection,11,value,head_mean,0.6796956658363342
lion__tiger,lion__tiger,lion,tiger,attn2_projection,11,value,head_concat,0.6770340800285339
lion__tiger,lion__tiger,lion,tiger,attn2_projection,14,key,head_mean,0.9713398814201355
lion__tiger,lion__tiger,lion,tiger,attn2_projection,14,key,head_concat,0.98969566822052
lion__tiger,lion__tiger,lion,tiger,attn2_projection,14,value,head_mean,0.5902767181396484
lion__tiger,lion__tiger,lion,tiger,attn2_projection,14,value,head_concat,0.5879067182540894
lion__tiger,lion__tiger,lion,tiger,attn2_projection,17,key,head_mean,0.9761158227920532
lion__tiger,lion__tiger,lion,tiger,attn2_projection,17,key,head_concat,0.9896097779273987
lion__tiger,lion__tiger,lion,tiger,attn2_projection,17,value,head_mean,0.48630350828170776
lion__tiger,lion__tiger,lion,tiger,attn2_projection,17,value,head_concat,0.49001917243003845
lion__tiger,lion__tiger,lion,tiger,attn2_projection,20,key,head_mean,0.9955248832702637
lion__tiger,lion__tiger,lion,tiger,attn2_projection,20,key,head_concat,0.9981847405433655
lion__tiger,lion__tiger,lion,tiger,attn2_projection,20,value,head_mean,0.6769058704376221
lion__tiger,lion__tiger,lion,tiger,attn2_projection,20,value,head_concat,0.6781591176986694
lion__tiger,lion__tiger,lion,tiger,attn2_projection,23,key,head_mean,0.9970587491989136
lion__tiger,lion__tiger,lion,tiger,attn2_projection,23,key,head_concat,0.999066174030304
lion__tiger,lion__tiger,lion,tiger,attn2_projection,23,value,head_mean,0.7372176051139832
lion__tiger,lion__tiger,lion,tiger,attn2_projection,23,value,head_concat,0.7472977042198181
lion__tomato,lion__tomato,lion,tomato,t5_hidden,,hidden,subword_mean,0.26546862721443176
lion__tomato,lion__tomato,lion,tomato,caption_projection,,projected,subword_mean,0.3436899483203888
lion__tomato,lion__tomato,lion,tomato,attn2_projection,8,key,head_mean,0.8318917155265808
lion__tomato,lion__tomato,lion,tomato,attn2_projection,8,key,head_concat,0.9006214141845703
lion__tomato,lion__tomato,lion,tomato,attn2_projection,8,value,head_mean,0.09773257374763489
lion__tomato,lion__tomato,lion,tomato,attn2_projection,8,value,head_concat,0.0979149118065834
lion__tomato,lion__tomato,lion,tomato,attn2_projection,11,key,head_mean,0.7961107492446899
lion__tomato,lion__tomato,lion,tomato,attn2_projection,11,key,head_concat,0.8884623050689697
lion__tomato,lion__tomato,lion,tomato,attn2_projection,11,value,head_mean,0.02503739297389984
lion__tomato,lion__tomato,lion,tomato,attn2_projection,11,value,head_concat,0.011845515109598637
lion__tomato,lion__tomato,lion,tomato,attn2_projection,14,key,head_mean,0.8697996735572815
lion__tomato,lion__tomato,lion,tomato,attn2_projection,14,key,head_concat,0.9473159909248352
lion__tomato,lion__tomato,lion,tomato,attn2_projection,14,value,head_mean,0.044128842651844025
lion__tomato,lion__tomato,lion,tomato,attn2_projection,14,value,head_concat,0.04275752604007721
lion__tomato,lion__tomato,lion,tomato,attn2_projection,17,key,head_mean,0.9246537685394287
lion__tomato,lion__tomato,lion,tomato,attn2_projection,17,key,head_concat,0.958804726600647
lion__tomato,lion__tomato,lion,tomato,attn2_projection,17,value,head_mean,-0.021579165011644363
lion__tomato,lion__tomato,lion,tomato,attn2_projection,17,value,head_concat,-0.023721227422356606
lion__tomato,lion__tomato,lion,tomato,attn2_projection,20,key,head_mean,0.9781216382980347
lion__tomato,lion__tomato,lion,tomato,attn2_projection,20,key,head_concat,0.9898419380187988
lion__tomato,lion__tomato,lion,tomato,attn2_projection,20,value,head_mean,0.10986720025539398
lion__tomato,lion__tomato,lion,tomato,attn2_projection,20,value,head_concat,0.12402751296758652
lion__tomato,lion__tomato,lion,tomato,attn2_projection,23,key,head_mean,0.9824802875518799
lion__tomato,lion__tomato,lion,tomato,attn2_projection,23,key,head_concat,0.9938805103302002
lion__tomato,lion__tomato,lion,tomato,attn2_projection,23,value,head_mean,0.13741032779216766
lion__tomato,lion__tomato,lion,tomato,attn2_projection,23,value,head_concat,0.11855995655059814
lion__turtle,lion__turtle,lion,turtle,t5_hidden,,hidden,subword_mean,0.4098634421825409
lion__turtle,lion__turtle,lion,turtle,caption_projection,,projected,subword_mean,0.33604246377944946
lion__turtle,lion__turtle,lion,turtle,attn2_projection,8,key,head_mean,0.8144117593765259
lion__turtle,lion__turtle,lion,turtle,attn2_projection,8,key,head_concat,0.893230676651001
lion__turtle,lion__turtle,lion,turtle,attn2_projection,8,value,head_mean,0.19152319431304932
lion__turtle,lion__turtle,lion,turtle,attn2_projection,8,value,head_concat,0.1838260442018509
lion__turtle,lion__turtle,lion,turtle,attn2_projection,11,key,head_mean,0.7836437225341797
lion__turtle,lion__turtle,lion,turtle,attn2_projection,11,key,head_concat,0.895195484161377
lion__turtle,lion__turtle,lion,turtle,attn2_projection,11,value,head_mean,0.08091922849416733
lion__turtle,lion__turtle,lion,turtle,attn2_projection,11,value,head_concat,0.06345642358064651
lion__turtle,lion__turtle,lion,turtle,attn2_projection,14,key,head_mean,0.8693861961364746
lion__turtle,lion__turtle,lion,turtle,attn2_projection,14,key,head_concat,0.9511204361915588
lion__turtle,lion__turtle,lion,turtle,attn2_projection,14,value,head_mean,0.025290850549936295
lion__turtle,lion__turtle,lion,turtle,attn2_projection,14,value,head_concat,0.01887517049908638
lion__turtle,lion__turtle,lion,turtle,attn2_projection,17,key,head_mean,0.9089210629463196
lion__turtle,lion__turtle,lion,turtle,attn2_projection,17,key,head_concat,0.9561821222305298
lion__turtle,lion__turtle,lion,turtle,attn2_projection,17,value,head_mean,0.046721335500478745
lion__turtle,lion__turtle,lion,turtle,attn2_projection,17,value,head_concat,0.04373316466808319
lion__turtle,lion__turtle,lion,turtle,attn2_projection,20,key,head_mean,0.9808884859085083
lion__turtle,lion__turtle,lion,turtle,attn2_projection,20,key,head_concat,0.9910216331481934
lion__turtle,lion__turtle,lion,turtle,attn2_projection,20,value,head_mean,0.07442030310630798
lion__turtle,lion__turtle,lion,turtle,attn2_projection,20,value,head_concat,0.07083969563245773
lion__turtle,lion__turtle,lion,turtle,attn2_projection,23,key,head_mean,0.9849185347557068
lion__turtle,lion__turtle,lion,turtle,attn2_projection,23,key,head_concat,0.9950823187828064
lion__turtle,lion__turtle,lion,turtle,attn2_projection,23,value,head_mean,0.20450638234615326
lion__turtle,lion__turtle,lion,turtle,attn2_projection,23,value,head_concat,0.20232577621936798
orange__peach,orange__peach,orange,peach,t5_hidden,,hidden,subword_mean,0.4980506896972656
orange__peach,orange__peach,orange,peach,caption_projection,,projected,subword_mean,0.635145902633667
orange__peach,orange__peach,orange,peach,attn2_projection,8,key,head_mean,0.9418342709541321
orange__peach,orange__peach,orange,peach,attn2_projection,8,key,head_concat,0.9665947556495667
orange__peach,orange__peach,orange,peach,attn2_projection,8,value,head_mean,0.6553648114204407
orange__peach,orange__peach,orange,peach,attn2_projection,8,value,head_concat,0.6606888771057129
orange__peach,orange__peach,orange,peach,attn2_projection,11,key,head_mean,0.9427038431167603
orange__peach,orange__peach,orange,peach,attn2_projection,11,key,head_concat,0.9711254835128784
orange__peach,orange__peach,orange,peach,attn2_projection,11,value,head_mean,0.6491174697875977
orange__peach,orange__peach,orange,peach,attn2_projection,11,value,head_concat,0.6588307619094849
orange__peach,orange__peach,orange,peach,attn2_projection,14,key,head_mean,0.9563086032867432
orange__peach,orange__peach,orange,peach,attn2_projection,14,key,head_concat,0.984928548336029
orange__peach,orange__peach,orange,peach,attn2_projection,14,value,head_mean,0.6043077111244202
orange__peach,orange__peach,orange,peach,attn2_projection,14,value,head_concat,0.6071346402168274
orange__peach,orange__peach,orange,peach,attn2_projection,17,key,head_mean,0.9756379127502441
orange__peach,orange__peach,orange,peach,attn2_projection,17,key,head_concat,0.9887304902076721
orange__peach,orange__peach,orange,peach,attn2_projection,17,value,head_mean,0.6421160101890564
orange__peach,orange__peach,orange,peach,attn2_projection,17,value,head_concat,0.6424726247787476
orange__peach,orange__peach,orange,peach,attn2_projection,20,key,head_mean,0.9923915266990662
orange__peach,orange__peach,orange,peach,attn2_projection,20,key,head_concat,0.9966670870780945
orange__peach,orange__peach,orange,peach,attn2_projection,20,value,head_mean,0.6668404936790466
orange__peach,orange__peach,orange,peach,attn2_projection,20,value,head_concat,0.6690052151679993
orange__peach,orange__peach,orange,peach,attn2_projection,23,key,head_mean,0.9935384392738342
orange__peach,orange__peach,orange,peach,attn2_projection,23,key,head_concat,0.9979215264320374
orange__peach,orange__peach,orange,peach,attn2_projection,23,value,head_mean,0.649441123008728
orange__peach,orange__peach,orange,peach,attn2_projection,23,value,head_concat,0.6423828601837158
orange__pumpkin,orange__pumpkin,orange,pumpkin,t5_hidden,,hidden,subword_mean,0.3428190052509308
orange__pumpkin,orange__pumpkin,orange,pumpkin,caption_projection,,projected,subword_mean,0.4360071122646332
orange__pumpkin,orange__pumpkin,orange,pumpkin,attn2_projection,8,key,head_mean,0.865788459777832
orange__pumpkin,orange__pumpkin,orange,pumpkin,attn2_projection,8,key,head_concat,0.9194051027297974
orange__pumpkin,orange__pumpkin,orange,pumpkin,attn2_projection,8,value,head_mean,0.4776473641395569
orange__pumpkin,orange__pumpkin,orange,pumpkin,attn2_projection,8,value,head_concat,0.4799780249595642
orange__pumpkin,orange__pumpkin,orange,pumpkin,attn2_projection,11,key,head_mean,0.8622504472732544
orange__pumpkin,orange__pumpkin,orange,pumpkin,attn2_projection,11,key,head_concat,0.9213128089904785
orange__pumpkin,orange__pumpkin,orange,pumpkin,attn2_projection,11,value,head_mean,0.4011898934841156
orange__pumpkin,orange__pumpkin,orange,pumpkin,attn2_projection,11,value,head_concat,0.389767587184906
orange__pumpkin,orange__pumpkin,orange,pumpkin,attn2_projection,14,key,head_mean,0.8964065313339233
orange__pumpkin,orange__pumpkin,orange,pumpkin,attn2_projection,14,key,head_concat,0.960075318813324
orange__pumpkin,orange__pumpkin,orange,pumpkin,attn2_projection,14,value,head_mean,0.31469565629959106
orange__pumpkin,orange__pumpkin,orange,pumpkin,attn2_projection,14,value,head_concat,0.3114796280860901
orange__pumpkin,orange__pumpkin,orange,pumpkin,attn2_projection,17,key,head_mean,0.9403257369995117
orange__pumpkin,orange__pumpkin,orange,pumpkin,attn2_projection,17,key,head_concat,0.9695408940315247
orange__pumpkin,orange__pumpkin,orange,pumpkin,attn2_projection,17,value,head_mean,0.3279058635234833
orange__pumpkin,orange__pumpkin,orange,pumpkin,attn2_projection,17,value,head_concat,0.3340313136577606
orange__pumpkin,orange__pumpkin,orange,pumpkin,attn2_projection,20,key,head_mean,0.9846658706665039
orange__pumpkin,orange__pumpkin,orange,pumpkin,attn2_projection,20,key,head_concat,0.9926044344902039
orange__pumpkin,orange__pumpkin,orange,pumpkin,attn2_projection,20,value,head_mean,0.391733855009079
orange__pumpkin,orange__pumpkin,orange,pumpkin,attn2_projection,20,value,head_concat,0.3874046206474304
orange__pumpkin,orange__pumpkin,orange,pumpkin,attn2_projection,23,key,head_mean,0.98362135887146
orange__pumpkin,orange__pumpkin,orange,pumpkin,attn2_projection,23,key,head_concat,0.9953432679176331
orange__pumpkin,orange__pumpkin,orange,pumpkin,attn2_projection,23,value,head_mean,0.41199249029159546
orange__pumpkin,orange__pumpkin,orange,pumpkin,attn2_projection,23,value,head_concat,0.40519434213638306
orange__strawberry,orange__strawberry,orange,strawberry,t5_hidden,,hidden,subword_mean,0.46613410115242004
orange__strawberry,orange__strawberry,orange,strawberry,caption_projection,,projected,subword_mean,0.42912548780441284
orange__strawberry,orange__strawberry,orange,strawberry,attn2_projection,8,key,head_mean,0.8891001343727112
orange__strawberry,orange__strawberry,orange,strawberry,attn2_projection,8,key,head_concat,0.9359766840934753
orange__strawberry,orange__strawberry,orange,strawberry,attn2_projection,8,value,head_mean,0.5108972787857056
orange__strawberry,orange__strawberry,orange,strawberry,attn2_projection,8,value,head_concat,0.5113130807876587
orange__strawberry,orange__strawberry,orange,strawberry,attn2_projection,11,key,head_mean,0.8743449449539185
orange__strawberry,orange__strawberry,orange,strawberry,attn2_projection,11,key,head_concat,0.9319605231285095
orange__strawberry,orange__strawberry,orange,strawberry,attn2_projection,11,value,head_mean,0.38446348905563354
orange__strawberry,orange__strawberry,orange,strawberry,attn2_projection,11,value,head_concat,0.38297373056411743
orange__strawberry,orange__strawberry,orange,strawberry,attn2_projection,14,key,head_mean,0.9136947393417358
orange__strawberry,orange__strawberry,orange,strawberry,attn2_projection,14,key,head_concat,0.9667358994483948
orange__strawberry,orange__strawberry,orange,strawberry,attn2_projection,14,value,head_mean,0.3928607106208801
orange__strawberry,orange__strawberry,orange,strawberry,attn2_projection,14,value,head_concat,0.3832603693008423
orange__strawberry,orange__strawberry,orange,strawberry,attn2_projection,17,key,head_mean,0.9493463635444641
orange__strawberry,orange__strawberry,orange,strawberry,attn2_projection,17,key,head_concat,0.9753690361976624
orange__strawberry,orange__strawberry,orange,strawberry,attn2_projection,17,value,head_mean,0.3797050714492798
orange__strawberry,orange__strawberry,orange,strawberry,attn2_projection,17,value,head_concat,0.367950975894928
orange__strawberry,orange__strawberry,orange,strawberry,attn2_projection,20,key,head_mean,0.9839227199554443
orange__strawberry,orange__strawberry,orange,strawberry,attn2_projection,20,key,head_concat,0.9924863576889038
orange__strawberry,orange__strawberry,orange,strawberry,attn2_projection,20,value,head_mean,0.4666804075241089
orange__strawberry,orange__strawberry,orange,strawberry,attn2_projection,20,value,head_concat,0.4648546576499939
orange__strawberry,orange__strawberry,orange,strawberry,attn2_projection,23,key,head_mean,0.9866752028465271
orange__strawberry,orange__strawberry,orange,strawberry,attn2_projection,23,key,head_concat,0.9958559274673462
orange__strawberry,orange__strawberry,orange,strawberry,attn2_projection,23,value,head_mean,0.40693074464797974
orange__strawberry,orange__strawberry,orange,strawberry,attn2_projection,23,value,head_concat,0.4194532036781311
panda__apple,panda__apple,panda,apple,t5_hidden,,hidden,subword_mean,0.19968155026435852
panda__apple,panda__apple,panda,apple,caption_projection,,projected,subword_mean,0.3201647102832794
panda__apple,panda__apple,panda,apple,attn2_projection,8,key,head_mean,0.8311668038368225
panda__apple,panda__apple,panda,apple,attn2_projection,8,key,head_concat,0.8945063352584839
panda__apple,panda__apple,panda,apple,attn2_projection,8,value,head_mean,0.10477814078330994
panda__apple,panda__apple,panda,apple,attn2_projection,8,value,head_concat,0.10700991749763489
panda__apple,panda__apple,panda,apple,attn2_projection,11,key,head_mean,0.8051316142082214
panda__apple,panda__apple,panda,apple,attn2_projection,11,key,head_concat,0.8964663743972778
panda__apple,panda__apple,panda,apple,attn2_projection,11,value,head_mean,0.0940941646695137
panda__apple,panda__apple,panda,apple,attn2_projection,11,value,head_concat,0.09385443478822708
panda__apple,panda__apple,panda,apple,attn2_projection,14,key,head_mean,0.8695801496505737
panda__apple,panda__apple,panda,apple,attn2_projection,14,key,head_concat,0.9513218402862549
panda__apple,panda__apple,panda,apple,attn2_projection,14,value,head_mean,0.040483299642801285
panda__apple,panda__apple,panda,apple,attn2_projection,14,value,head_concat,0.0470118373632431
panda__apple,panda__apple,panda,apple,attn2_projection,17,key,head_mean,0.927980899810791
panda__apple,panda__apple,panda,apple,attn2_projection,17,key,head_concat,0.9632718563079834
panda__apple,panda__apple,panda,apple,attn2_projection,17,value,head_mean,0.034879326820373535
panda__apple,panda__apple,panda,apple,attn2_projection,17,value,head_concat,0.03778684884309769
panda__apple,panda__apple,panda,apple,attn2_projection,20,key,head_mean,0.9834334850311279
panda__apple,panda__apple,panda,apple,attn2_projection,20,key,head_concat,0.9923909902572632
panda__apple,panda__apple,panda,apple,attn2_projection,20,value,head_mean,0.07108120620250702
panda__apple,panda__apple,panda,apple,attn2_projection,20,value,head_concat,0.06038716062903404
panda__apple,panda__apple,panda,apple,attn2_projection,23,key,head_mean,0.9832526445388794
panda__apple,panda__apple,panda,apple,attn2_projection,23,key,head_concat,0.9941689372062683
panda__apple,panda__apple,panda,apple,attn2_projection,23,value,head_mean,0.14362525939941406
panda__apple,panda__apple,panda,apple,attn2_projection,23,value,head_concat,0.12198814749717712
panda__lemon,panda__lemon,panda,lemon,t5_hidden,,hidden,subword_mean,0.15113000571727753
panda__lemon,panda__lemon,panda,lemon,caption_projection,,projected,subword_mean,0.35192835330963135
panda__lemon,panda__lemon,panda,lemon,attn2_projection,8,key,head_mean,0.8279441595077515
panda__lemon,panda__lemon,panda,lemon,attn2_projection,8,key,head_concat,0.8917971253395081
panda__lemon,panda__lemon,panda,lemon,attn2_projection,8,value,head_mean,0.18762005865573883
panda__lemon,panda__lemon,panda,lemon,attn2_projection,8,value,head_concat,0.1861933171749115
panda__lemon,panda__lemon,panda,lemon,attn2_projection,11,key,head_mean,0.8027343153953552
panda__lemon,panda__lemon,panda,lemon,attn2_projection,11,key,head_concat,0.9007824063301086
panda__lemon,panda__lemon,panda,lemon,attn2_projection,11,value,head_mean,0.09232752025127411
panda__lemon,panda__lemon,panda,lemon,attn2_projection,11,value,head_concat,0.0938778668642044
panda__lemon,panda__lemon,panda,lemon,attn2_projection,14,key,head_mean,0.8762394189834595
panda__lemon,panda__lemon,panda,lemon,attn2_projection,14,key,head_concat,0.9501456022262573
panda__lemon,panda__lemon,panda,lemon,attn2_projection,14,value,head_mean,0.04255739226937294
panda__lemon,panda__lemon,panda,lemon,attn2_projection,14,value,head_concat,0.03779369220137596
panda__lemon,panda__lemon,panda,lemon,attn2_projection,17,key,head_mean,0.9229923486709595
panda__lemon,panda__lemon,panda,lemon,attn2_projection,17,key,head_concat,0.9619226455688477
panda__lemon,panda__lemon,panda,lemon,attn2_projection,17,value,head_mean,0.0710090696811676
panda__lemon,panda__lemon,panda,lemon,attn2_projection,17,value,head_concat,0.06706938147544861
panda__lemon,panda__lemon,panda,lemon,attn2_projection,20,key,head_mean,0.9793753027915955
panda__lemon,panda__lemon,panda,lemon,attn2_projection,20,key,head_concat,0.9911505579948425
panda__lemon,panda__lemon,panda,lemon,attn2_projection,20,value,head_mean,0.10917047411203384
panda__lemon,panda__lemon,panda,lemon,attn2_projection,20,value,head_concat,0.09899603575468063
panda__lemon,panda__lemon,panda,lemon,attn2_projection,23,key,head_mean,0.9847792983055115
panda__lemon,panda__lemon,panda,lemon,attn2_projection,23,key,head_concat,0.9954251646995544
panda__lemon,panda__lemon,panda,lemon,attn2_projection,23,value,head_mean,0.19861434400081635
panda__lemon,panda__lemon,panda,lemon,attn2_projection,23,value,head_concat,0.1761099398136139
panda__pumpkin,panda__pumpkin,panda,pumpkin,t5_hidden,,hidden,subword_mean,0.15947039425373077
panda__pumpkin,panda__pumpkin,panda,pumpkin,caption_projection,,projected,subword_mean,0.3154098391532898
panda__pumpkin,panda__pumpkin,panda,pumpkin,attn2_projection,8,key,head_mean,0.819690465927124
panda__pumpkin,panda__pumpkin,panda,pumpkin,attn2_projection,8,key,head_concat,0.8855377435684204
panda__pumpkin,panda__pumpkin,panda,pumpkin,attn2_projection,8,value,head_mean,0.15455929934978485
panda__pumpkin,panda__pumpkin,panda,pumpkin,attn2_projection,8,value,head_concat,0.15640296041965485
panda__pumpkin,panda__pumpkin,panda,pumpkin,attn2_projection,11,key,head_mean,0.7892167568206787
panda__pumpkin,panda__pumpkin,panda,pumpkin,attn2_projection,11,key,head_concat,0.8856720328330994
panda__pumpkin,panda__pumpkin,panda,pumpkin,attn2_projection,11,value,head_mean,0.08152443170547485
panda__pumpkin,panda__pumpkin,panda,pumpkin,attn2_projection,11,value,head_concat,0.08376093953847885
panda__pumpkin,panda__pumpkin,panda,pumpkin,attn2_projection,14,key,head_mean,0.8642910122871399
panda__pumpkin,panda__pumpkin,panda,pumpkin,attn2_projection,14,key,head_concat,0.9466881155967712
panda__pumpkin,panda__pumpkin,panda,pumpkin,attn2_projection,14,value,head_mean,0.07761679589748383
panda__pumpkin,panda__pumpkin,panda,pumpkin,attn2_projection,14,value,head_concat,0.07814846932888031
panda__pumpkin,panda__pumpkin,panda,pumpkin,attn2_projection,17,key,head_mean,0.912752628326416
panda__pumpkin,panda__pumpkin,panda,pumpkin,attn2_projection,17,key,head_concat,0.9551443457603455
panda__pumpkin,panda__pumpkin,panda,pumpkin,attn2_projection,17,value,head_mean,0.029679417610168457
panda__pumpkin,panda__pumpkin,panda,pumpkin,attn2_projection,17,value,head_concat,0.03371940925717354
panda__pumpkin,panda__pumpkin,panda,pumpkin,attn2_projection,20,key,head_mean,0.9815925359725952
panda__pumpkin,panda__pumpkin,panda,pumpkin,attn2_projection,20,key,head_concat,0.9906161427497864
panda__pumpkin,panda__pumpkin,panda,pumpkin,attn2_projection,20,value,head_mean,0.13765791058540344
panda__pumpkin,panda__pumpkin,panda,pumpkin,attn2_projection,20,value,head_concat,0.1280657947063446
panda__pumpkin,panda__pumpkin,panda,pumpkin,attn2_projection,23,key,head_mean,0.9813587665557861
panda__pumpkin,panda__pumpkin,panda,pumpkin,attn2_projection,23,key,head_concat,0.9948202967643738
panda__pumpkin,panda__pumpkin,panda,pumpkin,attn2_projection,23,value,head_mean,0.12868422269821167
panda__pumpkin,panda__pumpkin,panda,pumpkin,attn2_projection,23,value,head_concat,0.07963624596595764
panda__turtle,panda__turtle,panda,turtle,t5_hidden,,hidden,subword_mean,0.3563920855522156
panda__turtle,panda__turtle,panda,turtle,caption_projection,,projected,subword_mean,0.36448347568511963
panda__turtle,panda__turtle,panda,turtle,attn2_projection,8,key,head_mean,0.8502604365348816
panda__turtle,panda__turtle,panda,turtle,attn2_projection,8,key,head_concat,0.9123294949531555
panda__turtle,panda__turtle,panda,turtle,attn2_projection,8,value,head_mean,0.3114275336265564
panda__turtle,panda__turtle,panda,turtle,attn2_projection,8,value,head_concat,0.3077252507209778
panda__turtle,panda__turtle,panda,turtle,attn2_projection,11,key,head_mean,0.814789891242981
panda__turtle,panda__turtle,panda,turtle,attn2_projection,11,key,head_concat,0.9095763564109802
panda__turtle,panda__turtle,panda,turtle,attn2_projection,11,value,head_mean,0.20129087567329407
panda__turtle,panda__turtle,panda,turtle,attn2_projection,11,value,head_concat,0.1868840903043747
panda__turtle,panda__turtle,panda,turtle,attn2_projection,14,key,head_mean,0.8852574825286865
panda__turtle,panda__turtle,panda,turtle,attn2_projection,14,key,head_concat,0.9558838605880737
panda__turtle,panda__turtle,panda,turtle,attn2_projection,14,value,head_mean,0.15525904297828674
panda__turtle,panda__turtle,panda,turtle,attn2_projection,14,value,head_concat,0.1404091715812683
panda__turtle,panda__turtle,panda,turtle,attn2_projection,17,key,head_mean,0.9206370711326599
panda__turtle,panda__turtle,panda,turtle,attn2_projection,17,key,head_concat,0.9599361419677734
panda__turtle,panda__turtle,panda,turtle,attn2_projection,17,value,head_mean,0.1322239190340042
panda__turtle,panda__turtle,panda,turtle,attn2_projection,17,value,head_concat,0.13121601939201355
panda__turtle,panda__turtle,panda,turtle,attn2_projection,20,key,head_mean,0.9853983521461487
panda__turtle,panda__turtle,panda,turtle,attn2_projection,20,key,head_concat,0.9923170804977417
panda__turtle,panda__turtle,panda,turtle,attn2_projection,20,value,head_mean,0.1842791736125946
panda__turtle,panda__turtle,panda,turtle,attn2_projection,20,value,head_concat,0.1791444569826126
panda__turtle,panda__turtle,panda,turtle,attn2_projection,23,key,head_mean,0.9869365096092224
panda__turtle,panda__turtle,panda,turtle,attn2_projection,23,key,head_concat,0.9959921836853027
panda__turtle,panda__turtle,panda,turtle,attn2_projection,23,value,head_mean,0.22266605496406555
panda__turtle,panda__turtle,panda,turtle,attn2_projection,23,value,head_concat,0.22158613801002502
panda__watermelon,panda__watermelon,panda,watermelon,t5_hidden,,hidden,subword_mean,0.3599584102630615
panda__watermelon,panda__watermelon,panda,watermelon,caption_projection,,projected,subword_mean,0.4224441647529602
panda__watermelon,panda__watermelon,panda,watermelon,attn2_projection,8,key,head_mean,0.8763112425804138
panda__watermelon,panda__watermelon,panda,watermelon,attn2_projection,8,key,head_concat,0.9255303740501404
panda__watermelon,panda__watermelon,panda,watermelon,attn2_projection,8,value,head_mean,0.2234286665916443
panda__watermelon,panda__watermelon,panda,watermelon,attn2_projection,8,value,head_concat,0.21901445090770721
panda__watermelon,panda__watermelon,panda,watermelon,attn2_projection,11,key,head_mean,0.839301586151123
panda__watermelon,panda__watermelon,panda,watermelon,attn2_projection,11,key,head_concat,0.9234012365341187
panda__watermelon,panda__watermelon,panda,watermelon,attn2_projection,11,value,head_mean,0.0743958130478859
panda__watermelon,panda__watermelon,panda,watermelon,attn2_projection,11,value,head_concat,0.07462440431118011
panda__watermelon,panda__watermelon,panda,watermelon,attn2_projection,14,key,head_mean,0.9034058451652527
panda__watermelon,panda__watermelon,panda,watermelon,attn2_projection,14,key,head_concat,0.9639093279838562
panda__watermelon,panda__watermelon,panda,watermelon,attn2_projection,14,value,head_mean,0.04790235683321953
panda__watermelon,panda__watermelon,panda,watermelon,attn2_projection,14,value,head_concat,0.04760829731822014
panda__watermelon,panda__watermelon,panda,watermelon,attn2_projection,17,key,head_mean,0.9452604651451111
panda__watermelon,panda__watermelon,panda,watermelon,attn2_projection,17,key,head_concat,0.9744381308555603
panda__watermelon,panda__watermelon,panda,watermelon,attn2_projection,17,value,head_mean,0.07839201390743256
panda__watermelon,panda__watermelon,panda,watermelon,attn2_projection,17,value,head_concat,0.081038698554039
panda__watermelon,panda__watermelon,panda,watermelon,attn2_projection,20,key,head_mean,0.9882745742797852
panda__watermelon,panda__watermelon,panda,watermelon,attn2_projection,20,key,head_concat,0.9944369792938232
panda__watermelon,panda__watermelon,panda,watermelon,attn2_projection,20,value,head_mean,0.15920595824718475
panda__watermelon,panda__watermelon,panda,watermelon,attn2_projection,20,value,head_concat,0.14189359545707703
panda__watermelon,panda__watermelon,panda,watermelon,attn2_projection,23,key,head_mean,0.9900423288345337
panda__watermelon,panda__watermelon,panda,watermelon,attn2_projection,23,key,head_concat,0.9969666600227356
panda__watermelon,panda__watermelon,panda,watermelon,attn2_projection,23,value,head_mean,0.29704010486602783
panda__watermelon,panda__watermelon,panda,watermelon,attn2_projection,23,value,head_concat,0.28162017464637756
peach__lemon,peach__lemon,peach,lemon,t5_hidden,,hidden,subword_mean,0.46192067861557007
peach__lemon,peach__lemon,peach,lemon,caption_projection,,projected,subword_mean,0.5521498918533325
peach__lemon,peach__lemon,peach,lemon,attn2_projection,8,key,head_mean,0.9264192581176758
peach__lemon,peach__lemon,peach,lemon,attn2_projection,8,key,head_concat,0.9532405734062195
peach__lemon,peach__lemon,peach,lemon,attn2_projection,8,value,head_mean,0.6302486062049866
peach__lemon,peach__lemon,peach,lemon,attn2_projection,8,value,head_concat,0.6303306221961975
peach__lemon,peach__lemon,peach,lemon,attn2_projection,11,key,head_mean,0.9104228019714355
peach__lemon,peach__lemon,peach,lemon,attn2_projection,11,key,head_concat,0.9556242227554321
peach__lemon,peach__lemon,peach,lemon,attn2_projection,11,value,head_mean,0.5646404027938843
peach__lemon,peach__lemon,peach,lemon,attn2_projection,11,value,head_concat,0.5800268650054932
peach__lemon,peach__lemon,peach,lemon,attn2_projection,14,key,head_mean,0.9441854953765869
peach__lemon,peach__lemon,peach,lemon,attn2_projection,14,key,head_concat,0.9784966707229614
peach__lemon,peach__lemon,peach,lemon,attn2_projection,14,value,head_mean,0.5294438004493713
peach__lemon,peach__lemon,peach,lemon,attn2_projection,14,value,head_concat,0.5249053835868835
peach__lemon,peach__lemon,peach,lemon,attn2_projection,17,key,head_mean,0.966079592704773
peach__lemon,peach__lemon,peach,lemon,attn2_projection,17,key,head_concat,0.9836527705192566
peach__lemon,peach__lemon,peach,lemon,attn2_projection,17,value,head_mean,0.5840107202529907
peach__lemon,peach__lemon,peach,lemon,attn2_projection,17,value,head_concat,0.5805315375328064
peach__lemon,peach__lemon,peach,lemon,attn2_projection,20,key,head_mean,0.9896224141120911
peach__lemon,peach__lemon,peach,lemon,attn2_projection,20,key,head_concat,0.9954746961593628
peach__lemon,peach__lemon,peach,lemon,attn2_projection,20,value,head_mean,0.5967122912406921
peach__lemon,peach__lemon,peach,lemon,attn2_projection,20,value,head_concat,0.5963253974914551
peach__lemon,peach__lemon,peach,lemon,attn2_projection,23,key,head_mean,0.991362452507019
peach__lemon,peach__lemon,peach,lemon,attn2_projection,23,key,head_concat,0.9973556995391846
peach__lemon,peach__lemon,peach,lemon,attn2_projection,23,value,head_mean,0.556168794631958
peach__lemon,peach__lemon,peach,lemon,attn2_projection,23,value,head_concat,0.5524116158485413
peach__pear,peach__pear,peach,pear,t5_hidden,,hidden,subword_mean,0.7804643511772156
peach__pear,peach__pear,peach,pear,caption_projection,,projected,subword_mean,0.8188987374305725
peach__pear,peach__pear,peach,pear,attn2_projection,8,key,head_mean,0.9751163721084595
peach__pear,peach__pear,peach,pear,attn2_projection,8,key,head_concat,0.985481858253479
peach__pear,peach__pear,peach,pear,attn2_projection,8,value,head_mean,0.8241620659828186
peach__pear,peach__pear,peach,pear,attn2_projection,8,value,head_concat,0.8227283954620361
peach__pear,peach__pear,peach,pear,attn2_projection,11,key,head_mean,0.9704806804656982
peach__pear,peach__pear,peach,pear,attn2_projection,11,key,head_concat,0.9855310320854187
peach__pear,peach__pear,peach,pear,attn2_projection,11,value,head_mean,0.823752224445343
peach__pear,peach__pear,peach,pear,attn2_projection,11,value,head_concat,0.8254629373550415
peach__pear,peach__pear,peach,pear,attn2_projection,14,key,head_mean,0.981627345085144
peach__pear,peach__pear,peach,pear,attn2_projection,14,key,head_concat,0.9930459856987
peach__pear,peach__pear,peach,pear,attn2_projection,14,value,head_mean,0.8285144567489624
peach__pear,peach__pear,peach,pear,attn2_projection,14,value,head_concat,0.8310922384262085
peach__pear,peach__pear,peach,pear,attn2_projection,17,key,head_mean,0.9882836937904358
peach__pear,peach__pear,peach,pear,attn2_projection,17,key,head_concat,0.9948500394821167
peach__pear,peach__pear,peach,pear,attn2_projection,17,value,head_mean,0.8337293267250061
peach__pear,peach__pear,peach,pear,attn2_projection,17,value,head_concat,0.8340082168579102
peach__pear,peach__pear,peach,pear,attn2_projection,20,key,head_mean,0.9968173503875732
peach__pear,peach__pear,peach,pear,attn2_projection,20,key,head_concat,0.9986432790756226
peach__pear,peach__pear,peach,pear,attn2_projection,20,value,head_mean,0.8488246202468872
peach__pear,peach__pear,peach,pear,attn2_projection,20,value,head_concat,0.8518487811088562
peach__pear,peach__pear,peach,pear,attn2_projection,23,key,head_mean,0.9971165060997009
peach__pear,peach__pear,peach,pear,attn2_projection,23,key,head_concat,0.9991140961647034
peach__pear,peach__pear,peach,pear,attn2_projection,23,value,head_mean,0.8218055367469788
peach__pear,peach__pear,peach,pear,attn2_projection,23,value,head_concat,0.8221485614776611
penguin__apple,penguin__apple,penguin,apple,t5_hidden,,hidden,subword_mean,0.2959800064563751
penguin__apple,penguin__apple,penguin,apple,caption_projection,,projected,subword_mean,0.3188677728176117
penguin__apple,penguin__apple,penguin,apple,attn2_projection,8,key,head_mean,0.8308793306350708
penguin__apple,penguin__apple,penguin,apple,attn2_projection,8,key,head_concat,0.8965169191360474
penguin__apple,penguin__apple,penguin,apple,attn2_projection,8,value,head_mean,0.15726760029792786
penguin__apple,penguin__apple,penguin,apple,attn2_projection,8,value,head_concat,0.15692654252052307
penguin__apple,penguin__apple,penguin,apple,attn2_projection,11,key,head_mean,0.8042111992835999
penguin__apple,penguin__apple,penguin,apple,attn2_projection,11,key,head_concat,0.8981218338012695
penguin__apple,penguin__apple,penguin,apple,attn2_projection,11,value,head_mean,0.10695789009332657
penguin__apple,penguin__apple,penguin,apple,attn2_projection,11,value,head_concat,0.10021296888589859
penguin__apple,penguin__apple,penguin,apple,attn2_projection,14,key,head_mean,0.8644959926605225
penguin__apple,penguin__apple,penguin,apple,attn2_projection,14,key,head_concat,0.9515275955200195
penguin__apple,penguin__apple,penguin,apple,attn2_projection,14,value,head_mean,0.027468856424093246
penguin__apple,penguin__apple,penguin,apple,attn2_projection,14,value,head_concat,0.03344181180000305
penguin__apple,penguin__apple,penguin,apple,attn2_projection,17,key,head_mean,0.9293372631072998
penguin__apple,penguin__apple,penguin,apple,attn2_projection,17,key,head_concat,0.9649929404258728
penguin__apple,penguin__apple,penguin,apple,attn2_projection,17,value,head_mean,0.05600304901599884
penguin__apple,penguin__apple,penguin,apple,attn2_projection,17,value,head_concat,0.057156726717948914
penguin__apple,penguin__apple,penguin,apple,attn2_projection,20,key,head_mean,0.9824550151824951
penguin__apple,penguin__apple,penguin,apple,attn2_projection,20,key,head_concat,0.9920579791069031
penguin__apple,penguin__apple,penguin,apple,attn2_projection,20,value,head_mean,0.19550257921218872
penguin__apple,penguin__apple,penguin,apple,attn2_projection,20,value,head_concat,0.18982604146003723
penguin__apple,penguin__apple,penguin,apple,attn2_projection,23,key,head_mean,0.9834299087524414
penguin__apple,penguin__apple,penguin,apple,attn2_projection,23,key,head_concat,0.9942140579223633
penguin__apple,penguin__apple,penguin,apple,attn2_projection,23,value,head_mean,0.1347717046737671
penguin__apple,penguin__apple,penguin,apple,attn2_projection,23,value,head_concat,0.10963279753923416
penguin__orange,penguin__orange,penguin,orange,t5_hidden,,hidden,subword_mean,0.3221503794193268
penguin__orange,penguin__orange,penguin,orange,caption_projection,,projected,subword_mean,0.38087210059165955
penguin__orange,penguin__orange,penguin,orange,attn2_projection,8,key,head_mean,0.8453717827796936
penguin__orange,penguin__orange,penguin,orange,attn2_projection,8,key,head_concat,0.9108729958534241
penguin__orange,penguin__orange,penguin,orange,attn2_projection,8,value,head_mean,0.22950570285320282
penguin__orange,penguin__orange,penguin,orange,attn2_projection,8,value,head_concat,0.2335927039384842
penguin__orange,penguin__orange,penguin,orange,attn2_projection,11,key,head_mean,0.8428139686584473
penguin__orange,penguin__orange,penguin,orange,attn2_projection,11,key,head_concat,0.9218435883522034
penguin__orange,penguin__orange,penguin,orange,attn2_projection,11,value,head_mean,0.16882015764713287
penguin__orange,penguin__orange,penguin,orange,attn2_projection,11,value,head_concat,0.16967681050300598
penguin__orange,penguin__orange,penguin,orange,attn2_projection,14,key,head_mean,0.8923386335372925
penguin__orange,penguin__orange,penguin,orange,attn2_projection,14,key,head_concat,0.9615801572799683
penguin__orange,penguin__orange,penguin,orange,attn2_projection,14,value,head_mean,0.1022828072309494
penguin__orange,penguin__orange,penguin,orange,attn2_projection,14,value,head_concat,0.10198879987001419
penguin__orange,penguin__orange,penguin,orange,attn2_projection,17,key,head_mean,0.9361510872840881
penguin__orange,penguin__orange,penguin,orange,attn2_projection,17,key,head_concat,0.9705606698989868
penguin__orange,penguin__orange,penguin,orange,attn2_projection,17,value,head_mean,0.09066861867904663
penguin__orange,penguin__orange,penguin,orange,attn2_projection,17,value,head_concat,0.09009190648794174
penguin__orange,penguin__orange,penguin,orange,attn2_projection,20,key,head_mean,0.9837757349014282
penguin__orange,penguin__orange,penguin,orange,attn2_projection,20,key,head_concat,0.9931835532188416
penguin__orange,penguin__orange,penguin,orange,attn2_projection,20,value,head_mean,0.23415705561637878
penguin__orange,penguin__orange,penguin,orange,attn2_projection,20,value,head_concat,0.23424752056598663
penguin__orange,penguin__orange,penguin,orange,attn2_projection,23,key,head_mean,0.9866518974304199
penguin__orange,penguin__orange,penguin,orange,attn2_projection,23,key,head_concat,0.9959613680839539
penguin__orange,penguin__orange,penguin,orange,attn2_projection,23,value,head_mean,0.19608230888843536
penguin__orange,penguin__orange,penguin,orange,attn2_projection,23,value,head_concat,0.17502373456954956
penguin__peach,penguin__peach,penguin,peach,t5_hidden,,hidden,subword_mean,0.43671154975891113
penguin__peach,penguin__peach,penguin,peach,caption_projection,,projected,subword_mean,0.4219089150428772
penguin__peach,penguin__peach,penguin,peach,attn2_projection,8,key,head_mean,0.8792756795883179
penguin__peach,penguin__peach,penguin,peach,attn2_projection,8,key,head_concat,0.9286282062530518
penguin__peach,penguin__peach,penguin,peach,attn2_projection,8,value,head_mean,0.252815306186676
penguin__peach,penguin__peach,penguin,peach,attn2_projection,8,value,head_concat,0.2532790005207062
penguin__peach,penguin__peach,penguin,peach,attn2_projection,11,key,head_mean,0.8517038822174072
penguin__peach,penguin__peach,penguin,peach,attn2_projection,11,key,head_concat,0.9297934174537659
penguin__peach,penguin__peach,penguin,peach,attn2_projection,11,value,head_mean,0.17925013601779938
penguin__peach,penguin__peach,penguin,peach,attn2_projection,11,value,head_concat,0.17172576487064362
penguin__peach,penguin__peach,penguin,peach,attn2_projection,14,key,head_mean,0.9011610150337219
penguin__peach,penguin__peach,penguin,peach,attn2_projection,14,key,head_concat,0.9645155668258667
penguin__peach,penguin__peach,penguin,peach,attn2_projection,14,value,head_mean,0.138614684343338
penguin__peach,penguin__peach,penguin,peach,attn2_projection,14,value,head_concat,0.14424416422843933
penguin__peach,penguin__peach,penguin,peach,attn2_projection,17,key,head_mean,0.9438899159431458
penguin__peach,penguin__peach,penguin,peach,attn2_projection,17,key,head_concat,0.9742913842201233
penguin__peach,penguin__peach,penguin,peach,attn2_projection,17,value,head_mean,0.12373846769332886
penguin__peach,penguin__peach,penguin,peach,attn2_projection,17,value,head_concat,0.12250963598489761
penguin__peach,penguin__peach,penguin,peach,attn2_projection,20,key,head_mean,0.9874324202537537
penguin__peach,penguin__peach,penguin,peach,attn2_projection,20,key,head_concat,0.9941624999046326
penguin__peach,penguin__peach,penguin,peach,attn2_projection,20,value,head_mean,0.27573850750923157
penguin__peach,penguin__peach,penguin,peach,attn2_projection,20,value,head_concat,0.2783548831939697
penguin__peach,penguin__peach,penguin,peach,attn2_projection,23,key,head_mean,0.9891459941864014
penguin__peach,penguin__peach,penguin,peach,attn2_projection,23,key,head_concat,0.9967565536499023
penguin__peach,penguin__peach,penguin,peach,attn2_projection,23,value,head_mean,0.24891626834869385
penguin__peach,penguin__peach,penguin,peach,attn2_projection,23,value,head_concat,0.2269962877035141
penguin__pepper,penguin__pepper,penguin,pepper,t5_hidden,,hidden,subword_mean,0.27349045872688293
penguin__pepper,penguin__pepper,penguin,pepper,caption_projection,,projected,subword_mean,0.34973040223121643
penguin__pepper,penguin__pepper,penguin,pepper,attn2_projection,8,key,head_mean,0.8565762042999268
penguin__pepper,penguin__pepper,penguin,pepper,attn2_projection,8,key,head_concat,0.9136237502098083
penguin__pepper,penguin__pepper,penguin,pepper,attn2_projection,8,value,head_mean,0.22938093543052673
penguin__pepper,penguin__pepper,penguin,pepper,attn2_projection,8,value,head_concat,0.2282833755016327
penguin__pepper,penguin__pepper,penguin,pepper,attn2_projection,11,key,head_mean,0.8247581720352173
penguin__pepper,penguin__pepper,penguin,pepper,attn2_projection,11,key,head_concat,0.9145928621292114
penguin__pepper,penguin__pepper,penguin,pepper,attn2_projection,11,value,head_mean,0.15967220067977905
penguin__pepper,penguin__pepper,penguin,pepper,attn2_projection,11,value,head_concat,0.16303841769695282
penguin__pepper,penguin__pepper,penguin,pepper,attn2_projection,14,key,head_mean,0.8830195665359497
penguin__pepper,penguin__pepper,penguin,pepper,attn2_projection,14,key,head_concat,0.9563329815864563
penguin__pepper,penguin__pepper,penguin,pepper,attn2_projection,14,value,head_mean,0.1620730310678482
penguin__pepper,penguin__pepper,penguin,pepper,attn2_projection,14,value,head_concat,0.1559164971113205
penguin__pepper,penguin__pepper,penguin,pepper,attn2_projection,17,key,head_mean,0.9355671405792236
penguin__pepper,penguin__pepper,penguin,pepper,attn2_projection,17,key,head_concat,0.9700806736946106
penguin__pepper,penguin__pepper,penguin,pepper,attn2_projection,17,value,head_mean,0.14592646062374115
penguin__pepper,penguin__pepper,penguin,pepper,attn2_projection,17,value,head_concat,0.13970068097114563
penguin__pepper,penguin__pepper,penguin,pepper,attn2_projection,20,key,head_mean,0.9843534231185913
penguin__pepper,penguin__pepper,penguin,pepper,attn2_projection,20,key,head_concat,0.9926815032958984
penguin__pepper,penguin__pepper,penguin,pepper,attn2_projection,20,value,head_mean,0.25497007369995117
penguin__pepper,penguin__pepper,penguin,pepper,attn2_projection,20,value,head_concat,0.2569030225276947
penguin__pepper,penguin__pepper,penguin,pepper,attn2_projection,23,key,head_mean,0.986583948135376
penguin__pepper,penguin__pepper,penguin,pepper,attn2_projection,23,key,head_concat,0.9956470727920532
penguin__pepper,penguin__pepper,penguin,pepper,attn2_projection,23,value,head_mean,0.2381557673215866
penguin__pepper,penguin__pepper,penguin,pepper,attn2_projection,23,value,head_concat,0.20390060544013977
penguin__pumpkin,penguin__pumpkin,penguin,pumpkin,t5_hidden,,hidden,subword_mean,0.24691587686538696
penguin__pumpkin,penguin__pumpkin,penguin,pumpkin,caption_projection,,projected,subword_mean,0.2728458642959595
penguin__pumpkin,penguin__pumpkin,penguin,pumpkin,attn2_projection,8,key,head_mean,0.8146278262138367
penguin__pumpkin,penguin__pumpkin,penguin,pumpkin,attn2_projection,8,key,head_concat,0.8815338015556335
penguin__pumpkin,penguin__pumpkin,penguin,pumpkin,attn2_projection,8,value,head_mean,0.14594146609306335
penguin__pumpkin,penguin__pumpkin,penguin,pumpkin,attn2_projection,8,value,head_concat,0.1534329205751419
penguin__pumpkin,penguin__pumpkin,penguin,pumpkin,attn2_projection,11,key,head_mean,0.7840998768806458
penguin__pumpkin,penguin__pumpkin,penguin,pumpkin,attn2_projection,11,key,head_concat,0.8850740194320679
penguin__pumpkin,penguin__pumpkin,penguin,pumpkin,attn2_projection,11,value,head_mean,0.08861009031534195
penguin__pumpkin,penguin__pumpkin,penguin,pumpkin,attn2_projection,11,value,head_concat,0.09274149686098099
penguin__pumpkin,penguin__pumpkin,penguin,pumpkin,attn2_projection,14,key,head_mean,0.8478301763534546
penguin__pumpkin,penguin__pumpkin,penguin,pumpkin,attn2_projection,14,key,head_concat,0.9430587291717529
penguin__pumpkin,penguin__pumpkin,penguin,pumpkin,attn2_projection,14,value,head_mean,0.10128822177648544
penguin__pumpkin,penguin__pumpkin,penguin,pumpkin,attn2_projection,14,value,head_concat,0.08814959228038788
penguin__pumpkin,penguin__pumpkin,penguin,pumpkin,attn2_projection,17,key,head_mean,0.9108443856239319
penguin__pumpkin,penguin__pumpkin,penguin,pumpkin,attn2_projection,17,key,head_concat,0.9561155438423157
penguin__pumpkin,penguin__pumpkin,penguin,pumpkin,attn2_projection,17,value,head_mean,0.03477529436349869
penguin__pumpkin,penguin__pumpkin,penguin,pumpkin,attn2_projection,17,value,head_concat,0.04158831015229225
penguin__pumpkin,penguin__pumpkin,penguin,pumpkin,attn2_projection,20,key,head_mean,0.980717658996582
penguin__pumpkin,penguin__pumpkin,penguin,pumpkin,attn2_projection,20,key,head_concat,0.9902858138084412
penguin__pumpkin,penguin__pumpkin,penguin,pumpkin,attn2_projection,20,value,head_mean,0.13019923865795135
penguin__pumpkin,penguin__pumpkin,penguin,pumpkin,attn2_projection,20,value,head_concat,0.1299801617860794
penguin__pumpkin,penguin__pumpkin,penguin,pumpkin,attn2_projection,23,key,head_mean,0.9813176989555359
penguin__pumpkin,penguin__pumpkin,penguin,pumpkin,attn2_projection,23,key,head_concat,0.9945567846298218
penguin__pumpkin,penguin__pumpkin,penguin,pumpkin,attn2_projection,23,value,head_mean,0.07259177416563034
penguin__pumpkin,penguin__pumpkin,penguin,pumpkin,attn2_projection,23,value,head_concat,0.0427723154425621
strawberry__pumpkin,strawberry__pumpkin,strawberry,pumpkin,t5_hidden,,hidden,subword_mean,0.3719135522842407
strawberry__pumpkin,strawberry__pumpkin,strawberry,pumpkin,caption_projection,,projected,subword_mean,0.321719229221344
strawberry__pumpkin,strawberry__pumpkin,strawberry,pumpkin,attn2_projection,8,key,head_mean,0.8616616725921631
strawberry__pumpkin,strawberry__pumpkin,strawberry,pumpkin,attn2_projection,8,key,head_concat,0.9119188785552979
strawberry__pumpkin,strawberry__pumpkin,strawberry,pumpkin,attn2_projection,8,value,head_mean,0.3314749300479889
strawberry__pumpkin,strawberry__pumpkin,strawberry,pumpkin,attn2_projection,8,value,head_concat,0.3294898569583893
strawberry__pumpkin,strawberry__pumpkin,strawberry,pumpkin,attn2_projection,11,key,head_mean,0.8201562762260437
strawberry__pumpkin,strawberry__pumpkin,strawberry,pumpkin,attn2_projection,11,key,head_concat,0.8974877595901489
strawberry__pumpkin,strawberry__pumpkin,strawberry,pumpkin,attn2_projection,11,value,head_mean,0.2970348596572876
strawberry__pumpkin,strawberry__pumpkin,strawberry,pumpkin,attn2_projection,11,value,head_concat,0.29367542266845703
strawberry__pumpkin,strawberry__pumpkin,strawberry,pumpkin,attn2_projection,14,key,head_mean,0.8613004088401794
strawberry__pumpkin,strawberry__pumpkin,strawberry,pumpkin,attn2_projection,14,key,head_concat,0.9419089555740356
strawberry__pumpkin,strawberry__pumpkin,strawberry,pumpkin,attn2_projection,14,value,head_mean,0.213049978017807
strawberry__pumpkin,strawberry__pumpkin,strawberry,pumpkin,attn2_projection,14,value,head_concat,0.20875968039035797
strawberry__pumpkin,strawberry__pumpkin,strawberry,pumpkin,attn2_projection,17,key,head_mean,0.9242722392082214
strawberry__pumpkin,strawberry__pumpkin,strawberry,pumpkin,attn2_projection,17,key,head_concat,0.9592326879501343
strawberry__pumpkin,strawberry__pumpkin,strawberry,pumpkin,attn2_projection,17,value,head_mean,0.24837014079093933
strawberry__pumpkin,strawberry__pumpkin,strawberry,pumpkin,attn2_projection,17,value,head_concat,0.23966488242149353
strawberry__pumpkin,strawberry__pumpkin,strawberry,pumpkin,attn2_projection,20,key,head_mean,0.9794251322746277
strawberry__pumpkin,strawberry__pumpkin,strawberry,pumpkin,attn2_projection,20,key,head_concat,0.9899196624755859
strawberry__pumpkin,strawberry__pumpkin,strawberry,pumpkin,attn2_projection,20,value,head_mean,0.3271152973175049
strawberry__pumpkin,strawberry__pumpkin,strawberry,pumpkin,attn2_projection,20,value,head_concat,0.3228667974472046
strawberry__pumpkin,strawberry__pumpkin,strawberry,pumpkin,attn2_projection,23,key,head_mean,0.9816493988037109
strawberry__pumpkin,strawberry__pumpkin,strawberry,pumpkin,attn2_projection,23,key,head_concat,0.9943838715553284
strawberry__pumpkin,strawberry__pumpkin,strawberry,pumpkin,attn2_projection,23,value,head_mean,0.2948114573955536
strawberry__pumpkin,strawberry__pumpkin,strawberry,pumpkin,attn2_projection,23,value,head_concat,0.2892163395881653
strawberry__watermelon,strawberry__watermelon,strawberry,watermelon,t5_hidden,,hidden,subword_mean,0.5170159339904785
strawberry__watermelon,strawberry__watermelon,strawberry,watermelon,caption_projection,,projected,subword_mean,0.46784642338752747
strawberry__watermelon,strawberry__watermelon,strawberry,watermelon,attn2_projection,8,key,head_mean,0.9082023501396179
strawberry__watermelon,strawberry__watermelon,strawberry,watermelon,attn2_projection,8,key,head_concat,0.946956217288971
strawberry__watermelon,strawberry__watermelon,strawberry,watermelon,attn2_projection,8,value,head_mean,0.5065830945968628
strawberry__watermelon,strawberry__watermelon,strawberry,watermelon,attn2_projection,8,value,head_concat,0.5073837637901306
strawberry__watermelon,strawberry__watermelon,strawberry,watermelon,attn2_projection,11,key,head_mean,0.8800108432769775
strawberry__watermelon,strawberry__watermelon,strawberry,watermelon,attn2_projection,11,key,head_concat,0.936805248260498
strawberry__watermelon,strawberry__watermelon,strawberry,watermelon,attn2_projection,11,value,head_mean,0.43732908368110657
strawberry__watermelon,strawberry__watermelon,strawberry,watermelon,attn2_projection,11,value,head_concat,0.43808162212371826
strawberry__watermelon,strawberry__watermelon,strawberry,watermelon,attn2_projection,14,key,head_mean,0.920012891292572
strawberry__watermelon,strawberry__watermelon,strawberry,watermelon,attn2_projection,14,key,head_concat,0.9681041240692139
strawberry__watermelon,strawberry__watermelon,strawberry,watermelon,attn2_projection,14,value,head_mean,0.362199991941452
strawberry__watermelon,strawberry__watermelon,strawberry,watermelon,attn2_projection,14,value,head_concat,0.35578155517578125
strawberry__watermelon,strawberry__watermelon,strawberry,watermelon,attn2_projection,17,key,head_mean,0.9529208540916443
strawberry__watermelon,strawberry__watermelon,strawberry,watermelon,attn2_projection,17,key,head_concat,0.9769477844238281
strawberry__watermelon,strawberry__watermelon,strawberry,watermelon,attn2_projection,17,value,head_mean,0.42770037055015564
strawberry__watermelon,strawberry__watermelon,strawberry,watermelon,attn2_projection,17,value,head_concat,0.41971853375434875
strawberry__watermelon,strawberry__watermelon,strawberry,watermelon,attn2_projection,20,key,head_mean,0.9872434139251709
strawberry__watermelon,strawberry__watermelon,strawberry,watermelon,attn2_projection,20,key,head_concat,0.993920087814331
strawberry__watermelon,strawberry__watermelon,strawberry,watermelon,attn2_projection,20,value,head_mean,0.49606189131736755
strawberry__watermelon,strawberry__watermelon,strawberry,watermelon,attn2_projection,20,value,head_concat,0.5013441443443298
strawberry__watermelon,strawberry__watermelon,strawberry,watermelon,attn2_projection,23,key,head_mean,0.990384042263031
strawberry__watermelon,strawberry__watermelon,strawberry,watermelon,attn2_projection,23,key,head_concat,0.996655285358429
strawberry__watermelon,strawberry__watermelon,strawberry,watermelon,attn2_projection,23,value,head_mean,0.4573438763618469
strawberry__watermelon,strawberry__watermelon,strawberry,watermelon,attn2_projection,23,value,head_concat,0.45993587374687195
tiger__apple,tiger__apple,tiger,apple,t5_hidden,,hidden,subword_mean,0.22749245166778564
tiger__apple,tiger__apple,tiger,apple,caption_projection,,projected,subword_mean,0.32243412733078003
tiger__apple,tiger__apple,tiger,apple,attn2_projection,8,key,head_mean,0.8206530809402466
tiger__apple,tiger__apple,tiger,apple,attn2_projection,8,key,head_concat,0.8939566016197205
tiger__apple,tiger__apple,tiger,apple,attn2_projection,8,value,head_mean,0.05848570168018341
tiger__apple,tiger__apple,tiger,apple,attn2_projection,8,value,head_concat,0.05860214680433273
tiger__apple,tiger__apple,tiger,apple,attn2_projection,11,key,head_mean,0.8036317825317383
tiger__apple,tiger__apple,tiger,apple,attn2_projection,11,key,head_concat,0.8973064422607422
tiger__apple,tiger__apple,tiger,apple,attn2_projection,11,value,head_mean,0.05930066853761673
tiger__apple,tiger__apple,tiger,apple,attn2_projection,11,value,head_concat,0.05436477065086365
tiger__apple,tiger__apple,tiger,apple,attn2_projection,14,key,head_mean,0.8670717477798462
tiger__apple,tiger__apple,tiger,apple,attn2_projection,14,key,head_concat,0.9534441828727722
tiger__apple,tiger__apple,tiger,apple,attn2_projection,14,value,head_mean,-0.03158274292945862
tiger__apple,tiger__apple,tiger,apple,attn2_projection,14,value,head_concat,-0.027628611773252487
tiger__apple,tiger__apple,tiger,apple,attn2_projection,17,key,head_mean,0.9260818958282471
tiger__apple,tiger__apple,tiger,apple,attn2_projection,17,key,head_concat,0.9634391069412231
tiger__apple,tiger__apple,tiger,apple,attn2_projection,17,value,head_mean,-0.010205063037574291
tiger__apple,tiger__apple,tiger,apple,attn2_projection,17,value,head_concat,-0.009742976166307926
tiger__apple,tiger__apple,tiger,apple,attn2_projection,20,key,head_mean,0.982023298740387
tiger__apple,tiger__apple,tiger,apple,attn2_projection,20,key,head_concat,0.9918103218078613
tiger__apple,tiger__apple,tiger,apple,attn2_projection,20,value,head_mean,0.03663744032382965
tiger__apple,tiger__apple,tiger,apple,attn2_projection,20,value,head_concat,0.03238625451922417
tiger__apple,tiger__apple,tiger,apple,attn2_projection,23,key,head_mean,0.9817966222763062
tiger__apple,tiger__apple,tiger,apple,attn2_projection,23,key,head_concat,0.9935541152954102
tiger__apple,tiger__apple,tiger,apple,attn2_projection,23,value,head_mean,0.1307774782180786
tiger__apple,tiger__apple,tiger,apple,attn2_projection,23,value,head_concat,0.12203671038150787
tiger__dog,tiger__dog,tiger,dog,t5_hidden,,hidden,subword_mean,0.4091075658798218
tiger__dog,tiger__dog,tiger,dog,caption_projection,,projected,subword_mean,0.5108911991119385
tiger__dog,tiger__dog,tiger,dog,attn2_projection,8,key,head_mean,0.8687839508056641
tiger__dog,tiger__dog,tiger,dog,attn2_projection,8,key,head_concat,0.9225128889083862
tiger__dog,tiger__dog,tiger,dog,attn2_projection,8,value,head_mean,0.34923115372657776
tiger__dog,tiger__dog,tiger,dog,attn2_projection,8,value,head_concat,0.35154199600219727
tiger__dog,tiger__dog,tiger,dog,attn2_projection,11,key,head_mean,0.8744676113128662
tiger__dog,tiger__dog,tiger,dog,attn2_projection,11,key,head_concat,0.9330703616142273
tiger__dog,tiger__dog,tiger,dog,attn2_projection,11,value,head_mean,0.3473849296569824
tiger__dog,tiger__dog,tiger,dog,attn2_projection,11,value,head_concat,0.3397507965564728
tiger__dog,tiger__dog,tiger,dog,attn2_projection,14,key,head_mean,0.9092509746551514
tiger__dog,tiger__dog,tiger,dog,attn2_projection,14,key,head_concat,0.9652948975563049
tiger__dog,tiger__dog,tiger,dog,attn2_projection,14,value,head_mean,0.21042250096797943
tiger__dog,tiger__dog,tiger,dog,attn2_projection,14,value,head_concat,0.21147306263446808
tiger__dog,tiger__dog,tiger,dog,attn2_projection,17,key,head_mean,0.9267284870147705
tiger__dog,tiger__dog,tiger,dog,attn2_projection,17,key,head_concat,0.9684752821922302
tiger__dog,tiger__dog,tiger,dog,attn2_projection,17,value,head_mean,0.162794291973114
tiger__dog,tiger__dog,tiger,dog,attn2_projection,17,value,head_concat,0.16275401413440704
tiger__dog,tiger__dog,tiger,dog,attn2_projection,20,key,head_mean,0.9853435158729553
tiger__dog,tiger__dog,tiger,dog,attn2_projection,20,key,head_concat,0.9934130907058716
tiger__dog,tiger__dog,tiger,dog,attn2_projection,20,value,head_mean,0.27087268233299255
tiger__dog,tiger__dog,tiger,dog,attn2_projection,20,value,head_concat,0.26723477244377136
tiger__dog,tiger__dog,tiger,dog,attn2_projection,23,key,head_mean,0.9888060688972473
tiger__dog,tiger__dog,tiger,dog,attn2_projection,23,key,head_concat,0.9966210722923279
tiger__dog,tiger__dog,tiger,dog,attn2_projection,23,value,head_mean,0.3363431692123413
tiger__dog,tiger__dog,tiger,dog,attn2_projection,23,value,head_concat,0.3218485116958618
tiger__frog,tiger__frog,tiger,frog,t5_hidden,,hidden,subword_mean,0.605027437210083
tiger__frog,tiger__frog,tiger,frog,caption_projection,,projected,subword_mean,0.6975835561752319
tiger__frog,tiger__frog,tiger,frog,attn2_projection,8,key,head_mean,0.9407567381858826
tiger__frog,tiger__frog,tiger,frog,attn2_projection,8,key,head_concat,0.9701842069625854
tiger__frog,tiger__frog,tiger,frog,attn2_projection,8,value,head_mean,0.46076539158821106
tiger__frog,tiger__frog,tiger,frog,attn2_projection,8,value,head_concat,0.4610905051231384
tiger__frog,tiger__frog,tiger,frog,attn2_projection,11,key,head_mean,0.9501945376396179
tiger__frog,tiger__frog,tiger,frog,attn2_projection,11,key,head_concat,0.9778252840042114
tiger__frog,tiger__frog,tiger,frog,attn2_projection,11,value,head_mean,0.40939080715179443
tiger__frog,tiger__frog,tiger,frog,attn2_projection,11,value,head_concat,0.40441155433654785
tiger__frog,tiger__frog,tiger,frog,attn2_projection,14,key,head_mean,0.9604388475418091
tiger__frog,tiger__frog,tiger,frog,attn2_projection,14,key,head_concat,0.9875887036323547
tiger__frog,tiger__frog,tiger,frog,attn2_projection,14,value,head_mean,0.30441519618034363
tiger__frog,tiger__frog,tiger,frog,attn2_projection,14,value,head_concat,0.2973567247390747
tiger__frog,tiger__frog,tiger,frog,attn2_projection,17,key,head_mean,0.9729989171028137
tiger__frog,tiger__frog,tiger,frog,attn2_projection,17,key,head_concat,0.9880325198173523
tiger__frog,tiger__frog,tiger,frog,attn2_projection,17,value,head_mean,0.3223119378089905
tiger__frog,tiger__frog,tiger,frog,attn2_projection,17,value,head_concat,0.3126930296421051
tiger__frog,tiger__frog,tiger,frog,attn2_projection,20,key,head_mean,0.9943269491195679
tiger__frog,tiger__frog,tiger,frog,attn2_projection,20,key,head_concat,0.9974807500839233
tiger__frog,tiger__frog,tiger,frog,attn2_projection,20,value,head_mean,0.43665310740470886
tiger__frog,tiger__frog,tiger,frog,attn2_projection,20,value,head_concat,0.43756774067878723
tiger__frog,tiger__frog,tiger,frog,attn2_projection,23,key,head_mean,0.9959263205528259
tiger__frog,tiger__frog,tiger,frog,attn2_projection,23,key,head_concat,0.9987089037895203
tiger__frog,tiger__frog,tiger,frog,attn2_projection,23,value,head_mean,0.602520227432251
tiger__frog,tiger__frog,tiger,frog,attn2_projection,23,value,head_concat,0.604769766330719
tiger__leopard,tiger__leopard,tiger,leopard,t5_hidden,,hidden,subword_mean,0.5989462733268738
tiger__leopard,tiger__leopard,tiger,leopard,caption_projection,,projected,subword_mean,0.6105314493179321
tiger__leopard,tiger__leopard,tiger,leopard,attn2_projection,8,key,head_mean,0.9212021827697754
tiger__leopard,tiger__leopard,tiger,leopard,attn2_projection,8,key,head_concat,0.9570366740226746
tiger__leopard,tiger__leopard,tiger,leopard,attn2_projection,8,value,head_mean,0.6217648386955261
tiger__leopard,tiger__leopard,tiger,leopard,attn2_projection,8,value,head_concat,0.6245525479316711
tiger__leopard,tiger__leopard,tiger,leopard,attn2_projection,11,key,head_mean,0.9223431348800659
tiger__leopard,tiger__leopard,tiger,leopard,attn2_projection,11,key,head_concat,0.965807318687439
tiger__leopard,tiger__leopard,tiger,leopard,attn2_projection,11,value,head_mean,0.6212541460990906
tiger__leopard,tiger__leopard,tiger,leopard,attn2_projection,11,value,head_concat,0.6196332573890686
tiger__leopard,tiger__leopard,tiger,leopard,attn2_projection,14,key,head_mean,0.9506303071975708
tiger__leopard,tiger__leopard,tiger,leopard,attn2_projection,14,key,head_concat,0.9841747283935547
tiger__leopard,tiger__leopard,tiger,leopard,attn2_projection,14,value,head_mean,0.5905715227127075
tiger__leopard,tiger__leopard,tiger,leopard,attn2_projection,14,value,head_concat,0.5907045602798462
tiger__leopard,tiger__leopard,tiger,leopard,attn2_projection,17,key,head_mean,0.9654614925384521
tiger__leopard,tiger__leopard,tiger,leopard,attn2_projection,17,key,head_concat,0.9841293096542358
tiger__leopard,tiger__leopard,tiger,leopard,attn2_projection,17,value,head_mean,0.5523913502693176
tiger__leopard,tiger__leopard,tiger,leopard,attn2_projection,17,value,head_concat,0.5508974194526672
tiger__leopard,tiger__leopard,tiger,leopard,attn2_projection,20,key,head_mean,0.9942124485969543
tiger__leopard,tiger__leopard,tiger,leopard,attn2_projection,20,key,head_concat,0.9973540902137756
tiger__leopard,tiger__leopard,tiger,leopard,attn2_projection,20,value,head_mean,0.6527334451675415
tiger__leopard,tiger__leopard,tiger,leopard,attn2_projection,20,value,head_concat,0.6568059921264648
tiger__leopard,tiger__leopard,tiger,leopard,attn2_projection,23,key,head_mean,0.9935828447341919
tiger__leopard,tiger__leopard,tiger,leopard,attn2_projection,23,key,head_concat,0.9979918599128723
tiger__leopard,tiger__leopard,tiger,leopard,attn2_projection,23,value,head_mean,0.6056385636329651
tiger__leopard,tiger__leopard,tiger,leopard,attn2_projection,23,value,head_concat,0.592162013053894
tiger__panda,tiger__panda,tiger,panda,t5_hidden,,hidden,subword_mean,0.5253455638885498
tiger__panda,tiger__panda,tiger,panda,caption_projection,,projected,subword_mean,0.5965153574943542
tiger__panda,tiger__panda,tiger,panda,attn2_projection,8,key,head_mean,0.9230384230613708
tiger__panda,tiger__panda,tiger,panda,attn2_projection,8,key,head_concat,0.957167387008667
tiger__panda,tiger__panda,tiger,panda,attn2_projection,8,value,head_mean,0.5070467591285706
tiger__panda,tiger__panda,tiger,panda,attn2_projection,8,value,head_concat,0.5125851631164551
tiger__panda,tiger__panda,tiger,panda,attn2_projection,11,key,head_mean,0.9145798683166504
tiger__panda,tiger__panda,tiger,panda,attn2_projection,11,key,head_concat,0.9625271558761597
tiger__panda,tiger__panda,tiger,panda,attn2_projection,11,value,head_mean,0.3945073187351227
tiger__panda,tiger__panda,tiger,panda,attn2_projection,11,value,head_concat,0.39725539088249207
tiger__panda,tiger__panda,tiger,panda,attn2_projection,14,key,head_mean,0.9394402503967285
tiger__panda,tiger__panda,tiger,panda,attn2_projection,14,key,head_concat,0.9793511629104614
tiger__panda,tiger__panda,tiger,panda,attn2_projection,14,value,head_mean,0.32084107398986816
tiger__panda,tiger__panda,tiger,panda,attn2_projection,14,value,head_concat,0.3143906593322754
tiger__panda,tiger__panda,tiger,panda,attn2_projection,17,key,head_mean,0.9605016708374023
tiger__panda,tiger__panda,tiger,panda,attn2_projection,17,key,head_concat,0.9813406467437744
tiger__panda,tiger__panda,tiger,panda,attn2_projection,17,value,head_mean,0.23825183510780334
tiger__panda,tiger__panda,tiger,panda,attn2_projection,17,value,head_concat,0.23709852993488312
tiger__panda,tiger__panda,tiger,panda,attn2_projection,20,key,head_mean,0.9925072193145752
tiger__panda,tiger__panda,tiger,panda,attn2_projection,20,key,head_concat,0.9967465400695801
tiger__panda,tiger__panda,tiger,panda,attn2_projection,20,value,head_mean,0.43913835287094116
tiger__panda,tiger__panda,tiger,panda,attn2_projection,20,value,head_concat,0.4349149167537689
tiger__panda,tiger__panda,tiger,panda,attn2_projection,23,key,head_mean,0.9937143921852112
tiger__panda,tiger__panda,tiger,panda,attn2_projection,23,key,head_concat,0.9979912042617798
tiger__panda,tiger__panda,tiger,panda,attn2_projection,23,value,head_mean,0.46189945936203003
tiger__panda,tiger__panda,tiger,panda,attn2_projection,23,value,head_concat,0.4494689702987671
tiger__penguin,tiger__penguin,tiger,penguin,t5_hidden,,hidden,subword_mean,0.5274991989135742
tiger__penguin,tiger__penguin,tiger,penguin,caption_projection,,projected,subword_mean,0.513534665107727
tiger__penguin,tiger__penguin,tiger,penguin,attn2_projection,8,key,head_mean,0.8933268785476685
tiger__penguin,tiger__penguin,tiger,penguin,attn2_projection,8,key,head_concat,0.9438846707344055
tiger__penguin,tiger__penguin,tiger,penguin,attn2_projection,8,value,head_mean,0.33464691042900085
tiger__penguin,tiger__penguin,tiger,penguin,attn2_projection,8,value,head_concat,0.3375541865825653
tiger__penguin,tiger__penguin,tiger,penguin,attn2_projection,11,key,head_mean,0.8854227066040039
tiger__penguin,tiger__penguin,tiger,penguin,attn2_projection,11,key,head_concat,0.9520362615585327
tiger__penguin,tiger__penguin,tiger,penguin,attn2_projection,11,value,head_mean,0.2468438744544983
tiger__penguin,tiger__penguin,tiger,penguin,attn2_projection,11,value,head_concat,0.2458808571100235
tiger__penguin,tiger__penguin,tiger,penguin,attn2_projection,14,key,head_mean,0.9182297587394714
tiger__penguin,tiger__penguin,tiger,penguin,attn2_projection,14,key,head_concat,0.9740035533905029
tiger__penguin,tiger__penguin,tiger,penguin,attn2_projection,14,value,head_mean,0.23806041479110718
tiger__penguin,tiger__penguin,tiger,penguin,attn2_projection,14,value,head_concat,0.23372532427310944
tiger__penguin,tiger__penguin,tiger,penguin,attn2_projection,17,key,head_mean,0.9570874571800232
tiger__penguin,tiger__penguin,tiger,penguin,attn2_projection,17,key,head_concat,0.980202853679657
tiger__penguin,tiger__penguin,tiger,penguin,attn2_projection,17,value,head_mean,0.16091598570346832
tiger__penguin,tiger__penguin,tiger,penguin,attn2_projection,17,value,head_concat,0.16055625677108765
tiger__penguin,tiger__penguin,tiger,penguin,attn2_projection,20,key,head_mean,0.9910537004470825
tiger__penguin,tiger__penguin,tiger,penguin,attn2_projection,20,key,head_concat,0.9959471821784973
tiger__penguin,tiger__penguin,tiger,penguin,attn2_projection,20,value,head_mean,0.3139488101005554
tiger__penguin,tiger__penguin,tiger,penguin,attn2_projection,20,value,head_concat,0.315502405166626
tiger__penguin,tiger__penguin,tiger,penguin,attn2_projection,23,key,head_mean,0.9931080341339111
tiger__penguin,tiger__penguin,tiger,penguin,attn2_projection,23,key,head_concat,0.9977399110794067
tiger__penguin,tiger__penguin,tiger,penguin,attn2_projection,23,value,head_mean,0.3947383761405945
tiger__penguin,tiger__penguin,tiger,penguin,attn2_projection,23,value,head_concat,0.3817688524723053
tiger__pepper,tiger__pepper,tiger,pepper,t5_hidden,,hidden,subword_mean,0.27905890345573425
tiger__pepper,tiger__pepper,tiger,pepper,caption_projection,,projected,subword_mean,0.36262011528015137
tiger__pepper,tiger__pepper,tiger,pepper,attn2_projection,8,key,head_mean,0.828853189945221
tiger__pepper,tiger__pepper,tiger,pepper,attn2_projection,8,key,head_concat,0.9041773080825806
tiger__pepper,tiger__pepper,tiger,pepper,attn2_projection,8,value,head_mean,0.09001582860946655
tiger__pepper,tiger__pepper,tiger,pepper,attn2_projection,8,value,head_concat,0.08909263461828232
tiger__pepper,tiger__pepper,tiger,pepper,attn2_projection,11,key,head_mean,0.8135804533958435
tiger__pepper,tiger__pepper,tiger,pepper,attn2_projection,11,key,head_concat,0.9090302586555481
tiger__pepper,tiger__pepper,tiger,pepper,attn2_projection,11,value,head_mean,0.10090260207653046
tiger__pepper,tiger__pepper,tiger,pepper,attn2_projection,11,value,head_concat,0.10187997668981552
tiger__pepper,tiger__pepper,tiger,pepper,attn2_projection,14,key,head_mean,0.8908382654190063
tiger__pepper,tiger__pepper,tiger,pepper,attn2_projection,14,key,head_concat,0.9584532380104065
tiger__pepper,tiger__pepper,tiger,pepper,attn2_projection,14,value,head_mean,0.08600299060344696
tiger__pepper,tiger__pepper,tiger,pepper,attn2_projection,14,value,head_concat,0.08445699512958527
tiger__pepper,tiger__pepper,tiger,pepper,attn2_projection,17,key,head_mean,0.9371140599250793
tiger__pepper,tiger__pepper,tiger,pepper,attn2_projection,17,key,head_concat,0.9704926013946533
tiger__pepper,tiger__pepper,tiger,pepper,attn2_projection,17,value,head_mean,0.04000142589211464
tiger__pepper,tiger__pepper,tiger,pepper,attn2_projection,17,value,head_concat,0.04029209911823273
tiger__pepper,tiger__pepper,tiger,pepper,attn2_projection,20,key,head_mean,0.9830315709114075
tiger__pepper,tiger__pepper,tiger,pepper,attn2_projection,20,key,head_concat,0.9921296834945679
tiger__pepper,tiger__pepper,tiger,pepper,attn2_projection,20,value,head_mean,0.1148730218410492
tiger__pepper,tiger__pepper,tiger,pepper,attn2_projection,20,value,head_concat,0.11974303424358368
tiger__pepper,tiger__pepper,tiger,pepper,attn2_projection,23,key,head_mean,0.9845309257507324
tiger__pepper,tiger__pepper,tiger,pepper,attn2_projection,23,key,head_concat,0.9950839877128601
tiger__pepper,tiger__pepper,tiger,pepper,attn2_projection,23,value,head_mean,0.23042240738868713
tiger__pepper,tiger__pepper,tiger,pepper,attn2_projection,23,value,head_concat,0.20327869057655334
tiger__pumpkin,tiger__pumpkin,tiger,pumpkin,t5_hidden,,hidden,subword_mean,0.19608807563781738
tiger__pumpkin,tiger__pumpkin,tiger,pumpkin,caption_projection,,projected,subword_mean,0.3395010828971863
tiger__pumpkin,tiger__pumpkin,tiger,pumpkin,attn2_projection,8,key,head_mean,0.8178744316101074
tiger__pumpkin,tiger__pumpkin,tiger,pumpkin,attn2_projection,8,key,head_concat,0.8886781930923462
tiger__pumpkin,tiger__pumpkin,tiger,pumpkin,attn2_projection,8,value,head_mean,0.11167751252651215
tiger__pumpkin,tiger__pumpkin,tiger,pumpkin,attn2_projection,8,value,head_concat,0.11094746738672256
tiger__pumpkin,tiger__pumpkin,tiger,pumpkin,attn2_projection,11,key,head_mean,0.796605110168457
tiger__pumpkin,tiger__pumpkin,tiger,pumpkin,attn2_projection,11,key,head_concat,0.8894912004470825
tiger__pumpkin,tiger__pumpkin,tiger,pumpkin,attn2_projection,11,value,head_mean,0.09171847999095917
tiger__pumpkin,tiger__pumpkin,tiger,pumpkin,attn2_projection,11,value,head_concat,0.08156944811344147
tiger__pumpkin,tiger__pumpkin,tiger,pumpkin,attn2_projection,14,key,head_mean,0.8705254793167114
tiger__pumpkin,tiger__pumpkin,tiger,pumpkin,attn2_projection,14,key,head_concat,0.9505959153175354
tiger__pumpkin,tiger__pumpkin,tiger,pumpkin,attn2_projection,14,value,head_mean,0.06492200493812561
tiger__pumpkin,tiger__pumpkin,tiger,pumpkin,attn2_projection,14,value,head_concat,0.06550158560276031
tiger__pumpkin,tiger__pumpkin,tiger,pumpkin,attn2_projection,17,key,head_mean,0.9186413884162903
tiger__pumpkin,tiger__pumpkin,tiger,pumpkin,attn2_projection,17,key,head_concat,0.9589583277702332
tiger__pumpkin,tiger__pumpkin,tiger,pumpkin,attn2_projection,17,value,head_mean,0.04604170471429825
tiger__pumpkin,tiger__pumpkin,tiger,pumpkin,attn2_projection,17,value,head_concat,0.04565363749861717
tiger__pumpkin,tiger__pumpkin,tiger,pumpkin,attn2_projection,20,key,head_mean,0.9806840419769287
tiger__pumpkin,tiger__pumpkin,tiger,pumpkin,attn2_projection,20,key,head_concat,0.9902815222740173
tiger__pumpkin,tiger__pumpkin,tiger,pumpkin,attn2_projection,20,value,head_mean,0.09467874467372894
tiger__pumpkin,tiger__pumpkin,tiger,pumpkin,attn2_projection,20,value,head_concat,0.101788729429245
tiger__pumpkin,tiger__pumpkin,tiger,pumpkin,attn2_projection,23,key,head_mean,0.9802467226982117
tiger__pumpkin,tiger__pumpkin,tiger,pumpkin,attn2_projection,23,key,head_concat,0.9942006468772888
tiger__pumpkin,tiger__pumpkin,tiger,pumpkin,attn2_projection,23,value,head_mean,0.12492936849594116
tiger__pumpkin,tiger__pumpkin,tiger,pumpkin,attn2_projection,23,value,head_concat,0.0982493981719017
tiger__strawberry,tiger__strawberry,tiger,strawberry,t5_hidden,,hidden,subword_mean,0.3443884253501892
tiger__strawberry,tiger__strawberry,tiger,strawberry,caption_projection,,projected,subword_mean,0.3607257902622223
tiger__strawberry,tiger__strawberry,tiger,strawberry,attn2_projection,8,key,head_mean,0.8241276741027832
tiger__strawberry,tiger__strawberry,tiger,strawberry,attn2_projection,8,key,head_concat,0.9035982489585876
tiger__strawberry,tiger__strawberry,tiger,strawberry,attn2_projection,8,value,head_mean,0.11418674141168594
tiger__strawberry,tiger__strawberry,tiger,strawberry,attn2_projection,8,value,head_concat,0.11126843094825745
tiger__strawberry,tiger__strawberry,tiger,strawberry,attn2_projection,11,key,head_mean,0.816457986831665
tiger__strawberry,tiger__strawberry,tiger,strawberry,attn2_projection,11,key,head_concat,0.9040018320083618
tiger__strawberry,tiger__strawberry,tiger,strawberry,attn2_projection,11,value,head_mean,0.05025579035282135
tiger__strawberry,tiger__strawberry,tiger,strawberry,attn2_projection,11,value,head_concat,0.04306269437074661
tiger__strawberry,tiger__strawberry,tiger,strawberry,attn2_projection,14,key,head_mean,0.8739670515060425
tiger__strawberry,tiger__strawberry,tiger,strawberry,attn2_projection,14,key,head_concat,0.9519086480140686
tiger__strawberry,tiger__strawberry,tiger,strawberry,attn2_projection,14,value,head_mean,0.030838213860988617
tiger__strawberry,tiger__strawberry,tiger,strawberry,attn2_projection,14,value,head_concat,0.028266478329896927
tiger__strawberry,tiger__strawberry,tiger,strawberry,attn2_projection,17,key,head_mean,0.9243651032447815
tiger__strawberry,tiger__strawberry,tiger,strawberry,attn2_projection,17,key,head_concat,0.9618344306945801
tiger__strawberry,tiger__strawberry,tiger,strawberry,attn2_projection,17,value,head_mean,-0.020051635801792145
tiger__strawberry,tiger__strawberry,tiger,strawberry,attn2_projection,17,value,head_concat,-0.018900739029049873
tiger__strawberry,tiger__strawberry,tiger,strawberry,attn2_projection,20,key,head_mean,0.9779775142669678
tiger__strawberry,tiger__strawberry,tiger,strawberry,attn2_projection,20,key,head_concat,0.9901948571205139
tiger__strawberry,tiger__strawberry,tiger,strawberry,attn2_projection,20,value,head_mean,0.08738978207111359
tiger__strawberry,tiger__strawberry,tiger,strawberry,attn2_projection,20,value,head_concat,0.0839991569519043
tiger__strawberry,tiger__strawberry,tiger,strawberry,attn2_projection,23,key,head_mean,0.9839353561401367
tiger__strawberry,tiger__strawberry,tiger,strawberry,attn2_projection,23,key,head_concat,0.9947736263275146
tiger__strawberry,tiger__strawberry,tiger,strawberry,attn2_projection,23,value,head_mean,0.13175038993358612
tiger__strawberry,tiger__strawberry,tiger,strawberry,attn2_projection,23,value,head_concat,0.12270129472017288
tiger__zebra,tiger__zebra,tiger,zebra,t5_hidden,,hidden,subword_mean,0.6578277945518494
tiger__zebra,tiger__zebra,tiger,zebra,caption_projection,,projected,subword_mean,0.6459926962852478
tiger__zebra,tiger__zebra,tiger,zebra,attn2_projection,8,key,head_mean,0.9350919723510742
tiger__zebra,tiger__zebra,tiger,zebra,attn2_projection,8,key,head_concat,0.9670083522796631
tiger__zebra,tiger__zebra,tiger,zebra,attn2_projection,8,value,head_mean,0.5260863900184631
tiger__zebra,tiger__zebra,tiger,zebra,attn2_projection,8,value,head_concat,0.5316819548606873
tiger__zebra,tiger__zebra,tiger,zebra,attn2_projection,11,key,head_mean,0.9380287528038025
tiger__zebra,tiger__zebra,tiger,zebra,attn2_projection,11,key,head_concat,0.9737623333930969
tiger__zebra,tiger__zebra,tiger,zebra,attn2_projection,11,value,head_mean,0.47801199555397034
tiger__zebra,tiger__zebra,tiger,zebra,attn2_projection,11,value,head_concat,0.4734880030155182
tiger__zebra,tiger__zebra,tiger,zebra,attn2_projection,14,key,head_mean,0.9548999667167664
tiger__zebra,tiger__zebra,tiger,zebra,attn2_projection,14,key,head_concat,0.9852346181869507
tiger__zebra,tiger__zebra,tiger,zebra,attn2_projection,14,value,head_mean,0.3630504012107849
tiger__zebra,tiger__zebra,tiger,zebra,attn2_projection,14,value,head_concat,0.3604568541049957
tiger__zebra,tiger__zebra,tiger,zebra,attn2_projection,17,key,head_mean,0.970956563949585
tiger__zebra,tiger__zebra,tiger,zebra,attn2_projection,17,key,head_concat,0.9870833158493042
tiger__zebra,tiger__zebra,tiger,zebra,attn2_projection,17,value,head_mean,0.39440324902534485
tiger__zebra,tiger__zebra,tiger,zebra,attn2_projection,17,value,head_concat,0.3965601623058319
tiger__zebra,tiger__zebra,tiger,zebra,attn2_projection,20,key,head_mean,0.9948055744171143
tiger__zebra,tiger__zebra,tiger,zebra,attn2_projection,20,key,head_concat,0.997695803642273
tiger__zebra,tiger__zebra,tiger,zebra,attn2_projection,20,value,head_mean,0.5451411008834839
tiger__zebra,tiger__zebra,tiger,zebra,attn2_projection,20,value,head_concat,0.5531392693519592
tiger__zebra,tiger__zebra,tiger,zebra,attn2_projection,23,key,head_mean,0.9952678084373474
tiger__zebra,tiger__zebra,tiger,zebra,attn2_projection,23,key,head_concat,0.998506486415863
tiger__zebra,tiger__zebra,tiger,zebra,attn2_projection,23,value,head_mean,0.5630379915237427
tiger__zebra,tiger__zebra,tiger,zebra,attn2_projection,23,value,head_concat,0.5570357441902161
tomato__lemon,tomato__lemon,tomato,lemon,t5_hidden,,hidden,subword_mean,0.39842429757118225
tomato__lemon,tomato__lemon,tomato,lemon,caption_projection,,projected,subword_mean,0.36867398023605347
tomato__lemon,tomato__lemon,tomato,lemon,attn2_projection,8,key,head_mean,0.8713650107383728
tomato__lemon,tomato__lemon,tomato,lemon,attn2_projection,8,key,head_concat,0.9165235161781311
tomato__lemon,tomato__lemon,tomato,lemon,attn2_projection,8,value,head_mean,0.4654306173324585
tomato__lemon,tomato__lemon,tomato,lemon,attn2_projection,8,value,head_concat,0.46136438846588135
tomato__lemon,tomato__lemon,tomato,lemon,attn2_projection,11,key,head_mean,0.861513614654541
tomato__lemon,tomato__lemon,tomato,lemon,attn2_projection,11,key,head_concat,0.9186240434646606
tomato__lemon,tomato__lemon,tomato,lemon,attn2_projection,11,value,head_mean,0.38158872723579407
tomato__lemon,tomato__lemon,tomato,lemon,attn2_projection,11,value,head_concat,0.3776709735393524
tomato__lemon,tomato__lemon,tomato,lemon,attn2_projection,14,key,head_mean,0.8992157578468323
tomato__lemon,tomato__lemon,tomato,lemon,attn2_projection,14,key,head_concat,0.9584605097770691
tomato__lemon,tomato__lemon,tomato,lemon,attn2_projection,14,value,head_mean,0.30007314682006836
tomato__lemon,tomato__lemon,tomato,lemon,attn2_projection,14,value,head_concat,0.2860350012779236
tomato__lemon,tomato__lemon,tomato,lemon,attn2_projection,17,key,head_mean,0.9367544651031494
tomato__lemon,tomato__lemon,tomato,lemon,attn2_projection,17,key,head_concat,0.9674721360206604
tomato__lemon,tomato__lemon,tomato,lemon,attn2_projection,17,value,head_mean,0.36886200308799744
tomato__lemon,tomato__lemon,tomato,lemon,attn2_projection,17,value,head_concat,0.3634786009788513
tomato__lemon,tomato__lemon,tomato,lemon,attn2_projection,20,key,head_mean,0.9786345958709717
tomato__lemon,tomato__lemon,tomato,lemon,attn2_projection,20,key,head_concat,0.99116450548172
tomato__lemon,tomato__lemon,tomato,lemon,attn2_projection,20,value,head_mean,0.41505587100982666
tomato__lemon,tomato__lemon,tomato,lemon,attn2_projection,20,value,head_concat,0.4131595194339752
tomato__lemon,tomato__lemon,tomato,lemon,attn2_projection,23,key,head_mean,0.9845691919326782
tomato__lemon,tomato__lemon,tomato,lemon,attn2_projection,23,key,head_concat,0.9947156310081482
tomato__lemon,tomato__lemon,tomato,lemon,attn2_projection,23,value,head_mean,0.3855452239513397
tomato__lemon,tomato__lemon,tomato,lemon,attn2_projection,23,value,head_concat,0.3926723599433899
tomato__peach,tomato__peach,tomato,peach,t5_hidden,,hidden,subword_mean,0.49628281593322754
tomato__peach,tomato__peach,tomato,peach,caption_projection,,projected,subword_mean,0.502862811088562
tomato__peach,tomato__peach,tomato,peach,attn2_projection,8,key,head_mean,0.9183851480484009
tomato__peach,tomato__peach,tomato,peach,attn2_projection,8,key,head_concat,0.9512697458267212
tomato__peach,tomato__peach,tomato,peach,attn2_projection,8,value,head_mean,0.5701574683189392
tomato__peach,tomato__peach,tomato,peach,attn2_projection,8,value,head_concat,0.5679306983947754
tomato__peach,tomato__peach,tomato,peach,attn2_projection,11,key,head_mean,0.9070058465003967
tomato__peach,tomato__peach,tomato,peach,attn2_projection,11,key,head_concat,0.9471030235290527
tomato__peach,tomato__peach,tomato,peach,attn2_projection,11,value,head_mean,0.5343272089958191
tomato__peach,tomato__peach,tomato,peach,attn2_projection,11,value,head_concat,0.5339369177818298
tomato__peach,tomato__peach,tomato,peach,attn2_projection,14,key,head_mean,0.925528347492218
tomato__peach,tomato__peach,tomato,peach,attn2_projection,14,key,head_concat,0.9681511521339417
tomato__peach,tomato__peach,tomato,peach,attn2_projection,14,value,head_mean,0.4143581986427307
tomato__peach,tomato__peach,tomato,peach,attn2_projection,14,value,head_concat,0.4192785620689392
tomato__peach,tomato__peach,tomato,peach,attn2_projection,17,key,head_mean,0.9605090618133545
tomato__peach,tomato__peach,tomato,peach,attn2_projection,17,key,head_concat,0.9797292351722717
tomato__peach,tomato__peach,tomato,peach,attn2_projection,17,value,head_mean,0.5076473951339722
tomato__peach,tomato__peach,tomato,peach,attn2_projection,17,value,head_concat,0.5106282830238342
tomato__peach,tomato__peach,tomato,peach,attn2_projection,20,key,head_mean,0.9852728247642517
tomato__peach,tomato__peach,tomato,peach,attn2_projection,20,key,head_concat,0.9936062693595886
tomato__peach,tomato__peach,tomato,peach,attn2_projection,20,value,head_mean,0.5671943426132202
tomato__peach,tomato__peach,tomato,peach,attn2_projection,20,value,head_concat,0.5665075778961182
tomato__peach,tomato__peach,tomato,peach,attn2_projection,23,key,head_mean,0.9893857836723328
tomato__peach,tomato__peach,tomato,peach,attn2_projection,23,key,head_concat,0.9964123964309692
tomato__peach,tomato__peach,tomato,peach,attn2_projection,23,value,head_mean,0.5104530453681946
tomato__peach,tomato__peach,tomato,peach,attn2_projection,23,value,head_concat,0.5172937512397766
tomato__pear,tomato__pear,tomato,pear,t5_hidden,,hidden,subword_mean,0.4368771016597748
tomato__pear,tomato__pear,tomato,pear,caption_projection,,projected,subword_mean,0.46199408173561096
tomato__pear,tomato__pear,tomato,pear,attn2_projection,8,key,head_mean,0.9049144387245178
tomato__pear,tomato__pear,tomato,pear,attn2_projection,8,key,head_concat,0.9423918724060059
tomato__pear,tomato__pear,tomato,pear,attn2_projection,8,value,head_mean,0.4893440902233124
tomato__pear,tomato__pear,tomato,pear,attn2_projection,8,value,head_concat,0.48474037647247314
tomato__pear,tomato__pear,tomato,pear,attn2_projection,11,key,head_mean,0.8882365822792053
tomato__pear,tomato__pear,tomato,pear,attn2_projection,11,key,head_concat,0.9375454187393188
tomato__pear,tomato__pear,tomato,pear,attn2_projection,11,value,head_mean,0.4552552402019501
tomato__pear,tomato__pear,tomato,pear,attn2_projection,11,value,head_concat,0.45485544204711914
tomato__pear,tomato__pear,tomato,pear,attn2_projection,14,key,head_mean,0.9144908785820007
tomato__pear,tomato__pear,tomato,pear,attn2_projection,14,key,head_concat,0.9651601910591125
tomato__pear,tomato__pear,tomato,pear,attn2_projection,14,value,head_mean,0.34770527482032776
tomato__pear,tomato__pear,tomato,pear,attn2_projection,14,value,head_concat,0.3528788685798645
tomato__pear,tomato__pear,tomato,pear,attn2_projection,17,key,head_mean,0.9559338092803955
tomato__pear,tomato__pear,tomato,pear,attn2_projection,17,key,head_concat,0.976965606212616
tomato__pear,tomato__pear,tomato,pear,attn2_projection,17,value,head_mean,0.4360664188861847
tomato__pear,tomato__pear,tomato,pear,attn2_projection,17,value,head_concat,0.43795275688171387
tomato__pear,tomato__pear,tomato,pear,attn2_projection,20,key,head_mean,0.984309196472168
tomato__pear,tomato__pear,tomato,pear,attn2_projection,20,key,head_concat,0.9931383728981018
tomato__pear,tomato__pear,tomato,pear,attn2_projection,20,value,head_mean,0.5310620665550232
tomato__pear,tomato__pear,tomato,pear,attn2_projection,20,value,head_concat,0.5341151356697083
tomato__pear,tomato__pear,tomato,pear,attn2_projection,23,key,head_mean,0.9887038469314575
tomato__pear,tomato__pear,tomato,pear,attn2_projection,23,key,head_concat,0.9962525963783264
tomato__pear,tomato__pear,tomato,pear,attn2_projection,23,value,head_mean,0.47810643911361694
tomato__pear,tomato__pear,tomato,pear,attn2_projection,23,value,head_concat,0.4811338782310486
tomato__pepper,tomato__pepper,tomato,pepper,t5_hidden,,hidden,subword_mean,0.5479238629341125
tomato__pepper,tomato__pepper,tomato,pepper,caption_projection,,projected,subword_mean,0.5556175112724304
tomato__pepper,tomato__pepper,tomato,pepper,attn2_projection,8,key,head_mean,0.9155187010765076
tomato__pepper,tomato__pepper,tomato,pepper,attn2_projection,8,key,head_concat,0.9476497173309326
tomato__pepper,tomato__pepper,tomato,pepper,attn2_projection,8,value,head_mean,0.6000396609306335
tomato__pepper,tomato__pepper,tomato,pepper,attn2_projection,8,value,head_concat,0.6036111116409302
tomato__pepper,tomato__pepper,tomato,pepper,attn2_projection,11,key,head_mean,0.9078750610351562
tomato__pepper,tomato__pepper,tomato,pepper,attn2_projection,11,key,head_concat,0.9507584571838379
tomato__pepper,tomato__pepper,tomato,pepper,attn2_projection,11,value,head_mean,0.6042124629020691
tomato__pepper,tomato__pepper,tomato,pepper,attn2_projection,11,value,head_concat,0.6045687794685364
tomato__pepper,tomato__pepper,tomato,pepper,attn2_projection,14,key,head_mean,0.9363064169883728
tomato__pepper,tomato__pepper,tomato,pepper,attn2_projection,14,key,head_concat,0.9743447303771973
tomato__pepper,tomato__pepper,tomato,pepper,attn2_projection,14,value,head_mean,0.5578329563140869
tomato__pepper,tomato__pepper,tomato,pepper,attn2_projection,14,value,head_concat,0.5621390342712402
tomato__pepper,tomato__pepper,tomato,pepper,attn2_projection,17,key,head_mean,0.9644071459770203
tomato__pepper,tomato__pepper,tomato,pepper,attn2_projection,17,key,head_concat,0.9826659560203552
tomato__pepper,tomato__pepper,tomato,pepper,attn2_projection,17,value,head_mean,0.6028531193733215
tomato__pepper,tomato__pepper,tomato,pepper,attn2_projection,17,value,head_concat,0.6095460653305054
tomato__pepper,tomato__pepper,tomato,pepper,attn2_projection,20,key,head_mean,0.9876530170440674
tomato__pepper,tomato__pepper,tomato,pepper,attn2_projection,20,key,head_concat,0.994589626789093
tomato__pepper,tomato__pepper,tomato,pepper,attn2_projection,20,value,head_mean,0.6735378503799438
tomato__pepper,tomato__pepper,tomato,pepper,attn2_projection,20,value,head_concat,0.6712181568145752
tomato__pepper,tomato__pepper,tomato,pepper,attn2_projection,23,key,head_mean,0.9899577498435974
tomato__pepper,tomato__pepper,tomato,pepper,attn2_projection,23,key,head_concat,0.99668949842453
tomato__pepper,tomato__pepper,tomato,pepper,attn2_projection,23,value,head_mean,0.6354116797447205
tomato__pepper,tomato__pepper,tomato,pepper,attn2_projection,23,value,head_concat,0.6336339116096497
tomato__pumpkin,tomato__pumpkin,tomato,pumpkin,t5_hidden,,hidden,subword_mean,0.41460099816322327
tomato__pumpkin,tomato__pumpkin,tomato,pumpkin,caption_projection,,projected,subword_mean,0.4317465126514435
tomato__pumpkin,tomato__pumpkin,tomato,pumpkin,attn2_projection,8,key,head_mean,0.8809575438499451
tomato__pumpkin,tomato__pumpkin,tomato,pumpkin,attn2_projection,8,key,head_concat,0.9240471124649048
tomato__pumpkin,tomato__pumpkin,tomato,pumpkin,attn2_projection,8,value,head_mean,0.4478309452533722
tomato__pumpkin,tomato__pumpkin,tomato,pumpkin,attn2_projection,8,value,head_concat,0.44992443919181824
tomato__pumpkin,tomato__pumpkin,tomato,pumpkin,attn2_projection,11,key,head_mean,0.8489794731140137
tomato__pumpkin,tomato__pumpkin,tomato,pumpkin,attn2_projection,11,key,head_concat,0.9155752062797546
tomato__pumpkin,tomato__pumpkin,tomato,pumpkin,attn2_projection,11,value,head_mean,0.4537343978881836
tomato__pumpkin,tomato__pumpkin,tomato,pumpkin,attn2_projection,11,value,head_concat,0.45091840624809265
tomato__pumpkin,tomato__pumpkin,tomato,pumpkin,attn2_projection,14,key,head_mean,0.8921641111373901
tomato__pumpkin,tomato__pumpkin,tomato,pumpkin,attn2_projection,14,key,head_concat,0.9556480646133423
tomato__pumpkin,tomato__pumpkin,tomato,pumpkin,attn2_projection,14,value,head_mean,0.4069160223007202
tomato__pumpkin,tomato__pumpkin,tomato,pumpkin,attn2_projection,14,value,head_concat,0.40810608863830566
tomato__pumpkin,tomato__pumpkin,tomato,pumpkin,attn2_projection,17,key,head_mean,0.9433368444442749
tomato__pumpkin,tomato__pumpkin,tomato,pumpkin,attn2_projection,17,key,head_concat,0.9680851101875305
tomato__pumpkin,tomato__pumpkin,tomato,pumpkin,attn2_projection,17,value,head_mean,0.3875664174556732
tomato__pumpkin,tomato__pumpkin,tomato,pumpkin,attn2_projection,17,value,head_concat,0.3910366892814636
tomato__pumpkin,tomato__pumpkin,tomato,pumpkin,attn2_projection,20,key,head_mean,0.9817580580711365
tomato__pumpkin,tomato__pumpkin,tomato,pumpkin,attn2_projection,20,key,head_concat,0.9913946390151978
tomato__pumpkin,tomato__pumpkin,tomato,pumpkin,attn2_projection,20,value,head_mean,0.480038046836853
tomato__pumpkin,tomato__pumpkin,tomato,pumpkin,attn2_projection,20,value,head_concat,0.4759692847728729
tomato__pumpkin,tomato__pumpkin,tomato,pumpkin,attn2_projection,23,key,head_mean,0.9841004610061646
tomato__pumpkin,tomato__pumpkin,tomato,pumpkin,attn2_projection,23,key,head_concat,0.995064914226532
tomato__pumpkin,tomato__pumpkin,tomato,pumpkin,attn2_projection,23,value,head_mean,0.4524053633213043
tomato__pumpkin,tomato__pumpkin,tomato,pumpkin,attn2_projection,23,value,head_concat,0.46178632974624634
turtle__apple,turtle__apple,turtle,apple,t5_hidden,,hidden,subword_mean,0.29967835545539856
turtle__apple,turtle__apple,turtle,apple,caption_projection,,projected,subword_mean,0.23102915287017822
turtle__apple,turtle__apple,turtle,apple,attn2_projection,8,key,head_mean,0.7761147022247314
turtle__apple,turtle__apple,turtle,apple,attn2_projection,8,key,head_concat,0.855989396572113
turtle__apple,turtle__apple,turtle,apple,attn2_projection,8,value,head_mean,0.06951913237571716
turtle__apple,turtle__apple,turtle,apple,attn2_projection,8,value,head_concat,0.06617694348096848
turtle__apple,turtle__apple,turtle,apple,attn2_projection,11,key,head_mean,0.7375022172927856
turtle__apple,turtle__apple,turtle,apple,attn2_projection,11,key,head_concat,0.8604507446289062
turtle__apple,turtle__apple,turtle,apple,attn2_projection,11,value,head_mean,0.047895509749650955
turtle__apple,turtle__apple,turtle,apple,attn2_projection,11,value,head_concat,0.04501013457775116
turtle__apple,turtle__apple,turtle,apple,attn2_projection,14,key,head_mean,0.8256670236587524
turtle__apple,turtle__apple,turtle,apple,attn2_projection,14,key,head_concat,0.9319275617599487
turtle__apple,turtle__apple,turtle,apple,attn2_projection,14,value,head_mean,0.0817270576953888
turtle__apple,turtle__apple,turtle,apple,attn2_projection,14,value,head_concat,0.08656684309244156
turtle__apple,turtle__apple,turtle,apple,attn2_projection,17,key,head_mean,0.8987385034561157
turtle__apple,turtle__apple,turtle,apple,attn2_projection,17,key,head_concat,0.9489692449569702
turtle__apple,turtle__apple,turtle,apple,attn2_projection,17,value,head_mean,0.05999399721622467
turtle__apple,turtle__apple,turtle,apple,attn2_projection,17,value,head_concat,0.061543770134449005
turtle__apple,turtle__apple,turtle,apple,attn2_projection,20,key,head_mean,0.9748423099517822
turtle__apple,turtle__apple,turtle,apple,attn2_projection,20,key,head_concat,0.988265335559845
turtle__apple,turtle__apple,turtle,apple,attn2_projection,20,value,head_mean,0.07676402479410172
turtle__apple,turtle__apple,turtle,apple,attn2_projection,20,value,head_concat,0.06060909852385521
turtle__apple,turtle__apple,turtle,apple,attn2_projection,23,key,head_mean,0.9783633351325989
turtle__apple,turtle__apple,turtle,apple,attn2_projection,23,key,head_concat,0.9927621483802795
turtle__apple,turtle__apple,turtle,apple,attn2_projection,23,value,head_mean,0.13943786919116974
turtle__apple,turtle__apple,turtle,apple,attn2_projection,23,value,head_concat,0.11778011918067932
turtle__orange,turtle__orange,turtle,orange,t5_hidden,,hidden,subword_mean,0.305904358625412
turtle__orange,turtle__orange,turtle,orange,caption_projection,,projected,subword_mean,0.2815927267074585
turtle__orange,turtle__orange,turtle,orange,attn2_projection,8,key,head_mean,0.7951756119728088
turtle__orange,turtle__orange,turtle,orange,attn2_projection,8,key,head_concat,0.8792492747306824
turtle__orange,turtle__orange,turtle,orange,attn2_projection,8,value,head_mean,0.169438898563385
turtle__orange,turtle__orange,turtle,orange,attn2_projection,8,value,head_concat,0.1643478125333786
turtle__orange,turtle__orange,turtle,orange,attn2_projection,11,key,head_mean,0.7764331698417664
turtle__orange,turtle__orange,turtle,orange,attn2_projection,11,key,head_concat,0.8854479193687439
turtle__orange,turtle__orange,turtle,orange,attn2_projection,11,value,head_mean,0.11831263452768326
turtle__orange,turtle__orange,turtle,orange,attn2_projection,11,value,head_concat,0.11843976378440857
turtle__orange,turtle__orange,turtle,orange,attn2_projection,14,key,head_mean,0.8532027006149292
turtle__orange,turtle__orange,turtle,orange,attn2_projection,14,key,head_concat,0.9419043064117432
turtle__orange,turtle__orange,turtle,orange,attn2_projection,14,value,head_mean,0.09749472886323929
turtle__orange,turtle__orange,turtle,orange,attn2_projection,14,value,head_concat,0.09398957341909409
turtle__orange,turtle__orange,turtle,orange,attn2_projection,17,key,head_mean,0.9097263216972351
turtle__orange,turtle__orange,turtle,orange,attn2_projection,17,key,head_concat,0.9554941654205322
turtle__orange,turtle__orange,turtle,orange,attn2_projection,17,value,head_mean,0.04656248912215233
turtle__orange,turtle__orange,turtle,orange,attn2_projection,17,value,head_concat,0.05296020582318306
turtle__orange,turtle__orange,turtle,orange,attn2_projection,20,key,head_mean,0.9786660671234131
turtle__orange,turtle__orange,turtle,orange,attn2_projection,20,key,head_concat,0.9897578954696655
turtle__orange,turtle__orange,turtle,orange,attn2_projection,20,value,head_mean,0.10295616090297699
turtle__orange,turtle__orange,turtle,orange,attn2_projection,20,value,head_concat,0.09536054730415344
turtle__orange,turtle__orange,turtle,orange,attn2_projection,23,key,head_mean,0.9829474687576294
turtle__orange,turtle__orange,turtle,orange,attn2_projection,23,key,head_concat,0.9944363832473755
turtle__orange,turtle__orange,turtle,orange,attn2_projection,23,value,head_mean,0.186796635389328
turtle__orange,turtle__orange,turtle,orange,attn2_projection,23,value,head_concat,0.16801662743091583
turtle__peach,turtle__peach,turtle,peach,t5_hidden,,hidden,subword_mean,0.31151464581489563
turtle__peach,turtle__peach,turtle,peach,caption_projection,,projected,subword_mean,0.2721966505050659
turtle__peach,turtle__peach,turtle,peach,attn2_projection,8,key,head_mean,0.8109933733940125
turtle__peach,turtle__peach,turtle,peach,attn2_projection,8,key,head_concat,0.8870887160301208
turtle__peach,turtle__peach,turtle,peach,attn2_projection,8,value,head_mean,0.11348122358322144
turtle__peach,turtle__peach,turtle,peach,attn2_projection,8,value,head_concat,0.10580135136842728
turtle__peach,turtle__peach,turtle,peach,attn2_projection,11,key,head_mean,0.7798500061035156
turtle__peach,turtle__peach,turtle,peach,attn2_projection,11,key,head_concat,0.8891807794570923
turtle__peach,turtle__peach,turtle,peach,attn2_projection,11,value,head_mean,0.07632815837860107
turtle__peach,turtle__peach,turtle,peach,attn2_projection,11,value,head_concat,0.06826700270175934
turtle__peach,turtle__peach,turtle,peach,attn2_projection,14,key,head_mean,0.8485174775123596
turtle__peach,turtle__peach,turtle,peach,attn2_projection,14,key,head_concat,0.9404881596565247
turtle__peach,turtle__peach,turtle,peach,attn2_projection,14,value,head_mean,0.08884032815694809
turtle__peach,turtle__peach,turtle,peach,attn2_projection,14,value,head_concat,0.09127230942249298
turtle__peach,turtle__peach,turtle,peach,attn2_projection,17,key,head_mean,0.9068036079406738
turtle__peach,turtle__peach,turtle,peach,attn2_projection,17,key,head_concat,0.9564259648323059
turtle__peach,turtle__peach,turtle,peach,attn2_projection,17,value,head_mean,0.0436558835208416
turtle__peach,turtle__peach,turtle,peach,attn2_projection,17,value,head_concat,0.04355710372328758
turtle__peach,turtle__peach,turtle,peach,attn2_projection,20,key,head_mean,0.9794857501983643
turtle__peach,turtle__peach,turtle,peach,attn2_projection,20,key,head_concat,0.9899725914001465
turtle__peach,turtle__peach,turtle,peach,attn2_projection,20,value,head_mean,0.06153346598148346
turtle__peach,turtle__peach,turtle,peach,attn2_projection,20,value,head_concat,0.05029677599668503
turtle__peach,turtle__peach,turtle,peach,attn2_projection,23,key,head_mean,0.9833735227584839
turtle__peach,turtle__peach,turtle,peach,attn2_projection,23,key,head_concat,0.9949476718902588
turtle__peach,turtle__peach,turtle,peach,attn2_projection,23,value,head_mean,0.17142623662948608
turtle__peach,turtle__peach,turtle,peach,attn2_projection,23,value,head_concat,0.15524636209011078
turtle__pear,turtle__pear,turtle,pear,t5_hidden,,hidden,subword_mean,0.3386041522026062
turtle__pear,turtle__pear,turtle,pear,caption_projection,,projected,subword_mean,0.31005531549453735
turtle__pear,turtle__pear,turtle,pear,attn2_projection,8,key,head_mean,0.8337305784225464
turtle__pear,turtle__pear,turtle,pear,attn2_projection,8,key,head_concat,0.9010373950004578
turtle__pear,turtle__pear,turtle,pear,attn2_projection,8,value,head_mean,0.16658945381641388
turtle__pear,turtle__pear,turtle,pear,attn2_projection,8,value,head_concat,0.15371040999889374
turtle__pear,turtle__pear,turtle,pear,attn2_projection,11,key,head_mean,0.7997402548789978
turtle__pear,turtle__pear,turtle,pear,attn2_projection,11,key,head_concat,0.9036638736724854
turtle__pear,turtle__pear,turtle,pear,attn2_projection,11,value,head_mean,0.14424656331539154
turtle__pear,turtle__pear,turtle,pear,attn2_projection,11,value,head_concat,0.13345502316951752
turtle__pear,turtle__pear,turtle,pear,attn2_projection,14,key,head_mean,0.8626368045806885
turtle__pear,turtle__pear,turtle,pear,attn2_projection,14,key,head_concat,0.9474428296089172
turtle__pear,turtle__pear,turtle,pear,attn2_projection,14,value,head_mean,0.0985216423869133
turtle__pear,turtle__pear,turtle,pear,attn2_projection,14,value,head_concat,0.08904273808002472
turtle__pear,turtle__pear,turtle,pear,attn2_projection,17,key,head_mean,0.9149341583251953
turtle__pear,turtle__pear,turtle,pear,attn2_projection,17,key,head_concat,0.9603533744812012
turtle__pear,turtle__pear,turtle,pear,attn2_projection,17,value,head_mean,0.07023776322603226
turtle__pear,turtle__pear,turtle,pear,attn2_projection,17,value,head_concat,0.07021664083003998
turtle__pear,turtle__pear,turtle,pear,attn2_projection,20,key,head_mean,0.9816789031028748
turtle__pear,turtle__pear,turtle,pear,attn2_projection,20,key,head_concat,0.9910006523132324
turtle__pear,turtle__pear,turtle,pear,attn2_projection,20,value,head_mean,0.10291317850351334
turtle__pear,turtle__pear,turtle,pear,attn2_projection,20,value,head_concat,0.09598200023174286
turtle__pear,turtle__pear,turtle,pear,attn2_projection,23,key,head_mean,0.985341489315033
turtle__pear,turtle__pear,turtle,pear,attn2_projection,23,key,head_concat,0.9955575466156006
turtle__pear,turtle__pear,turtle,pear,attn2_projection,23,value,head_mean,0.23283334076404572
turtle__pear,turtle__pear,turtle,pear,attn2_projection,23,value,head_concat,0.22454418241977692
turtle__pumpkin,turtle__pumpkin,turtle,pumpkin,t5_hidden,,hidden,subword_mean,0.3408794403076172
turtle__pumpkin,turtle__pumpkin,turtle,pumpkin,caption_projection,,projected,subword_mean,0.28772637248039246
turtle__pumpkin,turtle__pumpkin,turtle,pumpkin,attn2_projection,8,key,head_mean,0.786949634552002
turtle__pumpkin,turtle__pumpkin,turtle,pumpkin,attn2_projection,8,key,head_concat,0.8627121448516846
turtle__pumpkin,turtle__pumpkin,turtle,pumpkin,attn2_projection,8,value,head_mean,0.20778200030326843
turtle__pumpkin,turtle__pumpkin,turtle,pumpkin,attn2_projection,8,value,head_concat,0.20992398262023926
turtle__pumpkin,turtle__pumpkin,turtle,pumpkin,attn2_projection,11,key,head_mean,0.7546765804290771
turtle__pumpkin,turtle__pumpkin,turtle,pumpkin,attn2_projection,11,key,head_concat,0.8690001368522644
turtle__pumpkin,turtle__pumpkin,turtle,pumpkin,attn2_projection,11,value,head_mean,0.14877749979496002
turtle__pumpkin,turtle__pumpkin,turtle,pumpkin,attn2_projection,11,value,head_concat,0.1533665806055069
turtle__pumpkin,turtle__pumpkin,turtle,pumpkin,attn2_projection,14,key,head_mean,0.8465548753738403
turtle__pumpkin,turtle__pumpkin,turtle,pumpkin,attn2_projection,14,key,head_concat,0.9354162812232971
turtle__pumpkin,turtle__pumpkin,turtle,pumpkin,attn2_projection,14,value,head_mean,0.1368856281042099
turtle__pumpkin,turtle__pumpkin,turtle,pumpkin,attn2_projection,14,value,head_concat,0.1392335593700409
turtle__pumpkin,turtle__pumpkin,turtle,pumpkin,attn2_projection,17,key,head_mean,0.8945457935333252
turtle__pumpkin,turtle__pumpkin,turtle,pumpkin,attn2_projection,17,key,head_concat,0.9477611184120178
turtle__pumpkin,turtle__pumpkin,turtle,pumpkin,attn2_projection,17,value,head_mean,0.06953717023134232
turtle__pumpkin,turtle__pumpkin,turtle,pumpkin,attn2_projection,17,value,head_concat,0.06575629115104675
turtle__pumpkin,turtle__pumpkin,turtle,pumpkin,attn2_projection,20,key,head_mean,0.9760683178901672
turtle__pumpkin,turtle__pumpkin,turtle,pumpkin,attn2_projection,20,key,head_concat,0.9879524111747742
turtle__pumpkin,turtle__pumpkin,turtle,pumpkin,attn2_projection,20,value,head_mean,0.1708153933286667
turtle__pumpkin,turtle__pumpkin,turtle,pumpkin,attn2_projection,20,value,head_concat,0.16236956417560577
turtle__pumpkin,turtle__pumpkin,turtle,pumpkin,attn2_projection,23,key,head_mean,0.9806146621704102
turtle__pumpkin,turtle__pumpkin,turtle,pumpkin,attn2_projection,23,key,head_concat,0.9940613508224487
turtle__pumpkin,turtle__pumpkin,turtle,pumpkin,attn2_projection,23,value,head_mean,0.19153782725334167
turtle__pumpkin,turtle__pumpkin,turtle,pumpkin,attn2_projection,23,value,head_concat,0.1700262725353241
watermelon__lemon,watermelon__lemon,watermelon,lemon,t5_hidden,,hidden,subword_mean,0.34120965003967285
watermelon__lemon,watermelon__lemon,watermelon,lemon,caption_projection,,projected,subword_mean,0.46089619398117065
watermelon__lemon,watermelon__lemon,watermelon,lemon,attn2_projection,8,key,head_mean,0.9073973894119263
watermelon__lemon,watermelon__lemon,watermelon,lemon,attn2_projection,8,key,head_concat,0.9414402842521667
watermelon__lemon,watermelon__lemon,watermelon,lemon,attn2_projection,8,value,head_mean,0.5641558170318604
watermelon__lemon,watermelon__lemon,watermelon,lemon,attn2_projection,8,value,head_concat,0.5594852566719055
watermelon__lemon,watermelon__lemon,watermelon,lemon,attn2_projection,11,key,head_mean,0.8859661817550659
watermelon__lemon,watermelon__lemon,watermelon,lemon,attn2_projection,11,key,head_concat,0.9398034811019897
watermelon__lemon,watermelon__lemon,watermelon,lemon,attn2_projection,11,value,head_mean,0.4765406548976898
watermelon__lemon,watermelon__lemon,watermelon,lemon,attn2_projection,11,value,head_concat,0.4711962044239044
watermelon__lemon,watermelon__lemon,watermelon,lemon,attn2_projection,14,key,head_mean,0.9305735230445862
watermelon__lemon,watermelon__lemon,watermelon,lemon,attn2_projection,14,key,head_concat,0.9729986786842346
watermelon__lemon,watermelon__lemon,watermelon,lemon,attn2_projection,14,value,head_mean,0.42908424139022827
watermelon__lemon,watermelon__lemon,watermelon,lemon,attn2_projection,14,value,head_concat,0.41560637950897217
watermelon__lemon,watermelon__lemon,watermelon,lemon,attn2_projection,17,key,head_mean,0.9598904252052307
watermelon__lemon,watermelon__lemon,watermelon,lemon,attn2_projection,17,key,head_concat,0.9797439575195312
watermelon__lemon,watermelon__lemon,watermelon,lemon,attn2_projection,17,value,head_mean,0.4368900656700134
watermelon__lemon,watermelon__lemon,watermelon,lemon,attn2_projection,17,value,head_concat,0.43225058913230896
watermelon__lemon,watermelon__lemon,watermelon,lemon,attn2_projection,20,key,head_mean,0.9878196716308594
watermelon__lemon,watermelon__lemon,watermelon,lemon,attn2_projection,20,key,head_concat,0.9945128560066223
watermelon__lemon,watermelon__lemon,watermelon,lemon,attn2_projection,20,value,head_mean,0.43669143319129944
watermelon__lemon,watermelon__lemon,watermelon,lemon,attn2_projection,20,value,head_concat,0.4422028958797455
watermelon__lemon,watermelon__lemon,watermelon,lemon,attn2_projection,23,key,head_mean,0.9900700449943542
watermelon__lemon,watermelon__lemon,watermelon,lemon,attn2_projection,23,key,head_concat,0.996841549873352
watermelon__lemon,watermelon__lemon,watermelon,lemon,attn2_projection,23,value,head_mean,0.4193466603755951
watermelon__lemon,watermelon__lemon,watermelon,lemon,attn2_projection,23,value,head_concat,0.431443452835083
watermelon__pepper,watermelon__pepper,watermelon,pepper,t5_hidden,,hidden,subword_mean,0.365706205368042
watermelon__pepper,watermelon__pepper,watermelon,pepper,caption_projection,,projected,subword_mean,0.40324223041534424
watermelon__pepper,watermelon__pepper,watermelon,pepper,attn2_projection,8,key,head_mean,0.8809378743171692
watermelon__pepper,watermelon__pepper,watermelon,pepper,attn2_projection,8,key,head_concat,0.9310368895530701
watermelon__pepper,watermelon__pepper,watermelon,pepper,attn2_projection,8,value,head_mean,0.42646944522857666
watermelon__pepper,watermelon__pepper,watermelon,pepper,attn2_projection,8,value,head_concat,0.4226819574832916
watermelon__pepper,watermelon__pepper,watermelon,pepper,attn2_projection,11,key,head_mean,0.8742203116416931
watermelon__pepper,watermelon__pepper,watermelon,pepper,attn2_projection,11,key,head_concat,0.9376498460769653
watermelon__pepper,watermelon__pepper,watermelon,pepper,attn2_projection,11,value,head_mean,0.42944857478141785
watermelon__pepper,watermelon__pepper,watermelon,pepper,attn2_projection,11,value,head_concat,0.43038812279701233
watermelon__pepper,watermelon__pepper,watermelon,pepper,attn2_projection,14,key,head_mean,0.9195784330368042
watermelon__pepper,watermelon__pepper,watermelon,pepper,attn2_projection,14,key,head_concat,0.9694861769676208
watermelon__pepper,watermelon__pepper,watermelon,pepper,attn2_projection,14,value,head_mean,0.28490006923675537
watermelon__pepper,watermelon__pepper,watermelon,pepper,attn2_projection,14,value,head_concat,0.28029927611351013
watermelon__pepper,watermelon__pepper,watermelon,pepper,attn2_projection,17,key,head_mean,0.9591338038444519
watermelon__pepper,watermelon__pepper,watermelon,pepper,attn2_projection,17,key,head_concat,0.9801903367042542
watermelon__pepper,watermelon__pepper,watermelon,pepper,attn2_projection,17,value,head_mean,0.37398532032966614
watermelon__pepper,watermelon__pepper,watermelon,pepper,attn2_projection,17,value,head_concat,0.37243300676345825
watermelon__pepper,watermelon__pepper,watermelon,pepper,attn2_projection,20,key,head_mean,0.9879739284515381
watermelon__pepper,watermelon__pepper,watermelon,pepper,attn2_projection,20,key,head_concat,0.9944906234741211
watermelon__pepper,watermelon__pepper,watermelon,pepper,attn2_projection,20,value,head_mean,0.43197232484817505
watermelon__pepper,watermelon__pepper,watermelon,pepper,attn2_projection,20,value,head_concat,0.4430767297744751
watermelon__pepper,watermelon__pepper,watermelon,pepper,attn2_projection,23,key,head_mean,0.989395797252655
watermelon__pepper,watermelon__pepper,watermelon,pepper,attn2_projection,23,key,head_concat,0.9964276552200317
watermelon__pepper,watermelon__pepper,watermelon,pepper,attn2_projection,23,value,head_mean,0.4482461214065552
watermelon__pepper,watermelon__pepper,watermelon,pepper,attn2_projection,23,value,head_concat,0.4536803364753723
zebra__lemon,zebra__lemon,zebra,lemon,t5_hidden,,hidden,subword_mean,0.22903519868850708
zebra__lemon,zebra__lemon,zebra,lemon,caption_projection,,projected,subword_mean,0.333498477935791
zebra__lemon,zebra__lemon,zebra,lemon,attn2_projection,8,key,head_mean,0.8499752879142761
zebra__lemon,zebra__lemon,zebra,lemon,attn2_projection,8,key,head_concat,0.9060990810394287
zebra__lemon,zebra__lemon,zebra,lemon,attn2_projection,8,value,head_mean,0.12549199163913727
zebra__lemon,zebra__lemon,zebra,lemon,attn2_projection,8,value,head_concat,0.12448019534349442
zebra__lemon,zebra__lemon,zebra,lemon,attn2_projection,11,key,head_mean,0.8031124472618103
zebra__lemon,zebra__lemon,zebra,lemon,attn2_projection,11,key,head_concat,0.9038207530975342
zebra__lemon,zebra__lemon,zebra,lemon,attn2_projection,11,value,head_mean,0.11570731550455093
zebra__lemon,zebra__lemon,zebra,lemon,attn2_projection,11,value,head_concat,0.11374586075544357
zebra__lemon,zebra__lemon,zebra,lemon,attn2_projection,14,key,head_mean,0.8866505026817322
zebra__lemon,zebra__lemon,zebra,lemon,attn2_projection,14,key,head_concat,0.9559184312820435
zebra__lemon,zebra__lemon,zebra,lemon,attn2_projection,14,value,head_mean,0.02392679452896118
zebra__lemon,zebra__lemon,zebra,lemon,attn2_projection,14,value,head_concat,0.024158844724297523
zebra__lemon,zebra__lemon,zebra,lemon,attn2_projection,17,key,head_mean,0.9243768453598022
zebra__lemon,zebra__lemon,zebra,lemon,attn2_projection,17,key,head_concat,0.9636538028717041
zebra__lemon,zebra__lemon,zebra,lemon,attn2_projection,17,value,head_mean,0.03266638517379761
zebra__lemon,zebra__lemon,zebra,lemon,attn2_projection,17,value,head_concat,0.0314093753695488
zebra__lemon,zebra__lemon,zebra,lemon,attn2_projection,20,key,head_mean,0.9799819588661194
zebra__lemon,zebra__lemon,zebra,lemon,attn2_projection,20,key,head_concat,0.9916217923164368
zebra__lemon,zebra__lemon,zebra,lemon,attn2_projection,20,value,head_mean,0.05151907727122307
zebra__lemon,zebra__lemon,zebra,lemon,attn2_projection,20,value,head_concat,0.04252688214182854
zebra__lemon,zebra__lemon,zebra,lemon,attn2_projection,23,key,head_mean,0.9859020113945007
zebra__lemon,zebra__lemon,zebra,lemon,attn2_projection,23,key,head_concat,0.9955452084541321
zebra__lemon,zebra__lemon,zebra,lemon,attn2_projection,23,value,head_mean,0.12257371097803116
zebra__lemon,zebra__lemon,zebra,lemon,attn2_projection,23,value,head_concat,0.09739167988300323
zebra__orange,zebra__orange,zebra,orange,t5_hidden,,hidden,subword_mean,0.3169080913066864
zebra__orange,zebra__orange,zebra,orange,caption_projection,,projected,subword_mean,0.37016549706459045
zebra__orange,zebra__orange,zebra,orange,attn2_projection,8,key,head_mean,0.8529955744743347
zebra__orange,zebra__orange,zebra,orange,attn2_projection,8,key,head_concat,0.9177607893943787
zebra__orange,zebra__orange,zebra,orange,attn2_projection,8,value,head_mean,0.10860613733530045
zebra__orange,zebra__orange,zebra,orange,attn2_projection,8,value,head_concat,0.10921173542737961
zebra__orange,zebra__orange,zebra,orange,attn2_projection,11,key,head_mean,0.8388680815696716
zebra__orange,zebra__orange,zebra,orange,attn2_projection,11,key,head_concat,0.9205237627029419
zebra__orange,zebra__orange,zebra,orange,attn2_projection,11,value,head_mean,0.07905907183885574
zebra__orange,zebra__orange,zebra,orange,attn2_projection,11,value,head_concat,0.07599030435085297
zebra__orange,zebra__orange,zebra,orange,attn2_projection,14,key,head_mean,0.9013592004776001
zebra__orange,zebra__orange,zebra,orange,attn2_projection,14,key,head_concat,0.9648958444595337
zebra__orange,zebra__orange,zebra,orange,attn2_projection,14,value,head_mean,-0.014077440835535526
zebra__orange,zebra__orange,zebra,orange,attn2_projection,14,value,head_concat,-0.01224928442388773
zebra__orange,zebra__orange,zebra,orange,attn2_projection,17,key,head_mean,0.9375805258750916
zebra__orange,zebra__orange,zebra,orange,attn2_projection,17,key,head_concat,0.9714512228965759
zebra__orange,zebra__orange,zebra,orange,attn2_projection,17,value,head_mean,0.013223817571997643
zebra__orange,zebra__orange,zebra,orange,attn2_projection,17,value,head_concat,0.008519710972905159
zebra__orange,zebra__orange,zebra,orange,attn2_projection,20,key,head_mean,0.9844817519187927
zebra__orange,zebra__orange,zebra,orange,attn2_projection,20,key,head_concat,0.9931376576423645
zebra__orange,zebra__orange,zebra,orange,attn2_projection,20,value,head_mean,0.09359712153673172
zebra__orange,zebra__orange,zebra,orange,attn2_projection,20,value,head_concat,0.08972404152154922
zebra__orange,zebra__orange,zebra,orange,attn2_projection,23,key,head_mean,0.9881590604782104
zebra__orange,zebra__orange,zebra,orange,attn2_projection,23,key,head_concat,0.9963264465332031
zebra__orange,zebra__orange,zebra,orange,attn2_projection,23,value,head_mean,0.16063542664051056
zebra__orange,zebra__orange,zebra,orange,attn2_projection,23,value,head_concat,0.12171749025583267
zebra__peach,zebra__peach,zebra,peach,t5_hidden,,hidden,subword_mean,0.39033782482147217
zebra__peach,zebra__peach,zebra,peach,caption_projection,,projected,subword_mean,0.38923463225364685
zebra__peach,zebra__peach,zebra,peach,attn2_projection,8,key,head_mean,0.8796203136444092
zebra__peach,zebra__peach,zebra,peach,attn2_projection,8,key,head_concat,0.9328093528747559
zebra__peach,zebra__peach,zebra,peach,attn2_projection,8,value,head_mean,0.12331365048885345
zebra__peach,zebra__peach,zebra,peach,attn2_projection,8,value,head_concat,0.12529553472995758
zebra__peach,zebra__peach,zebra,peach,attn2_projection,11,key,head_mean,0.8563817739486694
zebra__peach,zebra__peach,zebra,peach,attn2_projection,11,key,head_concat,0.9312567710876465
zebra__peach,zebra__peach,zebra,peach,attn2_projection,11,value,head_mean,0.11198914796113968
zebra__peach,zebra__peach,zebra,peach,attn2_projection,11,value,head_concat,0.10291335731744766
zebra__peach,zebra__peach,zebra,peach,attn2_projection,14,key,head_mean,0.902746319770813
zebra__peach,zebra__peach,zebra,peach,attn2_projection,14,key,head_concat,0.966107964515686
zebra__peach,zebra__peach,zebra,peach,attn2_projection,14,value,head_mean,0.020078159868717194
zebra__peach,zebra__peach,zebra,peach,attn2_projection,14,value,head_concat,0.021310897544026375
zebra__peach,zebra__peach,zebra,peach,attn2_projection,17,key,head_mean,0.9417064189910889
zebra__peach,zebra__peach,zebra,peach,attn2_projection,17,key,head_concat,0.9742851853370667
zebra__peach,zebra__peach,zebra,peach,attn2_projection,17,value,head_mean,0.05378264933824539
zebra__peach,zebra__peach,zebra,peach,attn2_projection,17,value,head_concat,0.058877259492874146
zebra__peach,zebra__peach,zebra,peach,attn2_projection,20,key,head_mean,0.9871245622634888
zebra__peach,zebra__peach,zebra,peach,attn2_projection,20,key,head_concat,0.9940677285194397
zebra__peach,zebra__peach,zebra,peach,attn2_projection,20,value,head_mean,0.08649440109729767
zebra__peach,zebra__peach,zebra,peach,attn2_projection,20,value,head_concat,0.08059351146221161
zebra__peach,zebra__peach,zebra,peach,attn2_projection,23,key,head_mean,0.9900954961776733
zebra__peach,zebra__peach,zebra,peach,attn2_projection,23,key,head_concat,0.9969102144241333
zebra__peach,zebra__peach,zebra,peach,attn2_projection,23,value,head_mean,0.19620825350284576
zebra__peach,zebra__peach,zebra,peach,attn2_projection,23,value,head_concat,0.16630390286445618
zebra__pear,zebra__pear,zebra,pear,t5_hidden,,hidden,subword_mean,0.4231448471546173
zebra__pear,zebra__pear,zebra,pear,caption_projection,,projected,subword_mean,0.4633146822452545
zebra__pear,zebra__pear,zebra,pear,attn2_projection,8,key,head_mean,0.9046441316604614
zebra__pear,zebra__pear,zebra,pear,attn2_projection,8,key,head_concat,0.9468308687210083
zebra__pear,zebra__pear,zebra,pear,attn2_projection,8,value,head_mean,0.21312737464904785
zebra__pear,zebra__pear,zebra,pear,attn2_projection,8,value,head_concat,0.2103709578514099
zebra__pear,zebra__pear,zebra,pear,attn2_projection,11,key,head_mean,0.882057249546051
zebra__pear,zebra__pear,zebra,pear,attn2_projection,11,key,head_concat,0.9467188119888306
zebra__pear,zebra__pear,zebra,pear,attn2_projection,11,value,head_mean,0.1823827028274536
zebra__pear,zebra__pear,zebra,pear,attn2_projection,11,value,head_concat,0.1746034175157547
zebra__pear,zebra__pear,zebra,pear,attn2_projection,14,key,head_mean,0.9200100898742676
zebra__pear,zebra__pear,zebra,pear,attn2_projection,14,key,head_concat,0.973861038684845
zebra__pear,zebra__pear,zebra,pear,attn2_projection,14,value,head_mean,0.09016698598861694
zebra__pear,zebra__pear,zebra,pear,attn2_projection,14,value,head_concat,0.09434027224779129
zebra__pear,zebra__pear,zebra,pear,attn2_projection,17,key,head_mean,0.9487408399581909
zebra__pear,zebra__pear,zebra,pear,attn2_projection,17,key,head_concat,0.9795956611633301
zebra__pear,zebra__pear,zebra,pear,attn2_projection,17,value,head_mean,0.1327233463525772
zebra__pear,zebra__pear,zebra,pear,attn2_projection,17,value,head_concat,0.14198064804077148
zebra__pear,zebra__pear,zebra,pear,attn2_projection,20,key,head_mean,0.9904742240905762
zebra__pear,zebra__pear,zebra,pear,attn2_projection,20,key,head_concat,0.9955666661262512
zebra__pear,zebra__pear,zebra,pear,attn2_projection,20,value,head_mean,0.18979685008525848
zebra__pear,zebra__pear,zebra,pear,attn2_projection,20,value,head_concat,0.18563096225261688
zebra__pear,zebra__pear,zebra,pear,attn2_projection,23,key,head_mean,0.9924526214599609
zebra__pear,zebra__pear,zebra,pear,attn2_projection,23,key,head_concat,0.9976625442504883
zebra__pear,zebra__pear,zebra,pear,attn2_projection,23,value,head_mean,0.3350198268890381
zebra__pear,zebra__pear,zebra,pear,attn2_projection,23,value,head_concat,0.3136022090911865
zebra__pumpkin,zebra__pumpkin,zebra,pumpkin,t5_hidden,,hidden,subword_mean,0.1947568655014038
zebra__pumpkin,zebra__pumpkin,zebra,pumpkin,caption_projection,,projected,subword_mean,0.3068268299102783
zebra__pumpkin,zebra__pumpkin,zebra,pumpkin,attn2_projection,8,key,head_mean,0.8365603089332581
zebra__pumpkin,zebra__pumpkin,zebra,pumpkin,attn2_projection,8,key,head_concat,0.8969404101371765
zebra__pumpkin,zebra__pumpkin,zebra,pumpkin,attn2_projection,8,value,head_mean,0.14958398044109344
zebra__pumpkin,zebra__pumpkin,zebra,pumpkin,attn2_projection,8,value,head_concat,0.15143579244613647
zebra__pumpkin,zebra__pumpkin,zebra,pumpkin,attn2_projection,11,key,head_mean,0.8044384121894836
zebra__pumpkin,zebra__pumpkin,zebra,pumpkin,attn2_projection,11,key,head_concat,0.8950904011726379
zebra__pumpkin,zebra__pumpkin,zebra,pumpkin,attn2_projection,11,value,head_mean,0.0949116200208664
zebra__pumpkin,zebra__pumpkin,zebra,pumpkin,attn2_projection,11,value,head_concat,0.09370891004800797
zebra__pumpkin,zebra__pumpkin,zebra,pumpkin,attn2_projection,14,key,head_mean,0.8684970736503601
zebra__pumpkin,zebra__pumpkin,zebra,pumpkin,attn2_projection,14,key,head_concat,0.9502592086791992
zebra__pumpkin,zebra__pumpkin,zebra,pumpkin,attn2_projection,14,value,head_mean,-0.011128908023238182
zebra__pumpkin,zebra__pumpkin,zebra,pumpkin,attn2_projection,14,value,head_concat,-0.01027972623705864
zebra__pumpkin,zebra__pumpkin,zebra,pumpkin,attn2_projection,17,key,head_mean,0.9132572412490845
zebra__pumpkin,zebra__pumpkin,zebra,pumpkin,attn2_projection,17,key,head_concat,0.957302987575531
zebra__pumpkin,zebra__pumpkin,zebra,pumpkin,attn2_projection,17,value,head_mean,0.011844647116959095
zebra__pumpkin,zebra__pumpkin,zebra,pumpkin,attn2_projection,17,value,head_concat,0.016659656539559364
zebra__pumpkin,zebra__pumpkin,zebra,pumpkin,attn2_projection,20,key,head_mean,0.9823603630065918
zebra__pumpkin,zebra__pumpkin,zebra,pumpkin,attn2_projection,20,key,head_concat,0.9911718368530273
zebra__pumpkin,zebra__pumpkin,zebra,pumpkin,attn2_projection,20,value,head_mean,0.09506022930145264
zebra__pumpkin,zebra__pumpkin,zebra,pumpkin,attn2_projection,20,value,head_concat,0.08969061076641083
zebra__pumpkin,zebra__pumpkin,zebra,pumpkin,attn2_projection,23,key,head_mean,0.9824395775794983
zebra__pumpkin,zebra__pumpkin,zebra,pumpkin,attn2_projection,23,key,head_concat,0.994891345500946
zebra__pumpkin,zebra__pumpkin,zebra,pumpkin,attn2_projection,23,value,head_mean,0.14817094802856445
zebra__pumpkin,zebra__pumpkin,zebra,pumpkin,attn2_projection,23,value,head_concat,0.13119566440582275
zebra__watermelon,zebra__watermelon,zebra,watermelon,t5_hidden,,hidden,subword_mean,0.4410571753978729
zebra__watermelon,zebra__watermelon,zebra,watermelon,caption_projection,,projected,subword_mean,0.47295230627059937
zebra__watermelon,zebra__watermelon,zebra,watermelon,attn2_projection,8,key,head_mean,0.8967373967170715
zebra__watermelon,zebra__watermelon,zebra,watermelon,attn2_projection,8,key,head_concat,0.9396555423736572
zebra__watermelon,zebra__watermelon,zebra,watermelon,attn2_projection,8,value,head_mean,0.21509578824043274
zebra__watermelon,zebra__watermelon,zebra,watermelon,attn2_projection,8,value,head_concat,0.2124556303024292
zebra__watermelon,zebra__watermelon,zebra,watermelon,attn2_projection,11,key,head_mean,0.8628217577934265
zebra__watermelon,zebra__watermelon,zebra,watermelon,attn2_projection,11,key,head_concat,0.9373016953468323
zebra__watermelon,zebra__watermelon,zebra,watermelon,attn2_projection,11,value,head_mean,0.181776225566864
zebra__watermelon,zebra__watermelon,zebra,watermelon,attn2_projection,11,value,head_concat,0.17545543611049652
zebra__watermelon,zebra__watermelon,zebra,watermelon,attn2_projection,14,key,head_mean,0.9154831171035767
zebra__watermelon,zebra__watermelon,zebra,watermelon,attn2_projection,14,key,head_concat,0.9706817865371704
zebra__watermelon,zebra__watermelon,zebra,watermelon,attn2_projection,14,value,head_mean,0.09652180224657059
zebra__watermelon,zebra__watermelon,zebra,watermelon,attn2_projection,14,value,head_concat,0.0980185866355896
zebra__watermelon,zebra__watermelon,zebra,watermelon,attn2_projection,17,key,head_mean,0.9495108723640442
zebra__watermelon,zebra__watermelon,zebra,watermelon,attn2_projection,17,key,head_concat,0.9782644510269165
zebra__watermelon,zebra__watermelon,zebra,watermelon,attn2_projection,17,value,head_mean,0.11203180998563766
zebra__watermelon,zebra__watermelon,zebra,watermelon,attn2_projection,17,value,head_concat,0.11660672724246979
zebra__watermelon,zebra__watermelon,zebra,watermelon,attn2_projection,20,key,head_mean,0.989784836769104
zebra__watermelon,zebra__watermelon,zebra,watermelon,attn2_projection,20,key,head_concat,0.9951176047325134
zebra__watermelon,zebra__watermelon,zebra,watermelon,attn2_projection,20,value,head_mean,0.1516723334789276
zebra__watermelon,zebra__watermelon,zebra,watermelon,attn2_projection,20,value,head_concat,0.14857982099056244
zebra__watermelon,zebra__watermelon,zebra,watermelon,attn2_projection,23,key,head_mean,0.9915741682052612
zebra__watermelon,zebra__watermelon,zebra,watermelon,attn2_projection,23,key,head_concat,0.9975215196609497
zebra__watermelon,zebra__watermelon,zebra,watermelon,attn2_projection,23,value,head_mean,0.34407341480255127
zebra__watermelon,zebra__watermelon,zebra,watermelon,attn2_projection,23,value,head_concat,0.31217196583747864
